Id,ActivityDate,TotalSteps,TotalDistance,TrackerDistance,LoggedActivitiesDistance,VeryActiveDistance,ModeratelyActiveDistance,LightActiveDistance,SedentaryActiveDistance,VeryActiveMinutes,FairlyActiveMinutes,LightlyActiveMinutes,SedentaryMinutes,Calories,Date,SleepDay,TotalSleepRecords,TotalMinutesAsleep,TotalTimeInBed,SleepDataStatus,DayName,DayNumber,DayType,TotalActiveMinutes,ActiveHours,SleepHours,SleepEfficiency,WearTimeMinutes,WearTimeCheck,SedentaryPercentage,ActivePercentage,StepsPerActiveMinute,StepsGoalMet,SleepGoalMet,ActivityLevel,WeightLogTime,WeightKg,WeightPounds,Fat,BMI,IsManualReport,LogId,WeightMatch,HourlyRecords,HourlyStepsTotal,HourlyCaloriesTotal,HoursWithSteps,HourlyMatch,HeartRateReadings,HeartRateMean,HeartRateMin,HeartRateMax,HeartRateMatch
1503960366,4/12/2016,13162,8.5,8.5,0.0,1.87999999523163,0.550000011920929,6.05999994277954,0.0,25,13,328,728,1985,2016-04-12,4/12/2016 12:00:00 AM,1.0,327.0,346.0,Available,Tuesday,2,Weekday,366,6.1,5.45,94.51,1094,Within range,66.54,33.46,35.96,Yes,No,10k+,,,,,,,,left_only,24.0,13158.0,1988.0,19.0,both,,,,,left_only
1503960366,4/13/2016,10735,6.96999979019165,6.96999979019165,0.0,1.57000005245209,0.689999997615814,4.71000003814697,0.0,21,19,217,776,1797,2016-04-13,4/13/2016 12:00:00 AM,2.0,384.0,407.0,Available,Wednesday,3,Weekday,257,4.28,6.4,94.35,1033,Within range,75.12,24.88,41.77,Yes,No,10k+,,,,,,,,left_only,24.0,10735.0,1798.0,17.0,both,,,,,left_only
1503960366,4/14/2016,10460,6.73999977111816,6.73999977111816,0.0,2.44000005722046,0.400000005960464,3.91000008583069,0.0,30,11,181,1218,1776,2016-04-14,,,,,Unavailable,Thursday,4,Weekday,222,3.7,,,1440,Within range,84.58,15.42,47.12,Yes,Unknown,10k+,,,,,,,,left_only,24.0,10460.0,1776.0,16.0,both,,,,,left_only
1503960366,4/15/2016,9762,6.28000020980835,6.28000020980835,0.0,2.14000010490417,1.25999999046326,2.82999992370605,0.0,29,34,209,726,1745,2016-04-15,4/15/2016 12:00:00 AM,1.0,412.0,442.0,Available,Friday,5,Weekday,272,4.53,6.87,93.21,998,Within range,72.75,27.25,35.89,No,No,7.5k-10k,,,,,,,,left_only,24.0,9685.0,1745.0,18.0,both,,,,,left_only
1503960366,4/16/2016,12669,8.15999984741211,8.15999984741211,0.0,2.71000003814697,0.409999996423721,5.03999996185303,0.0,36,10,221,773,1863,2016-04-16,4/16/2016 12:00:00 AM,2.0,340.0,367.0,Available,Saturday,6,Weekend,267,4.45,5.67,92.64,1040,Within range,74.33,25.67,47.45,Yes,No,10k+,,,,,,,,left_only,24.0,12669.0,1866.0,21.0,both,,,,,left_only
1503960366,4/17/2016,9705,6.48000001907349,6.48000001907349,0.0,3.19000005722046,0.779999971389771,2.50999999046326,0.0,38,20,164,539,1728,2016-04-17,4/17/2016 12:00:00 AM,1.0,700.0,712.0,Available,Sunday,7,Weekend,222,3.7,11.67,98.31,761,Within range,70.83,29.17,43.72,No,Yes,7.5k-10k,,,,,,,,left_only,24.0,9705.0,1730.0,13.0,both,,,,,left_only
1503960366,4/18/2016,13019,8.59000015258789,8.59000015258789,0.0,3.25,0.639999985694885,4.71000003814697,0.0,42,16,233,1149,1921,2016-04-18,,,,,Unavailable,Monday,1,Weekday,291,4.85,,,1440,Within range,79.79,20.21,44.74,Yes,Unknown,10k+,,,,,,,,left_only,24.0,13019.0,1920.0,16.0,both,,,,,left_only
1503960366,4/19/2016,15506,9.88000011444092,9.88000011444092,0.0,3.52999997138977,1.32000005245209,5.03000020980835,0.0,50,31,264,775,2035,2016-04-19,4/19/2016 12:00:00 AM,1.0,304.0,320.0,Available,Tuesday,2,Weekday,345,5.75,5.07,95.0,1120,Within range,69.2,30.8,44.94,Yes,No,10k+,,,,,,,,left_only,24.0,15506.0,2034.0,20.0,both,,,,,left_only
1503960366,4/20/2016,10544,6.67999982833862,6.67999982833862,0.0,1.96000003814697,0.479999989271164,4.23999977111816,0.0,28,12,205,818,1786,2016-04-20,4/20/2016 12:00:00 AM,1.0,360.0,377.0,Available,Wednesday,3,Weekday,245,4.08,6.0,95.49,1063,Within range,76.95,23.05,43.04,Yes,No,10k+,,,,,,,,left_only,24.0,10544.0,1785.0,19.0,both,,,,,left_only
1503960366,4/21/2016,9819,6.34000015258789,6.34000015258789,0.0,1.3400000333786,0.349999994039536,4.65000009536743,0.0,19,8,211,838,1775,2016-04-21,4/21/2016 12:00:00 AM,1.0,325.0,364.0,Available,Thursday,4,Weekday,238,3.97,5.42,89.29,1076,Within range,77.88,22.12,41.26,No,No,7.5k-10k,,,,,,,,left_only,24.0,9819.0,1777.0,19.0,both,,,,,left_only
1503960366,4/22/2016,12764,8.13000011444092,8.13000011444092,0.0,4.76000022888184,1.12000000476837,2.24000000953674,0.0,66,27,130,1217,1827,2016-04-22,,,,,Unavailable,Friday,5,Weekday,223,3.72,,,1440,Within range,84.51,15.49,57.24,Yes,Unknown,10k+,,,,,,,,left_only,24.0,12764.0,1825.0,14.0,both,,,,,left_only
1503960366,4/23/2016,14371,9.03999996185303,9.03999996185303,0.0,2.80999994277954,0.870000004768372,5.3600001335144,0.0,41,21,262,732,1949,2016-04-23,4/23/2016 12:00:00 AM,1.0,361.0,384.0,Available,Saturday,6,Weekend,324,5.4,6.02,94.01,1056,Within range,69.32,30.68,44.35,Yes,No,10k+,,,,,,,,left_only,24.0,14371.0,1948.0,19.0,both,,,,,left_only
1503960366,4/24/2016,10039,6.40999984741211,6.40999984741211,0.0,2.92000007629395,0.209999993443489,3.27999997138977,0.0,39,5,238,709,1788,2016-04-24,4/24/2016 12:00:00 AM,1.0,430.0,449.0,Available,Sunday,7,Weekend,282,4.7,7.17,95.77,991,Within range,71.54,28.46,35.6,Yes,Yes,10k+,,,,,,,,left_only,24.0,10039.0,1790.0,20.0,both,,,,,left_only
1503960366,4/25/2016,15355,9.80000019073486,9.80000019073486,0.0,5.28999996185303,0.569999992847443,3.94000005722046,0.0,73,14,216,814,2013,2016-04-25,4/25/2016 12:00:00 AM,1.0,277.0,323.0,Available,Monday,1,Weekday,303,5.05,4.62,85.76,1117,Within range,72.87,27.13,50.68,Yes,No,10k+,,,,,,,,left_only,24.0,15355.0,2010.0,22.0,both,,,,,left_only
1503960366,4/26/2016,13755,8.78999996185303,8.78999996185303,0.0,2.32999992370605,0.920000016689301,5.53999996185303,0.0,31,23,279,833,1970,2016-04-26,4/26/2016 12:00:00 AM,1.0,245.0,274.0,Available,Tuesday,2,Weekday,333,5.55,4.08,89.42,1166,Within range,71.44,28.56,41.31,Yes,No,10k+,,,,,,,,left_only,24.0,13755.0,1973.0,21.0,both,,,,,left_only
1503960366,4/27/2016,18134,12.210000038147,12.210000038147,0.0,6.40000009536743,0.409999996423721,5.40999984741211,0.0,78,11,243,1108,2159,2016-04-27,,,,,Unavailable,Wednesday,3,Weekday,332,5.53,,,1440,Within range,76.94,23.06,54.62,Yes,Unknown,10k+,,,,,,,,left_only,24.0,18125.0,2159.0,16.0,both,,,,,left_only
1503960366,4/28/2016,13154,8.52999973297119,8.52999973297119,0.0,3.53999996185303,1.1599999666214,3.78999996185303,0.0,48,28,189,782,1898,2016-04-28,4/28/2016 12:00:00 AM,1.0,366.0,393.0,Available,Thursday,4,Weekday,265,4.42,6.1,93.13,1047,Within range,74.69,25.31,49.64,Yes,No,10k+,,,,,,,,left_only,24.0,13091.0,1901.0,18.0,both,,,,,left_only
1503960366,4/29/2016,11181,7.15000009536743,7.15000009536743,0.0,1.05999994277954,0.5,5.57999992370605,0.0,16,12,243,815,1837,2016-04-29,4/29/2016 12:00:00 AM,1.0,341.0,354.0,Available,Friday,5,Weekday,271,4.52,5.68,96.33,1086,Within range,75.05,24.95,41.26,Yes,No,10k+,,,,,,,,left_only,24.0,11181.0,1839.0,19.0,both,,,,,left_only
1503960366,4/30/2016,14673,9.25,9.25,0.0,3.55999994277954,1.41999995708466,4.26999998092651,0.0,52,34,217,712,1947,2016-04-30,4/30/2016 12:00:00 AM,1.0,404.0,425.0,Available,Saturday,6,Weekend,303,5.05,6.73,95.06,1015,Within range,70.15,29.85,48.43,Yes,No,10k+,,,,,,,,left_only,24.0,14673.0,1947.0,19.0,both,,,,,left_only
1503960366,5/1/2016,10602,6.80999994277954,6.80999994277954,0.0,2.28999996185303,1.60000002384186,2.92000007629395,0.0,33,35,246,730,1820,2016-05-01,5/1/2016 12:00:00 AM,1.0,369.0,396.0,Available,Sunday,7,Weekend,314,5.23,6.15,93.18,1044,Within range,69.92,30.08,33.76,Yes,No,10k+,,,,,,,,left_only,24.0,10602.0,1828.0,21.0,both,,,,,left_only
1503960366,5/2/2016,14727,9.71000003814697,9.71000003814697,0.0,3.21000003814697,0.569999992847443,5.92000007629395,0.0,41,15,277,798,2004,2016-05-02,5/2/2016 12:00:00 AM,1.0,277.0,309.0,Available,Monday,1,Weekday,333,5.55,4.62,89.64,1131,Within range,70.56,29.44,44.23,Yes,No,10k+,2016-05-02 23:59:59,52.5999984741211,115.963146545323,22.0,22.6499996185303,True,1462233599000.0,both,24.0,14710.0,2016.0,19.0,both,,,,,left_only
1503960366,5/3/2016,15103,9.65999984741211,9.65999984741211,0.0,3.73000001907349,1.04999995231628,4.88000011444092,0.0,50,24,254,816,1990,2016-05-03,5/3/2016 12:00:00 AM,1.0,273.0,296.0,Available,Tuesday,2,Weekday,328,5.47,4.55,92.23,1144,Within range,71.33,28.67,46.05,Yes,No,10k+,2016-05-03 23:59:59,52.5999984741211,115.963146545323,,22.6499996185303,True,1462319999000.0,both,24.0,15103.0,1992.0,22.0,both,,,,,left_only
1503960366,5/4/2016,11100,7.15000009536743,7.15000009536743,0.0,2.46000003814697,0.870000004768372,3.8199999332428,0.0,36,22,203,1179,1819,2016-05-04,,,,,Unavailable,Wednesday,3,Weekday,261,4.35,,,1440,Within range,81.88,18.12,42.53,Yes,Unknown,10k+,,,,,,,,left_only,24.0,11100.0,1819.0,17.0,both,,,,,left_only
1503960366,5/5/2016,14070,8.89999961853027,8.89999961853027,0.0,2.92000007629395,1.08000004291534,4.88000011444092,0.0,45,24,250,857,1959,2016-05-05,5/5/2016 12:00:00 AM,1.0,247.0,264.0,Available,Thursday,4,Weekday,319,5.32,4.12,93.56,1176,Within range,72.87,27.13,44.11,Yes,No,10k+,,,,,,,,left_only,24.0,14047.0,1960.0,22.0,both,,,,,left_only
1503960366,5/6/2016,12159,8.02999973297119,8.02999973297119,0.0,1.97000002861023,0.25,5.80999994277954,0.0,24,6,289,754,1896,2016-05-06,5/6/2016 12:00:00 AM,1.0,334.0,367.0,Available,Friday,5,Weekday,319,5.32,5.57,91.01,1073,Within range,70.27,29.73,38.12,Yes,No,10k+,,,,,,,,left_only,24.0,12159.0,1897.0,21.0,both,,,,,left_only
1503960366,5/7/2016,11992,7.71000003814697,7.71000003814697,0.0,2.46000003814697,2.11999988555908,3.13000011444092,0.0,37,46,175,833,1821,2016-05-07,5/7/2016 12:00:00 AM,1.0,331.0,349.0,Available,Saturday,6,Weekend,258,4.3,5.52,94.84,1091,Within range,76.35,23.65,46.48,Yes,No,10k+,,,,,,,,left_only,24.0,11992.0,1819.0,18.0,both,,,,,left_only
1503960366,5/8/2016,10060,6.57999992370605,6.57999992370605,0.0,3.52999997138977,0.319999992847443,2.73000001907349,0.0,44,8,203,574,1740,2016-05-08,5/8/2016 12:00:00 AM,1.0,594.0,611.0,Available,Sunday,7,Weekend,255,4.25,9.9,97.22,829,Within range,69.24,30.76,39.45,Yes,Yes,10k+,,,,,,,,left_only,24.0,10060.0,1740.0,15.0,both,,,,,left_only
1503960366,5/9/2016,12022,7.71999979019165,7.71999979019165,0.0,3.45000004768372,0.529999971389771,3.74000000953674,0.0,46,11,206,835,1819,2016-05-09,5/9/2016 12:00:00 AM,1.0,338.0,342.0,Available,Monday,1,Weekday,263,4.38,5.63,98.83,1098,Within range,76.05,23.95,45.71,Yes,No,10k+,,,,,,,,left_only,24.0,12022.0,1820.0,17.0,both,,,,,left_only
1503960366,5/10/2016,12207,7.76999998092651,7.76999998092651,0.0,3.34999990463257,1.1599999666214,3.25999999046326,0.0,46,31,214,746,1859,2016-05-10,5/10/2016 12:00:00 AM,1.0,383.0,403.0,Available,Tuesday,2,Weekday,291,4.85,6.38,95.04,1037,Within range,71.94,28.06,41.95,Yes,No,10k+,,,,,,,,left_only,24.0,12207.0,1861.0,17.0,both,,,,,left_only
1503960366,5/11/2016,12770,8.13000011444092,8.13000011444092,0.0,2.55999994277954,1.00999999046326,4.55000019073486,0.0,36,23,251,669,1783,2016-05-11,5/11/2016 12:00:00 AM,1.0,285.0,306.0,Available,Wednesday,3,Weekday,310,5.17,4.75,93.14,979,Within range,68.34,31.66,41.19,Yes,No,10k+,,,,,,,,left_only,21.0,11890.0,1724.0,18.0,both,,,,,left_only
1503960366,5/12/2016,0,0.0,0.0,0.0,0.0,0.0,0.0,0.0,0,0,0,1440,0,2016-05-12,,,,,Unavailable,Thursday,4,Weekday,0,0.0,,,1440,Within range,100.0,0.0,,No,Unknown,Under 5k,,,,,,,,left_only,,,,,left_only,,,,,left_only
1624580081,4/12/2016,8163,5.30999994277954,5.30999994277954,0.0,0.0,0.0,5.30999994277954,0.0,0,0,146,1294,1432,2016-04-12,,,,,Unavailable,Tuesday,2,Weekday,146,2.43,,,1440,Within range,89.86,10.14,55.91,No,Unknown,7.5k-10k,,,,,,,,left_only,24.0,8163.0,1433.0,14.0,both,,,,,left_only
1624580081,4/13/2016,7007,4.55000019073486,4.55000019073486,0.0,0.0,0.0,4.55000019073486,0.0,0,0,148,1292,1411,2016-04-13,,,,,Unavailable,Wednesday,3,Weekday,148,2.47,,,1440,Within range,89.72,10.28,47.34,No,Unknown,5k-7.5k,,,,,,,,left_only,24.0,7007.0,1412.0,12.0,both,,,,,left_only
1624580081,4/14/2016,9107,5.92000007629395,5.92000007629395,0.0,0.0,0.0,5.90999984741211,0.0099999997764825,0,0,236,1204,1572,2016-04-14,,,,,Unavailable,Thursday,4,Weekday,236,3.93,,,1440,Within range,83.61,16.39,38.59,No,Unknown,7.5k-10k,,,,,,,,left_only,24.0,9107.0,1575.0,12.0,both,,,,,left_only
1624580081,4/15/2016,1510,0.980000019073486,0.980000019073486,0.0,0.0,0.0,0.970000028610229,0.0,0,0,96,1344,1344,2016-04-15,,,,,Unavailable,Friday,5,Weekday,96,1.6,,,1440,Within range,93.33,6.67,15.73,No,Unknown,Under 5k,,,,,,,,left_only,24.0,1490.0,1346.0,8.0,both,,,,,left_only
1624580081,4/16/2016,5370,3.49000000953674,3.49000000953674,0.0,0.0,0.0,3.49000000953674,0.0,0,0,176,1264,1463,2016-04-16,,,,,Unavailable,Saturday,6,Weekend,176,2.93,,,1440,Within range,87.78,12.22,30.51,No,Unknown,5k-7.5k,,,,,,,,left_only,24.0,5370.0,1466.0,13.0,both,,,,,left_only
1624580081,4/17/2016,6175,4.05999994277954,4.05999994277954,0.0,1.02999997138977,1.51999998092651,1.49000000953674,0.0099999997764825,15,22,127,1276,1554,2016-04-17,,,,,Unavailable,Sunday,7,Weekend,164,2.73,,,1440,Within range,88.61,11.39,37.65,No,Unknown,5k-7.5k,,,,,,,,left_only,24.0,6150.0,1555.0,14.0,both,,,,,left_only
1624580081,4/18/2016,10536,7.40999984741211,7.40999984741211,0.0,2.15000009536743,0.620000004768372,4.61999988555908,0.0099999997764825,17,7,202,1214,1604,2016-04-18,,,,,Unavailable,Monday,1,Weekday,226,3.77,,,1440,Within range,84.31,15.69,46.62,Yes,Unknown,10k+,,,,,,,,left_only,24.0,10536.0,1604.0,17.0,both,,,,,left_only
1624580081,4/19/2016,2916,1.89999997615814,1.89999997615814,0.0,0.0,0.0,1.89999997615814,0.0,0,0,141,1299,1435,2016-04-19,,,,,Unavailable,Tuesday,2,Weekday,141,2.35,,,1440,Within range,90.21,9.79,20.68,No,Unknown,Under 5k,,,,,,,,left_only,24.0,2916.0,1438.0,13.0,both,,,,,left_only
1624580081,4/20/2016,4974,3.23000001907349,3.23000001907349,0.0,0.0,0.0,3.23000001907349,0.0,0,0,151,1289,1446,2016-04-20,,,,,Unavailable,Wednesday,3,Weekday,151,2.52,,,1440,Within range,89.51,10.49,32.94,No,Unknown,Under 5k,,,,,,,,left_only,24.0,4974.0,1448.0,15.0,both,,,,,left_only
1624580081,4/21/2016,6349,4.13000011444092,4.13000011444092,0.0,0.0,0.0,4.1100001335144,0.0199999995529652,0,0,186,1254,1467,2016-04-21,,,,,Unavailable,Thursday,4,Weekday,186,3.1,,,1440,Within range,87.08,12.92,34.13,No,Unknown,5k-7.5k,,,,,,,,left_only,24.0,6349.0,1468.0,15.0,both,,,,,left_only
1624580081,4/22/2016,4026,2.61999988555908,2.61999988555908,0.0,0.0,0.0,2.59999990463257,0.0,0,0,199,1241,1470,2016-04-22,,,,,Unavailable,Friday,5,Weekday,199,3.32,,,1440,Within range,86.18,13.82,20.23,No,Unknown,Under 5k,,,,,,,,left_only,24.0,4002.0,1471.0,15.0,both,,,,,left_only
1624580081,4/23/2016,8538,5.55000019073486,5.55000019073486,0.0,0.0,0.0,5.53999996185303,0.0099999997764825,0,0,227,1213,1562,2016-04-23,,,,,Unavailable,Saturday,6,Weekend,227,3.78,,,1440,Within range,84.24,15.76,37.61,No,Unknown,7.5k-10k,,,,,,,,left_only,24.0,8538.0,1561.0,15.0,both,,,,,left_only
1624580081,4/24/2016,6076,3.95000004768372,3.95000004768372,0.0,1.14999997615814,0.910000026226044,1.88999998569489,0.0,16,18,185,1221,1617,2016-04-24,,,,,Unavailable,Sunday,7,Weekend,219,3.65,,,1440,Within range,84.79,15.21,27.74,No,Unknown,5k-7.5k,,,,,,,,left_only,24.0,6076.0,1618.0,15.0,both,,,,,left_only
1624580081,4/25/2016,6497,4.21999979019165,4.21999979019165,0.0,0.0,0.0,4.19999980926514,0.0199999995529652,0,0,202,1238,1492,2016-04-25,,,,,Unavailable,Monday,1,Weekday,202,3.37,,,1440,Within range,85.97,14.03,32.16,No,Unknown,5k-7.5k,,,,,,,,left_only,24.0,6487.0,1493.0,16.0,both,,,,,left_only
1624580081,4/26/2016,2826,1.8400000333786,1.8400000333786,0.0,0.0,0.0,1.83000004291534,0.0099999997764825,0,0,140,1300,1402,2016-04-26,,,,,Unavailable,Tuesday,2,Weekday,140,2.33,,,1440,Within range,90.28,9.72,20.19,No,Unknown,Under 5k,,,,,,,,left_only,24.0,2826.0,1402.0,13.0,both,,,,,left_only
1624580081,4/27/2016,8367,5.44000005722046,5.44000005722046,0.0,1.11000001430511,1.87000000476837,2.46000003814697,0.0,17,36,154,1233,1670,2016-04-27,,,,,Unavailable,Wednesday,3,Weekday,207,3.45,,,1440,Within range,85.62,14.38,40.42,No,Unknown,7.5k-10k,,,,,,,,left_only,24.0,8367.0,1672.0,15.0,both,,,,,left_only
1624580081,4/28/2016,2759,1.78999996185303,1.78999996185303,0.0,0.0,0.200000002980232,1.60000002384186,0.0,0,5,115,1320,1401,2016-04-28,,,,,Unavailable,Thursday,4,Weekday,120,2.0,,,1440,Within range,91.67,8.33,22.99,No,Unknown,Under 5k,,,,,,,,left_only,24.0,2759.0,1404.0,11.0,both,,,,,left_only
1624580081,4/29/2016,2390,1.54999995231628,1.54999995231628,0.0,0.0,0.0,1.54999995231628,0.0,0,0,150,1290,1404,2016-04-29,,,,,Unavailable,Friday,5,Weekday,150,2.5,,,1440,Within range,89.58,10.42,15.93,No,Unknown,Under 5k,,,,,,,,left_only,24.0,2390.0,1406.0,12.0,both,,,,,left_only
1624580081,4/30/2016,6474,4.30000019073486,4.30000019073486,0.0,0.899999976158142,1.27999997138977,2.11999988555908,0.0099999997764825,11,23,224,1182,1655,2016-04-30,,,,,Unavailable,Saturday,6,Weekend,258,4.3,,,1440,Within range,82.08,17.92,25.09,No,Unknown,5k-7.5k,,,,,,,,left_only,24.0,6474.0,1656.0,15.0,both,,,,,left_only
1624580081,5/1/2016,36019,28.0300006866455,28.0300006866455,0.0,21.9200000762939,4.19000005722046,1.9099999666214,0.0199999995529652,186,63,171,1020,2690,2016-05-01,,,,,Unavailable,Sunday,7,Weekend,420,7.0,,,1440,Within range,70.83,29.17,85.76,Yes,Unknown,10k+,,,,,,,,left_only,24.0,36019.0,2692.0,19.0,both,,,,,left_only
1624580081,5/2/2016,7155,4.92999982833862,4.92999982833862,0.0,0.860000014305115,0.589999973773956,3.47000002861023,0.0,7,6,166,1261,1497,2016-05-02,,,,,Unavailable,Monday,1,Weekday,179,2.98,,,1440,Within range,87.57,12.43,39.97,No,Unknown,5k-7.5k,,,,,,,,left_only,24.0,7155.0,1497.0,15.0,both,,,,,left_only
1624580081,5/3/2016,2100,1.37000000476837,1.37000000476837,0.0,0.0,0.0,1.3400000333786,0.0199999995529652,0,0,96,1344,1334,2016-05-03,,,,,Unavailable,Tuesday,2,Weekday,96,1.6,,,1440,Within range,93.33,6.67,21.88,No,Unknown,Under 5k,,,,,,,,left_only,24.0,2100.0,1334.0,11.0,both,,,,,left_only
1624580081,5/4/2016,2193,1.42999994754791,1.42999994754791,0.0,0.0,0.0,1.41999995708466,0.0,0,0,118,1322,1368,2016-05-04,,,,,Unavailable,Wednesday,3,Weekday,118,1.97,,,1440,Within range,91.81,8.19,18.58,No,Unknown,Under 5k,,,,,,,,left_only,24.0,2193.0,1372.0,14.0,both,,,,,left_only
1624580081,5/5/2016,2470,1.61000001430511,1.61000001430511,0.0,0.0,0.0,1.58000004291534,0.0199999995529652,0,0,117,1323,1370,2016-05-05,,,,,Unavailable,Thursday,4,Weekday,117,1.95,,,1440,Within range,91.88,8.12,21.11,No,Unknown,Under 5k,,,,,,,,left_only,24.0,2470.0,1372.0,14.0,both,,,,,left_only
1624580081,5/6/2016,1727,1.12000000476837,1.12000000476837,0.0,0.0,0.0,1.12000000476837,0.0099999997764825,0,0,102,1338,1341,2016-05-06,,,,,Unavailable,Friday,5,Weekday,102,1.7,,,1440,Within range,92.92,7.08,16.93,No,Unknown,Under 5k,,,,,,,,left_only,24.0,1727.0,1341.0,13.0,both,,,,,left_only
1624580081,5/7/2016,2104,1.37000000476837,1.37000000476837,0.0,0.0,0.0,1.37000000476837,0.0,0,0,182,1258,1474,2016-05-07,,,,,Unavailable,Saturday,6,Weekend,182,3.03,,,1440,Within range,87.36,12.64,11.56,No,Unknown,Under 5k,,,,,,,,left_only,24.0,2104.0,1474.0,13.0,both,,,,,left_only
1624580081,5/8/2016,3427,2.23000001907349,2.23000001907349,0.0,0.0,0.0,2.22000002861023,0.0,0,0,152,1288,1427,2016-05-08,,,,,Unavailable,Sunday,7,Weekend,152,2.53,,,1440,Within range,89.44,10.56,22.55,No,Unknown,Under 5k,,,,,,,,left_only,24.0,3427.0,1426.0,16.0,both,,,,,left_only
1624580081,5/9/2016,1732,1.12999999523163,1.12999999523163,0.0,0.0,0.0,1.12999999523163,0.0,0,0,91,1349,1328,2016-05-09,,,,,Unavailable,Monday,1,Weekday,91,1.52,,,1440,Within range,93.68,6.32,19.03,No,Unknown,Under 5k,,,,,,,,left_only,24.0,1732.0,1329.0,12.0,both,,,,,left_only
1624580081,5/10/2016,2969,1.92999994754791,1.92999994754791,0.0,0.0,0.0,1.91999995708466,0.0099999997764825,0,0,139,1301,1393,2016-05-10,,,,,Unavailable,Tuesday,2,Weekday,139,2.32,,,1440,Within range,90.35,9.65,21.36,No,Unknown,Under 5k,,,,,,,,left_only,24.0,2969.0,1393.0,13.0,both,,,,,left_only
1624580081,5/11/2016,3134,2.03999996185303,2.03999996185303,0.0,0.0,0.0,2.03999996185303,0.0,0,0,112,1328,1359,2016-05-11,,,,,Unavailable,Wednesday,3,Weekday,112,1.87,,,1440,Within range,92.22,7.78,27.98,No,Unknown,Under 5k,,,,,,,,left_only,24.0,3134.0,1363.0,11.0,both,,,,,left_only
1624580081,5/12/2016,2971,1.92999994754791,1.92999994754791,0.0,0.0,0.0,1.91999995708466,0.0099999997764825,0,0,107,890,1002,2016-05-12,,,,,Unavailable,Thursday,4,Weekday,107,1.78,,,997,Within range,89.27,10.73,27.77,No,Unknown,Under 5k,,,,,,,,left_only,16.0,2739.0,959.0,9.0,both,,,,,left_only
1644430081,4/12/2016,10694,7.76999998092651,7.76999998092651,0.0,0.140000000596046,2.29999995231628,5.32999992370605,0.0,2,51,256,1131,3199,2016-04-12,,,,,Unavailable,Tuesday,2,Weekday,309,5.15,,,1440,Within range,78.54,21.46,34.61,Yes,Unknown,10k+,,,,,,,,left_only,24.0,10694.0,3200.0,18.0,both,,,,,left_only
1644430081,4/13/2016,8001,5.82000017166138,5.82000017166138,0.0,2.27999997138977,0.899999976158142,2.64000010490417,0.0,30,16,135,1259,2902,2016-04-13,,,,,Unavailable,Wednesday,3,Weekday,181,3.02,,,1440,Within range,87.43,12.57,44.2,No,Unknown,7.5k-10k,,,,,,,,left_only,24.0,8001.0,2899.0,13.0,both,,,,,left_only
1644430081,4/14/2016,11037,8.02000045776367,8.02000045776367,0.0,0.360000014305115,2.55999994277954,5.09999990463257,0.0,5,58,252,1125,3226,2016-04-14,,,,,Unavailable,Thursday,4,Weekday,315,5.25,,,1440,Within range,78.12,21.88,35.04,Yes,Unknown,10k+,,,,,,,,left_only,24.0,11037.0,3224.0,16.0,both,,,,,left_only
1644430081,4/15/2016,5263,3.82999992370605,3.82999992370605,0.0,0.219999998807907,0.150000005960464,3.45000004768372,0.0,3,4,170,1263,2750,2016-04-15,,,,,Unavailable,Friday,5,Weekday,177,2.95,,,1440,Within range,87.71,12.29,29.73,No,Unknown,5k-7.5k,,,,,,,,left_only,24.0,5263.0,2748.0,17.0,both,,,,,left_only
1644430081,4/16/2016,15300,11.1199998855591,11.1199998855591,0.0,4.09999990463257,1.87999999523163,5.09000015258789,0.0,51,42,212,1135,3493,2016-04-16,,,,,Unavailable,Saturday,6,Weekend,305,5.08,,,1440,Within range,78.82,21.18,50.16,Yes,Unknown,10k+,,,,,,,,left_only,24.0,15223.0,3489.0,13.0,both,,,,,left_only
1644430081,4/17/2016,8757,6.36999988555908,6.36999988555908,0.0,2.25,0.569999992847443,3.54999995231628,0.0,29,13,186,1212,3011,2016-04-17,,,,,Unavailable,Sunday,7,Weekend,228,3.8,,,1440,Within range,84.17,15.83,38.41,No,Unknown,7.5k-10k,,,,,,,,left_only,24.0,8757.0,3007.0,14.0,both,,,,,left_only
1644430081,4/18/2016,7132,5.19000005722046,5.19000005722046,0.0,1.07000005245209,1.66999995708466,2.45000004768372,0.0,15,33,121,1271,2806,2016-04-18,,,,,Unavailable,Monday,1,Weekday,169,2.82,,,1440,Within range,88.26,11.74,42.2,No,Unknown,5k-7.5k,,,,,,,,left_only,24.0,7132.0,2804.0,15.0,both,,,,,left_only
1644430081,4/19/2016,11256,8.18000030517578,8.18000030517578,0.0,0.360000014305115,2.52999997138977,5.30000019073486,0.0,5,58,278,1099,3300,2016-04-19,,,,,Unavailable,Tuesday,2,Weekday,341,5.68,,,1440,Within range,76.32,23.68,33.01,Yes,Unknown,10k+,,,,,,,,left_only,24.0,11231.0,3253.0,16.0,both,,,,,left_only
1644430081,4/20/2016,2436,1.76999998092651,1.76999998092651,0.0,0.0,0.0,1.75999999046326,0.0099999997764825,0,0,125,1315,2430,2016-04-20,,,,,Unavailable,Wednesday,3,Weekday,125,2.08,,,1440,Within range,91.32,8.68,19.49,No,Unknown,Under 5k,,,,,,,,left_only,24.0,2436.0,2430.0,24.0,both,,,,,left_only
1644430081,4/21/2016,1223,0.889999985694885,0.889999985694885,0.0,0.0,0.0,0.879999995231628,0.0099999997764825,0,0,38,1402,2140,2016-04-21,,,,,Unavailable,Thursday,4,Weekday,38,0.63,,,1440,Within range,97.36,2.64,32.18,No,Unknown,Under 5k,,,,,,,,left_only,24.0,1223.0,2135.0,8.0,both,,,,,left_only
1644430081,4/22/2016,3673,2.67000007629395,2.67000007629395,0.0,0.0,0.0,2.66000008583069,0.0099999997764825,0,0,86,1354,2344,2016-04-22,,,,,Unavailable,Friday,5,Weekday,86,1.43,,,1440,Within range,94.03,5.97,42.71,No,Unknown,Under 5k,,,,,,,,left_only,24.0,3673.0,2341.0,10.0,both,,,,,left_only
1644430081,4/23/2016,6637,4.82999992370605,4.82999992370605,0.0,0.0,0.579999983310699,4.25,0.0,0,15,160,1265,2677,2016-04-23,,,,,Unavailable,Saturday,6,Weekend,175,2.92,,,1440,Within range,87.85,12.15,37.93,No,Unknown,5k-7.5k,,,,,,,,left_only,24.0,6637.0,2672.0,10.0,both,,,,,left_only
1644430081,4/24/2016,3321,2.41000008583069,2.41000008583069,0.0,0.0,0.0,2.41000008583069,0.0,0,0,89,1351,2413,2016-04-24,,,,,Unavailable,Sunday,7,Weekend,89,1.48,,,1440,Within range,93.82,6.18,37.31,No,Unknown,Under 5k,,,,,,,,left_only,24.0,3321.0,2410.0,14.0,both,,,,,left_only
1644430081,4/25/2016,3580,2.59999990463257,2.59999990463257,0.0,0.589999973773956,0.0599999986588955,1.95000004768372,0.0,8,1,94,1337,2497,2016-04-25,,,,,Unavailable,Monday,1,Weekday,103,1.72,,,1440,Within range,92.85,7.15,34.76,No,Unknown,Under 5k,,,,,,,,left_only,24.0,3580.0,2493.0,12.0,both,,,,,left_only
1644430081,4/26/2016,9919,7.21000003814697,7.21000003814697,0.0,0.800000011920929,1.72000002861023,4.69000005722046,0.0,11,41,223,1165,3123,2016-04-26,,,,,Unavailable,Tuesday,2,Weekday,275,4.58,,,1440,Within range,80.9,19.1,36.07,No,Unknown,7.5k-10k,,,,,,,,left_only,24.0,9919.0,3118.0,17.0,both,,,,,left_only
1644430081,4/27/2016,3032,2.20000004768372,2.20000004768372,0.0,0.0,0.0,2.20000004768372,0.0,0,0,118,1322,2489,2016-04-27,,,,,Unavailable,Wednesday,3,Weekday,118,1.97,,,1440,Within range,91.81,8.19,25.69,No,Unknown,Under 5k,,,,,,,,left_only,24.0,3032.0,2488.0,13.0,both,,,,,left_only
1644430081,4/28/2016,9405,6.84000015258789,6.84000015258789,0.0,0.200000002980232,2.3199999332428,4.30999994277954,0.0,3,53,227,1157,3108,2016-04-28,,,,,Unavailable,Thursday,4,Weekday,283,4.72,,,1440,Within range,80.35,19.65,33.23,No,Unknown,7.5k-10k,,,,,,,,left_only,24.0,9405.0,3106.0,15.0,both,,,,,left_only
1644430081,4/29/2016,3176,2.30999994277954,2.30999994277954,0.0,0.0,0.0,2.30999994277954,0.0,0,0,120,1193,2498,2016-04-29,4/29/2016 12:00:00 AM,1.0,119.0,127.0,Available,Friday,5,Weekday,120,2.0,1.98,93.7,1313,Within range,90.86,9.14,26.47,No,No,Under 5k,,,,,,,,left_only,24.0,3176.0,2495.0,13.0,both,,,,,left_only
1644430081,4/30/2016,18213,13.2399997711182,13.2399997711182,0.0,0.629999995231628,3.14000010490417,9.46000003814697,0.0,9,71,402,816,3846,2016-04-30,4/30/2016 12:00:00 AM,1.0,124.0,142.0,Available,Saturday,6,Weekend,482,8.03,2.07,87.32,1298,Within range,62.87,37.13,37.79,Yes,No,10k+,,,,,,,,left_only,24.0,18213.0,3843.0,15.0,both,,,,,left_only
1644430081,5/1/2016,6132,4.46000003814697,4.46000003814697,0.0,0.239999994635582,0.990000009536743,3.23000001907349,0.0,3,24,146,908,2696,2016-05-01,,,,,Unavailable,Sunday,7,Weekend,173,2.88,,,1081,Within range,84.0,16.0,35.45,No,Unknown,5k-7.5k,,,,,,,,left_only,24.0,6132.0,2690.0,9.0,both,,,,,left_only
1644430081,5/2/2016,3758,2.73000001907349,2.73000001907349,0.0,0.0700000002980232,0.310000002384186,2.34999990463257,0.0,1,7,148,682,2580,2016-05-02,5/2/2016 12:00:00 AM,1.0,796.0,961.0,Available,Monday,1,Weekday,156,2.6,13.27,82.83,838,Within range,81.38,18.62,24.09,No,Yes,Under 5k,,,,,,,,left_only,24.0,3728.0,2533.0,10.0,both,,,,,left_only
1644430081,5/3/2016,12850,9.34000015258789,9.34000015258789,0.0,0.720000028610229,4.09000015258789,4.53999996185303,0.0,10,94,221,1115,3324,2016-05-03,,,,,Unavailable,Tuesday,2,Weekday,325,5.42,,,1440,Within range,77.43,22.57,39.54,Yes,Unknown,10k+,,,,,,,,left_only,24.0,12789.0,3320.0,17.0,both,,,,,left_only
1644430081,5/4/2016,2309,1.67999994754791,1.67999994754791,0.0,0.0,0.0,1.6599999666214,0.0199999995529652,0,0,52,1388,2222,2016-05-04,,,,,Unavailable,Wednesday,3,Weekday,52,0.87,,,1440,Within range,96.39,3.61,44.4,No,Unknown,Under 5k,,,,,,,,left_only,24.0,2309.0,2219.0,9.0,both,,,,,left_only
1644430081,5/5/2016,4363,3.19000005722046,3.19000005722046,0.0,0.519999980926514,0.540000021457672,2.13000011444092,0.0099999997764825,6,12,81,1341,2463,2016-05-05,,,,,Unavailable,Thursday,4,Weekday,99,1.65,,,1440,Within range,93.12,6.88,44.07,No,Unknown,Under 5k,,,,,,,,left_only,24.0,4363.0,2459.0,10.0,both,,,,,left_only
1644430081,5/6/2016,9787,7.11999988555908,7.11999988555908,0.0,0.819999992847443,0.270000010728836,6.01000022888184,0.0199999995529652,11,6,369,1054,3328,2016-05-06,,,,,Unavailable,Friday,5,Weekday,386,6.43,,,1440,Within range,73.19,26.81,25.35,No,Unknown,7.5k-10k,,,,,,,,left_only,24.0,9758.0,3382.0,24.0,both,,,,,left_only
1644430081,5/7/2016,13372,9.72000026702881,9.72000026702881,0.0,3.25999999046326,0.790000021457672,5.67000007629395,0.0099999997764825,41,17,243,1139,3404,2016-05-07,,,,,Unavailable,Saturday,6,Weekend,301,5.02,,,1440,Within range,79.1,20.9,44.43,Yes,Unknown,10k+,,,,,,,,left_only,24.0,13372.0,3402.0,17.0,both,,,,,left_only
1644430081,5/8/2016,6724,4.8899998664856,4.8899998664856,0.0,0.0,0.0,4.88000011444092,0.0,0,0,295,991,2987,2016-05-08,5/8/2016 12:00:00 AM,1.0,137.0,154.0,Available,Sunday,7,Weekend,295,4.92,2.28,88.96,1286,Within range,77.06,22.94,22.79,No,No,5k-7.5k,,,,,,,,left_only,24.0,6724.0,2987.0,24.0,both,,,,,left_only
1644430081,5/9/2016,6643,4.82999992370605,4.82999992370605,0.0,2.39000010490417,0.349999994039536,2.08999991416931,0.0099999997764825,32,6,303,1099,3008,2016-05-09,,,,,Unavailable,Monday,1,Weekday,341,5.68,,,1440,Within range,76.32,23.68,19.48,No,Unknown,5k-7.5k,,,,,,,,left_only,24.0,6643.0,3004.0,23.0,both,,,,,left_only
1644430081,5/10/2016,9167,6.65999984741211,6.65999984741211,0.0,0.879999995231628,0.810000002384186,4.96999979019165,0.0099999997764825,12,19,155,1254,2799,2016-05-10,,,,,Unavailable,Tuesday,2,Weekday,186,3.1,,,1440,Within range,87.08,12.92,49.28,No,Unknown,7.5k-10k,,,,,,,,left_only,24.0,9167.0,2795.0,11.0,both,,,,,left_only
1644430081,5/11/2016,1329,0.970000028610229,0.970000028610229,0.0,0.0,0.0,0.949999988079071,0.0099999997764825,0,0,49,713,1276,2016-05-11,,,,,Unavailable,Wednesday,3,Weekday,49,0.82,,,762,Within range,93.57,6.43,27.12,No,Unknown,Under 5k,,,,,,,,left_only,12.0,989.0,1179.0,6.0,both,,,,,left_only
1844505072,4/12/2016,6697,4.42999982833862,4.42999982833862,0.0,0.0,0.0,4.42999982833862,0.0,0,0,339,1101,2030,2016-04-12,,,,,Unavailable,Tuesday,2,Weekday,339,5.65,,,1440,Within range,76.46,23.54,19.76,No,Unknown,5k-7.5k,,,,,,,,left_only,24.0,6697.0,2031.0,16.0,both,,,,,left_only
1844505072,4/13/2016,4929,3.25999999046326,3.25999999046326,0.0,0.0,0.0,3.25999999046326,0.0,0,0,248,1192,1860,2016-04-13,,,,,Unavailable,Wednesday,3,Weekday,248,4.13,,,1440,Within range,82.78,17.22,19.88,No,Unknown,Under 5k,,,,,,,,left_only,24.0,4929.0,1860.0,14.0,both,,,,,left_only
1844505072,4/14/2016,7937,5.25,5.25,0.0,0.0,0.0,5.23000001907349,0.0,0,0,373,843,2130,2016-04-14,,,,,Unavailable,Thursday,4,Weekday,373,6.22,,,1216,Within range,69.33,30.67,21.28,No,Unknown,7.5k-10k,,,,,,,,left_only,24.0,7905.0,2128.0,19.0,both,,,,,left_only
1844505072,4/15/2016,3844,2.53999996185303,2.53999996185303,0.0,0.0,0.0,2.53999996185303,0.0,0,0,176,527,1725,2016-04-15,4/15/2016 12:00:00 AM,1.0,644.0,961.0,Available,Friday,5,Weekday,176,2.93,10.73,67.01,703,Within range,74.96,25.04,21.84,No,Yes,Under 5k,,,,,,,,left_only,24.0,3844.0,1723.0,12.0,both,,,,,left_only
1844505072,4/16/2016,3414,2.25999999046326,2.25999999046326,0.0,0.0,0.0,2.25999999046326,0.0,0,0,147,1293,1657,2016-04-16,,,,,Unavailable,Saturday,6,Weekend,147,2.45,,,1440,Within range,89.79,10.21,23.22,No,Unknown,Under 5k,,,,,,,,left_only,24.0,3414.0,1656.0,8.0,both,,,,,left_only
1844505072,4/17/2016,4525,2.99000000953674,2.99000000953674,0.0,0.140000000596046,0.259999990463257,2.58999991416931,0.0,2,8,199,1231,1793,2016-04-17,,,,,Unavailable,Sunday,7,Weekend,209,3.48,,,1440,Within range,85.49,14.51,21.65,No,Unknown,Under 5k,,,,,,,,left_only,24.0,4525.0,1792.0,10.0,both,,,,,left_only
1844505072,4/18/2016,4597,3.03999996185303,3.03999996185303,0.0,0.0,0.479999989271164,2.55999994277954,0.0,0,12,217,1211,1814,2016-04-18,,,,,Unavailable,Monday,1,Weekday,229,3.82,,,1440,Within range,84.1,15.9,20.07,No,Unknown,Under 5k,,,,,,,,left_only,24.0,4597.0,1814.0,15.0,both,,,,,left_only
1844505072,4/19/2016,197,0.129999995231628,0.129999995231628,0.0,0.0,0.0,0.129999995231628,0.0,0,0,10,1430,1366,2016-04-19,,,,,Unavailable,Tuesday,2,Weekday,10,0.17,,,1440,Within range,99.31,0.69,19.7,No,Unknown,Under 5k,,,,,,,,left_only,24.0,197.0,1364.0,2.0,both,,,,,left_only
1844505072,4/20/2016,8,0.0099999997764825,0.0099999997764825,0.0,0.0,0.0,0.0099999997764825,0.0,0,0,1,1439,1349,2016-04-20,,,,,Unavailable,Wednesday,3,Weekday,1,0.02,,,1440,Within range,99.93,0.07,8.0,No,Unknown,Under 5k,,,,,,,,left_only,24.0,8.0,1346.0,1.0,both,,,,,left_only
1844505072,4/21/2016,8054,5.32000017166138,5.32000017166138,0.0,0.119999997317791,0.519999980926514,4.67999982833862,0.0,2,13,308,1117,2062,2016-04-21,,,,,Unavailable,Thursday,4,Weekday,323,5.38,,,1440,Within range,77.57,22.43,24.93,No,Unknown,7.5k-10k,,,,,,,,left_only,24.0,8054.0,2063.0,15.0,both,,,,,left_only
1844505072,4/22/2016,5372,3.54999995231628,3.54999995231628,0.0,0.0,0.0,3.54999995231628,0.0,0,0,220,1220,1827,2016-04-22,,,,,Unavailable,Friday,5,Weekday,220,3.67,,,1440,Within range,84.72,15.28,24.42,No,Unknown,5k-7.5k,,,,,,,,left_only,24.0,5372.0,1828.0,12.0,both,,,,,left_only
1844505072,4/23/2016,3570,2.35999989509583,2.35999989509583,0.0,0.0,0.0,2.35999989509583,0.0,0,0,139,1301,1645,2016-04-23,,,,,Unavailable,Saturday,6,Weekend,139,2.32,,,1440,Within range,90.35,9.65,25.68,No,Unknown,Under 5k,,,,,,,,left_only,24.0,3570.0,1643.0,8.0,both,,,,,left_only
1844505072,4/24/2016,0,0.0,0.0,0.0,0.0,0.0,0.0,0.0,0,0,0,1440,1347,2016-04-24,,,,,Unavailable,Sunday,7,Weekend,0,0.0,,,1440,Within range,100.0,0.0,,No,Unknown,Under 5k,,,,,,,,left_only,24.0,0.0,1344.0,0.0,both,,,,,left_only
1844505072,4/25/2016,0,0.0,0.0,0.0,0.0,0.0,0.0,0.0,0,0,0,1440,1347,2016-04-25,,,,,Unavailable,Monday,1,Weekday,0,0.0,,,1440,Within range,100.0,0.0,,No,Unknown,Under 5k,,,,,,,,left_only,24.0,0.0,1344.0,0.0,both,,,,,left_only
1844505072,4/26/2016,0,0.0,0.0,0.0,0.0,0.0,0.0,0.0,0,0,0,1440,1347,2016-04-26,,,,,Unavailable,Tuesday,2,Weekday,0,0.0,,,1440,Within range,100.0,0.0,,No,Unknown,Under 5k,,,,,,,,left_only,24.0,0.0,1344.0,0.0,both,,,,,left_only
1844505072,4/27/2016,4,0.0,0.0,0.0,0.0,0.0,0.0,0.0,0,0,1,1439,1348,2016-04-27,,,,,Unavailable,Wednesday,3,Weekday,1,0.02,,,1440,Within range,99.93,0.07,4.0,No,Unknown,Under 5k,,,,,,,,left_only,24.0,4.0,1346.0,1.0,both,,,,,left_only
1844505072,4/28/2016,6907,4.57000017166138,4.57000017166138,0.0,0.0,0.0,4.55999994277954,0.0,0,0,302,1138,1992,2016-04-28,,,,,Unavailable,Thursday,4,Weekday,302,5.03,,,1440,Within range,79.03,20.97,22.87,No,Unknown,5k-7.5k,,,,,,,,left_only,24.0,6899.0,1993.0,14.0,both,,,,,left_only
1844505072,4/29/2016,4920,3.25,3.25,0.0,0.0,0.0,3.25,0.0,0,0,247,1082,1856,2016-04-29,,,,,Unavailable,Friday,5,Weekday,247,4.12,,,1329,Within range,81.41,18.59,19.92,No,Unknown,Under 5k,,,,,,,,left_only,24.0,4920.0,1855.0,16.0,both,,,,,left_only
1844505072,4/30/2016,4014,2.67000007629395,2.67000007629395,0.0,0.0,0.0,2.65000009536743,0.0,0,0,184,218,1763,2016-04-30,4/30/2016 12:00:00 AM,1.0,722.0,961.0,Available,Saturday,6,Weekend,184,3.07,12.03,75.13,402,Under 10 hours - review,54.23,45.77,21.82,No,Yes,Under 5k,,,,,,,,left_only,24.0,4014.0,1763.0,13.0,both,,,,,left_only
1844505072,5/1/2016,2573,1.70000004768372,1.70000004768372,0.0,0.0,0.259999990463257,1.45000004768372,0.0,0,7,75,585,1541,2016-05-01,5/1/2016 12:00:00 AM,1.0,590.0,961.0,Available,Sunday,7,Weekend,82,1.37,9.83,61.39,667,Within range,87.71,12.29,31.38,No,Yes,Under 5k,,,,,,,,left_only,24.0,2573.0,1539.0,4.0,both,,,,,left_only
1844505072,5/2/2016,0,0.0,0.0,0.0,0.0,0.0,0.0,0.0,0,0,0,1440,1348,2016-05-02,,,,,Unavailable,Monday,1,Weekday,0,0.0,,,1440,Within range,100.0,0.0,,No,Unknown,Under 5k,,,,,,,,left_only,24.0,0.0,1345.0,0.0,both,,,,,left_only
1844505072,5/3/2016,4059,2.6800000667572,2.6800000667572,0.0,0.0,0.0,2.6800000667572,0.0,0,0,184,1256,1742,2016-05-03,,,,,Unavailable,Tuesday,2,Weekday,184,3.07,,,1440,Within range,87.22,12.78,22.06,No,Unknown,Under 5k,,,,,,,,left_only,24.0,4059.0,1742.0,14.0,both,,,,,left_only
1844505072,5/4/2016,2080,1.37000000476837,1.37000000476837,0.0,0.0,0.0,1.37000000476837,0.0,0,0,87,1353,1549,2016-05-04,,,,,Unavailable,Wednesday,3,Weekday,87,1.45,,,1440,Within range,93.96,6.04,23.91,No,Unknown,Under 5k,,,,,,,,left_only,24.0,2080.0,1547.0,7.0,both,,,,,left_only
1844505072,5/5/2016,2237,1.48000001907349,1.48000001907349,0.0,0.0,0.0,1.48000001907349,0.0,0,0,120,1320,1589,2016-05-05,,,,,Unavailable,Thursday,4,Weekday,120,2.0,,,1440,Within range,91.67,8.33,18.64,No,Unknown,Under 5k,,,,,,,,left_only,24.0,2237.0,1587.0,6.0,both,,,,,left_only
1844505072,5/6/2016,44,0.0299999993294477,0.0299999993294477,0.0,0.0,0.0,0.0299999993294477,0.0,0,0,2,1438,1351,2016-05-06,,,,,Unavailable,Friday,5,Weekday,2,0.03,,,1440,Within range,99.86,0.14,22.0,No,Unknown,Under 5k,,,,,,,,left_only,24.0,44.0,1348.0,1.0,both,,,,,left_only
1844505072,5/7/2016,0,0.0,0.0,0.0,0.0,0.0,0.0,0.0,0,0,0,1440,1347,2016-05-07,,,,,Unavailable,Saturday,6,Weekend,0,0.0,,,1440,Within range,100.0,0.0,,No,Unknown,Under 5k,,,,,,,,left_only,24.0,0.0,1344.0,0.0,both,,,,,left_only
1844505072,5/8/2016,0,0.0,0.0,0.0,0.0,0.0,0.0,0.0,0,0,0,1440,1347,2016-05-08,,,,,Unavailable,Sunday,7,Weekend,0,0.0,,,1440,Within range,100.0,0.0,,No,Unknown,Under 5k,,,,,,,,left_only,24.0,0.0,1344.0,0.0,both,,,,,left_only
1844505072,5/9/2016,0,0.0,0.0,0.0,0.0,0.0,0.0,0.0,0,0,0,1440,1347,2016-05-09,,,,,Unavailable,Monday,1,Weekday,0,0.0,,,1440,Within range,100.0,0.0,,No,Unknown,Under 5k,,,,,,,,left_only,24.0,0.0,1344.0,0.0,both,,,,,left_only
1844505072,5/10/2016,0,0.0,0.0,0.0,0.0,0.0,0.0,0.0,0,0,0,1440,1347,2016-05-10,,,,,Unavailable,Tuesday,2,Weekday,0,0.0,,,1440,Within range,100.0,0.0,,No,Unknown,Under 5k,,,,,,,,left_only,24.0,0.0,1344.0,0.0,both,,,,,left_only
1844505072,5/11/2016,0,0.0,0.0,0.0,0.0,0.0,0.0,0.0,0,0,0,1440,1347,2016-05-11,,,,,Unavailable,Wednesday,3,Weekday,0,0.0,,,1440,Within range,100.0,0.0,,No,Unknown,Under 5k,,,,,,,,left_only,24.0,0.0,1344.0,0.0,both,,,,,left_only
1844505072,5/12/2016,0,0.0,0.0,0.0,0.0,0.0,0.0,0.0,0,0,0,711,665,2016-05-12,,,,,Unavailable,Thursday,4,Weekday,0,0.0,,,711,Within range,100.0,0.0,,No,Unknown,Under 5k,,,,,,,,left_only,11.0,0.0,616.0,0.0,both,,,,,left_only
1927972279,4/12/2016,678,0.469999998807907,0.469999998807907,0.0,0.0,0.0,0.469999998807907,0.0,0,0,55,734,2220,2016-04-12,4/12/2016 12:00:00 AM,3.0,750.0,775.0,Available,Tuesday,2,Weekday,55,0.92,12.5,96.77,789,Within range,93.03,6.97,12.33,No,Yes,Under 5k,,,,,,,,left_only,24.0,678.0,2195.0,12.0,both,,,,,left_only
1927972279,4/13/2016,356,0.25,0.25,0.0,0.0,0.0,0.25,0.0,0,0,32,986,2151,2016-04-13,4/13/2016 12:00:00 AM,1.0,398.0,422.0,Available,Wednesday,3,Weekday,32,0.53,6.63,94.31,1018,Within range,96.86,3.14,11.12,No,No,Under 5k,2016-04-13 01:08:52,133.5,294.317120016975,,47.5400009155273,False,1460509732000.0,both,24.0,356.0,2150.0,8.0,both,,,,,left_only
1927972279,4/14/2016,2163,1.5,1.5,0.0,0.0,0.400000005960464,1.10000002384186,0.0,0,9,88,1292,2383,2016-04-14,,,,,Unavailable,Thursday,4,Weekday,97,1.62,,,1389,Within range,93.02,6.98,22.3,No,Unknown,Under 5k,,,,,,,,left_only,24.0,2163.0,2382.0,10.0,both,,,,,left_only
1927972279,4/15/2016,980,0.680000007152557,0.680000007152557,0.0,0.0,0.0,0.680000007152557,0.0,0,0,51,941,2221,2016-04-15,4/15/2016 12:00:00 AM,2.0,475.0,499.0,Available,Friday,5,Weekday,51,0.85,7.92,95.19,992,Within range,94.86,5.14,19.22,No,Yes,Under 5k,,,,,,,,left_only,24.0,980.0,2222.0,6.0,both,,,,,left_only
1927972279,4/16/2016,0,0.0,0.0,0.0,0.0,0.0,0.0,0.0,0,0,0,1440,2064,2016-04-16,,,,,Unavailable,Saturday,6,Weekend,0,0.0,,,1440,Within range,100.0,0.0,,No,Unknown,Under 5k,,,,,,,,left_only,24.0,0.0,2064.0,0.0,both,,,,,left_only
1927972279,4/17/2016,0,0.0,0.0,0.0,0.0,0.0,0.0,0.0,0,0,0,1440,2063,2016-04-17,,,,,Unavailable,Sunday,7,Weekend,0,0.0,,,1440,Within range,100.0,0.0,,No,Unknown,Under 5k,,,,,,,,left_only,24.0,0.0,2064.0,0.0,both,,,,,left_only
1927972279,4/18/2016,244,0.170000001788139,0.170000001788139,0.0,0.0,0.0,0.170000001788139,0.0,0,0,17,1423,2111,2016-04-18,,,,,Unavailable,Monday,1,Weekday,17,0.28,,,1440,Within range,98.82,1.18,14.35,No,Unknown,Under 5k,,,,,,,,left_only,24.0,244.0,2112.0,2.0,both,,,,,left_only
1927972279,4/19/2016,0,0.0,0.0,0.0,0.0,0.0,0.0,0.0,0,0,0,1440,2063,2016-04-19,,,,,Unavailable,Tuesday,2,Weekday,0,0.0,,,1440,Within range,100.0,0.0,,No,Unknown,Under 5k,,,,,,,,left_only,24.0,0.0,2064.0,0.0,both,,,,,left_only
1927972279,4/20/2016,0,0.0,0.0,0.0,0.0,0.0,0.0,0.0,0,0,0,1440,2063,2016-04-20,,,,,Unavailable,Wednesday,3,Weekday,0,0.0,,,1440,Within range,100.0,0.0,,No,Unknown,Under 5k,,,,,,,,left_only,24.0,0.0,2064.0,0.0,both,,,,,left_only
1927972279,4/21/2016,0,0.0,0.0,0.0,0.0,0.0,0.0,0.0,0,0,0,1440,2064,2016-04-21,,,,,Unavailable,Thursday,4,Weekday,0,0.0,,,1440,Within range,100.0,0.0,,No,Unknown,Under 5k,,,,,,,,left_only,24.0,0.0,2065.0,0.0,both,,,,,left_only
1927972279,4/22/2016,149,0.100000001490116,0.100000001490116,0.0,0.0,0.0,0.100000001490116,0.0,0,0,10,1430,2093,2016-04-22,,,,,Unavailable,Friday,5,Weekday,10,0.17,,,1440,Within range,99.31,0.69,14.9,No,Unknown,Under 5k,,,,,,,,left_only,24.0,149.0,2094.0,3.0,both,,,,,left_only
1927972279,4/23/2016,2945,2.03999996185303,2.03999996185303,0.0,0.0,0.0,2.03999996185303,0.0,0,0,145,1295,2499,2016-04-23,,,,,Unavailable,Saturday,6,Weekend,145,2.42,,,1440,Within range,89.93,10.07,20.31,No,Unknown,Under 5k,,,,,,,,left_only,24.0,2945.0,2500.0,12.0,both,,,,,left_only
1927972279,4/24/2016,2090,1.45000004768372,1.45000004768372,0.0,0.0700000002980232,0.239999994635582,1.13999998569489,0.0,1,6,75,1358,2324,2016-04-24,,,,,Unavailable,Sunday,7,Weekend,82,1.37,,,1440,Within range,94.31,5.69,25.49,No,Unknown,Under 5k,,,,,,,,left_only,24.0,2090.0,2326.0,4.0,both,,,,,left_only
1927972279,4/25/2016,152,0.109999999403954,0.109999999403954,0.0,0.0,0.0,0.109999999403954,0.0,0,0,12,1303,2100,2016-04-25,,,,,Unavailable,Monday,1,Weekday,12,0.2,,,1315,Within range,99.09,0.91,12.67,No,Unknown,Under 5k,,,,,,,,left_only,24.0,152.0,2100.0,2.0,both,,,,,left_only
1927972279,4/26/2016,3761,2.59999990463257,2.59999990463257,0.0,0.0,0.0,2.59999990463257,0.0,0,0,192,1058,2638,2016-04-26,4/26/2016 12:00:00 AM,1.0,296.0,315.0,Available,Tuesday,2,Weekday,192,3.2,4.93,93.97,1250,Within range,84.64,15.36,19.59,No,No,Under 5k,,,,,,,,left_only,24.0,3761.0,2638.0,18.0,both,,,,,left_only
1927972279,4/27/2016,0,0.0,0.0,0.0,0.0,0.0,0.0,0.0,0,0,0,1440,2063,2016-04-27,,,,,Unavailable,Wednesday,3,Weekday,0,0.0,,,1440,Within range,100.0,0.0,,No,Unknown,Under 5k,,,,,,,,left_only,24.0,0.0,2064.0,0.0,both,,,,,left_only
1927972279,4/28/2016,1675,1.1599999666214,1.1599999666214,0.0,0.0,0.0,1.1599999666214,0.0,0,0,95,1167,2351,2016-04-28,4/28/2016 12:00:00 AM,1.0,166.0,178.0,Available,Thursday,4,Weekday,95,1.58,2.77,93.26,1262,Within range,92.47,7.53,17.63,No,No,Under 5k,,,,,,,,left_only,24.0,1675.0,2351.0,13.0,both,,,,,left_only
1927972279,4/29/2016,0,0.0,0.0,0.0,0.0,0.0,0.0,0.0,0,0,0,1440,2063,2016-04-29,,,,,Unavailable,Friday,5,Weekday,0,0.0,,,1440,Within range,100.0,0.0,,No,Unknown,Under 5k,,,,,,,,left_only,24.0,0.0,2064.0,0.0,both,,,,,left_only
1927972279,4/30/2016,0,0.0,0.0,0.0,0.0,0.0,0.0,0.0,0,0,0,1440,2064,2016-04-30,,,,,Unavailable,Saturday,6,Weekend,0,0.0,,,1440,Within range,100.0,0.0,,No,Unknown,Under 5k,,,,,,,,left_only,24.0,0.0,2064.0,0.0,both,,,,,left_only
1927972279,5/1/2016,2704,1.87000000476837,1.87000000476837,0.0,1.00999999046326,0.0299999993294477,0.829999983310699,0.0,14,1,70,1355,2411,2016-05-01,,,,,Unavailable,Sunday,7,Weekend,85,1.42,,,1440,Within range,94.1,5.9,31.81,No,Unknown,Under 5k,,,,,,,,left_only,24.0,2704.0,2411.0,13.0,both,,,,,left_only
1927972279,5/2/2016,3790,2.61999988555908,2.61999988555908,0.0,1.1599999666214,0.300000011920929,1.1599999666214,0.0,16,8,94,1322,2505,2016-05-02,,,,,Unavailable,Monday,1,Weekday,118,1.97,,,1440,Within range,91.81,8.19,32.12,No,Unknown,Under 5k,,,,,,,,left_only,24.0,3790.0,2506.0,9.0,both,,,,,left_only
1927972279,5/3/2016,1326,0.920000016689301,0.920000016689301,0.0,0.730000019073486,0.0,0.180000007152557,0.0,10,0,17,1413,2195,2016-05-03,,,,,Unavailable,Tuesday,2,Weekday,27,0.45,,,1440,Within range,98.12,1.88,49.11,No,Unknown,Under 5k,,,,,,,,left_only,24.0,1326.0,2197.0,3.0,both,,,,,left_only
1927972279,5/4/2016,1786,1.24000000953674,1.24000000953674,0.0,0.0,0.0,1.24000000953674,0.0,0,0,87,1353,2338,2016-05-04,,,,,Unavailable,Wednesday,3,Weekday,87,1.45,,,1440,Within range,93.96,6.04,20.53,No,Unknown,Under 5k,,,,,,,,left_only,24.0,1786.0,2340.0,11.0,both,,,,,left_only
1927972279,5/5/2016,0,0.0,0.0,0.0,0.0,0.0,0.0,0.0,0,0,0,1440,2063,2016-05-05,,,,,Unavailable,Thursday,4,Weekday,0,0.0,,,1440,Within range,100.0,0.0,,No,Unknown,Under 5k,,,,,,,,left_only,24.0,0.0,2064.0,0.0,both,,,,,left_only
1927972279,5/6/2016,2091,1.45000004768372,1.45000004768372,0.0,0.0,0.0,1.45000004768372,0.0,0,0,108,1332,2383,2016-05-06,,,,,Unavailable,Friday,5,Weekday,108,1.8,,,1440,Within range,92.5,7.5,19.36,No,Unknown,Under 5k,,,,,,,,left_only,24.0,2091.0,2384.0,7.0,both,,,,,left_only
1927972279,5/7/2016,1510,1.03999996185303,1.03999996185303,0.0,0.0,0.0,1.03999996185303,0.0,0,0,48,1392,2229,2016-05-07,,,,,Unavailable,Saturday,6,Weekend,48,0.8,,,1440,Within range,96.67,3.33,31.46,No,Unknown,Under 5k,,,,,,,,left_only,24.0,1510.0,2230.0,2.0,both,,,,,left_only
1927972279,5/8/2016,0,0.0,0.0,0.0,0.0,0.0,0.0,0.0,0,0,0,1440,2063,2016-05-08,,,,,Unavailable,Sunday,7,Weekend,0,0.0,,,1440,Within range,100.0,0.0,,No,Unknown,Under 5k,,,,,,,,left_only,24.0,0.0,2064.0,0.0,both,,,,,left_only
1927972279,5/9/2016,0,0.0,0.0,0.0,0.0,0.0,0.0,0.0,0,0,0,1440,2063,2016-05-09,,,,,Unavailable,Monday,1,Weekday,0,0.0,,,1440,Within range,100.0,0.0,,No,Unknown,Under 5k,,,,,,,,left_only,24.0,0.0,2064.0,0.0,both,,,,,left_only
1927972279,5/10/2016,0,0.0,0.0,0.0,0.0,0.0,0.0,0.0,0,0,0,1440,2063,2016-05-10,,,,,Unavailable,Tuesday,2,Weekday,0,0.0,,,1440,Within range,100.0,0.0,,No,Unknown,Under 5k,,,,,,,,left_only,24.0,0.0,2064.0,0.0,both,,,,,left_only
1927972279,5/11/2016,0,0.0,0.0,0.0,0.0,0.0,0.0,0.0,0,0,0,1440,2063,2016-05-11,,,,,Unavailable,Wednesday,3,Weekday,0,0.0,,,1440,Within range,100.0,0.0,,No,Unknown,Under 5k,,,,,,,,left_only,24.0,0.0,2064.0,0.0,both,,,,,left_only
1927972279,5/12/2016,0,0.0,0.0,0.0,0.0,0.0,0.0,0.0,0,0,0,966,1383,2016-05-12,,,,,Unavailable,Thursday,4,Weekday,0,0.0,,,966,Within range,100.0,0.0,,No,Unknown,Under 5k,,,,,,,,left_only,16.0,0.0,1376.0,0.0,both,,,,,left_only
2022484408,4/12/2016,11875,8.34000015258789,8.34000015258789,0.0,3.30999994277954,0.769999980926514,4.26000022888184,0.0,42,14,227,1157,2390,2016-04-12,,,,,Unavailable,Tuesday,2,Weekday,283,4.72,,,1440,Within range,80.35,19.65,41.96,Yes,Unknown,10k+,,,,,,,,left_only,24.0,11875.0,2386.0,13.0,both,4836.0,75.80417700578991,52.0,134.0,both
2022484408,4/13/2016,12024,8.5,8.5,0.0,2.99000000953674,0.100000001490116,5.40999984741211,0.0,43,5,292,1100,2601,2016-04-13,,,,,Unavailable,Wednesday,3,Weekday,340,5.67,,,1440,Within range,76.39,23.61,35.36,Yes,Unknown,10k+,,,,,,,,left_only,24.0,12024.0,2599.0,14.0,both,5332.0,80.33758439609902,51.0,156.0,both
2022484408,4/14/2016,10690,7.5,7.5,0.0,2.48000001907349,0.209999993443489,4.82000017166138,0.0,32,3,257,1148,2312,2016-04-14,,,,,Unavailable,Thursday,4,Weekday,292,4.87,,,1440,Within range,79.72,20.28,36.61,Yes,Unknown,10k+,,,,,,,,left_only,24.0,10690.0,2310.0,14.0,both,5560.0,72.62859712230215,50.0,127.0,both
2022484408,4/15/2016,11034,8.02999973297119,8.02999973297119,0.0,1.94000005722046,0.310000002384186,5.78000020980835,0.0,27,9,282,1122,2525,2016-04-15,,,,,Unavailable,Friday,5,Weekday,318,5.3,,,1440,Within range,77.92,22.08,34.7,Yes,Unknown,10k+,,,,,,,,left_only,24.0,11034.0,2525.0,13.0,both,5302.0,80.43738211995473,53.0,189.0,both
2022484408,4/16/2016,10100,7.09000015258789,7.09000015258789,0.0,3.15000009536743,0.550000011920929,3.39000010490417,0.0,41,11,151,1237,2177,2016-04-16,,,,,Unavailable,Saturday,6,Weekend,203,3.38,,,1440,Within range,85.9,14.1,49.75,Yes,Unknown,10k+,,,,,,,,left_only,24.0,10100.0,2174.0,9.0,both,3143.0,75.96054724785238,49.0,136.0,both
2022484408,4/17/2016,15112,11.3999996185303,11.3999996185303,0.0,3.86999988555908,0.660000026226044,6.88000011444092,0.0,28,29,331,1052,2782,2016-04-17,,,,,Unavailable,Sunday,7,Weekend,388,6.47,,,1440,Within range,73.06,26.94,38.95,Yes,Unknown,10k+,,,,,,,,left_only,24.0,15112.0,2781.0,13.0,both,4948.0,83.9171382376718,52.0,161.0,both
2022484408,4/18/2016,14131,10.0699996948242,10.0699996948242,0.0,3.64000010490417,0.119999997317791,6.30000019073486,0.0,48,3,311,1078,2770,2016-04-18,,,,,Unavailable,Monday,1,Weekday,362,6.03,,,1440,Within range,74.86,25.14,39.04,Yes,Unknown,10k+,,,,,,,,left_only,24.0,14131.0,2768.0,15.0,both,5589.0,82.71282877079979,54.0,153.0,both
2022484408,4/19/2016,11548,8.52999973297119,8.52999973297119,0.0,3.28999996185303,0.239999994635582,5.0,0.0,31,7,250,1152,2489,2016-04-19,,,,,Unavailable,Tuesday,2,Weekday,288,4.8,,,1440,Within range,80.0,20.0,40.1,Yes,Unknown,10k+,,,,,,,,left_only,24.0,11548.0,2484.0,11.0,both,4500.0,81.954,54.0,162.0,both
2022484408,4/20/2016,15112,10.6700000762939,10.6700000762939,0.0,3.33999991416931,1.92999994754791,5.40000009536743,0.0,48,63,276,1053,2897,2016-04-20,,,,,Unavailable,Wednesday,3,Weekday,387,6.45,,,1440,Within range,73.12,26.88,39.05,Yes,Unknown,10k+,,,,,,,,left_only,24.0,15112.0,2896.0,15.0,both,6040.0,83.44403973509934,50.0,166.0,both
2022484408,4/21/2016,12453,8.73999977111816,8.73999977111816,0.0,3.32999992370605,1.11000001430511,4.30999994277954,0.0,104,53,255,1028,3158,2016-04-21,,,,,Unavailable,Thursday,4,Weekday,412,6.87,,,1440,Within range,71.39,28.61,30.23,Yes,Unknown,10k+,,,,,,,,left_only,24.0,12453.0,3157.0,14.0,both,5544.0,86.37481962481962,53.0,203.0,both
2022484408,4/22/2016,12954,9.32999992370605,9.32999992370605,0.0,4.42999982833862,0.419999986886978,4.46999979019165,0.0,52,10,273,1105,2638,2016-04-22,,,,,Unavailable,Friday,5,Weekday,335,5.58,,,1440,Within range,76.74,23.26,38.67,Yes,Unknown,10k+,,,,,,,,left_only,24.0,12954.0,2637.0,15.0,both,5636.0,80.12544357700497,52.0,153.0,both
2022484408,4/23/2016,6001,4.21000003814697,4.21000003814697,0.0,0.0,0.0,4.21000003814697,0.0,0,0,249,1191,2069,2016-04-23,,,,,Unavailable,Saturday,6,Weekend,249,4.15,,,1440,Within range,82.71,17.29,24.1,No,Unknown,5k-7.5k,,,,,,,,left_only,24.0,6001.0,2065.0,11.0,both,4178.0,71.75562470081378,50.0,109.0,both
2022484408,4/24/2016,13481,10.2799997329712,10.2799997329712,0.0,4.55000019073486,1.14999997615814,4.57999992370605,0.0,37,26,216,1161,2529,2016-04-24,,,,,Unavailable,Sunday,7,Weekend,279,4.65,,,1440,Within range,80.62,19.38,48.32,Yes,Unknown,10k+,,,,,,,,left_only,24.0,13481.0,2526.0,11.0,both,4209.0,82.42124019957234,53.0,163.0,both
2022484408,4/25/2016,11369,8.01000022888184,8.01000022888184,0.0,3.32999992370605,0.219999998807907,4.46000003814697,0.0,44,8,217,1171,2470,2016-04-25,,,,,Unavailable,Monday,1,Weekday,269,4.48,,,1440,Within range,81.32,18.68,42.26,Yes,Unknown,10k+,,,,,,,,left_only,24.0,11369.0,2466.0,12.0,both,3812.0,82.59916054564533,49.0,159.0,both
2022484408,4/26/2016,10119,7.19000005722046,7.19000005722046,0.0,1.42999994754791,0.660000026226044,5.1100001335144,0.0,55,24,275,1086,2793,2016-04-26,,,,,Unavailable,Tuesday,2,Weekday,354,5.9,,,1440,Within range,75.42,24.58,28.58,Yes,Unknown,10k+,,,,,,,,left_only,24.0,10119.0,2790.0,14.0,both,5586.0,83.27837450769782,51.0,154.0,both
2022484408,4/27/2016,10159,7.13000011444092,7.13000011444092,0.0,1.03999996185303,0.970000028610229,5.11999988555908,0.0,19,20,282,1119,2463,2016-04-27,,,,,Unavailable,Wednesday,3,Weekday,321,5.35,,,1440,Within range,77.71,22.29,31.65,Yes,Unknown,10k+,,,,,,,,left_only,24.0,10159.0,2458.0,11.0,both,4441.0,80.89912181941004,38.0,145.0,both
2022484408,4/28/2016,10140,7.11999988555908,7.11999988555908,0.0,0.409999996423721,1.33000004291534,5.3899998664856,0.0,6,20,291,1123,2296,2016-04-28,,,,,Unavailable,Thursday,4,Weekday,317,5.28,,,1440,Within range,77.99,22.01,31.99,Yes,Unknown,10k+,,,,,,,,left_only,24.0,10140.0,2295.0,14.0,both,5561.0,71.25103398669305,51.0,114.0,both
2022484408,4/29/2016,10245,7.19000005722046,7.19000005722046,0.0,0.479999989271164,1.21000003814697,5.5,0.0,21,40,281,1098,2611,2016-04-29,,,,,Unavailable,Friday,5,Weekday,342,5.7,,,1440,Within range,76.25,23.75,29.96,Yes,Unknown,10k+,,,,,,,,left_only,24.0,10245.0,2608.0,12.0,both,4832.0,83.41287251655629,50.0,134.0,both
2022484408,4/30/2016,18387,12.9099998474121,12.9099998474121,0.0,0.939999997615814,1.39999997615814,10.5699996948242,0.0,13,23,361,1043,2732,2016-04-30,,,,,Unavailable,Saturday,6,Weekend,397,6.62,,,1440,Within range,72.43,27.57,46.31,Yes,Unknown,10k+,,,,,,,,left_only,24.0,18387.0,2729.0,15.0,both,5486.0,77.54921618665695,51.0,123.0,both
2022484408,5/1/2016,10538,7.40000009536743,7.40000009536743,0.0,1.94000005722046,0.959999978542328,4.5,0.0,25,28,245,1142,2380,2016-05-01,,,,,Unavailable,Sunday,7,Weekend,298,4.97,,,1440,Within range,79.31,20.69,35.36,Yes,Unknown,10k+,,,,,,,,left_only,24.0,10538.0,2377.0,14.0,both,4482.0,73.53145917001339,44.0,118.0,both
2022484408,5/2/2016,10379,7.28999996185303,7.28999996185303,0.0,2.60999989509583,0.340000003576279,4.32999992370605,0.0,36,8,277,1119,2473,2016-05-02,,,,,Unavailable,Monday,1,Weekday,321,5.35,,,1440,Within range,77.71,22.29,32.33,Yes,Unknown,10k+,,,,,,,,left_only,24.0,10379.0,2472.0,13.0,both,7814.0,77.17174302533914,50.0,137.0,both
2022484408,5/3/2016,12183,8.73999977111816,8.73999977111816,0.0,3.99000000953674,0.46000000834465,4.28000020980835,0.0,72,14,250,1104,2752,2016-05-03,,,,,Unavailable,Tuesday,2,Weekday,336,5.6,,,1440,Within range,76.67,23.33,36.26,Yes,Unknown,10k+,,,,,,,,left_only,24.0,12183.0,2750.0,15.0,both,5708.0,83.01962158374212,51.0,169.0,both
2022484408,5/4/2016,11768,8.28999996185303,8.28999996185303,0.0,2.50999999046326,0.930000007152557,4.84999990463257,0.0,36,27,272,1105,2649,2016-05-04,,,,,Unavailable,Wednesday,3,Weekday,335,5.58,,,1440,Within range,76.74,23.26,35.13,Yes,Unknown,10k+,,,,,,,,left_only,24.0,11768.0,2647.0,15.0,both,6225.0,82.8033734939759,54.0,159.0,both
2022484408,5/5/2016,11895,8.35000038146973,8.35000038146973,0.0,2.78999996185303,0.860000014305115,4.69999980926514,0.0,55,20,253,1112,2609,2016-05-05,,,,,Unavailable,Thursday,4,Weekday,328,5.47,,,1440,Within range,77.22,22.78,36.27,Yes,Unknown,10k+,,,,,,,,left_only,24.0,11895.0,2606.0,13.0,both,6749.0,80.71003111572085,55.0,156.0,both
2022484408,5/6/2016,10227,7.17999982833862,7.17999982833862,0.0,1.87000000476837,0.670000016689301,4.6399998664856,0.0,24,17,295,1104,2498,2016-05-06,,,,,Unavailable,Friday,5,Weekday,336,5.6,,,1440,Within range,76.67,23.33,30.44,Yes,Unknown,10k+,,,,,,,,left_only,24.0,10227.0,2497.0,13.0,both,5358.0,81.7220977976857,60.0,118.0,both
2022484408,5/7/2016,6708,4.71000003814697,4.71000003814697,0.0,1.61000001430511,0.0799999982118607,3.01999998092651,0.0,20,2,149,1269,1995,2016-05-07,,,,,Unavailable,Saturday,6,Weekend,171,2.85,,,1440,Within range,88.12,11.88,39.23,No,Unknown,5k-7.5k,,,,,,,,left_only,24.0,6708.0,1992.0,8.0,both,2596.0,76.06818181818181,52.0,128.0,both
2022484408,5/8/2016,3292,2.30999994277954,2.30999994277954,0.0,0.0,0.0,2.30999994277954,0.0,0,0,135,1305,1848,2016-05-08,,,,,Unavailable,Sunday,7,Weekend,135,2.25,,,1440,Within range,90.62,9.38,24.39,No,Unknown,Under 5k,,,,,,,,left_only,24.0,3292.0,1842.0,7.0,both,1720.0,76.95872093023256,53.0,127.0,both
2022484408,5/9/2016,13379,9.39000034332275,9.39000034332275,0.0,2.11999988555908,1.62999999523163,5.6399998664856,0.0,35,47,297,1061,2709,2016-05-09,,,,,Unavailable,Monday,1,Weekday,379,6.32,,,1440,Within range,73.68,26.32,35.3,Yes,Unknown,10k+,,,,,,,,left_only,24.0,13379.0,2709.0,15.0,both,6249.0,81.51448231717075,51.0,133.0,both
2022484408,5/10/2016,12798,8.97999954223633,8.97999954223633,0.0,2.22000002861023,1.21000003814697,5.55999994277954,0.0,57,28,271,1084,2797,2016-05-10,,,,,Unavailable,Tuesday,2,Weekday,356,5.93,,,1440,Within range,75.28,24.72,35.95,Yes,Unknown,10k+,,,,,,,,left_only,24.0,12798.0,2795.0,12.0,both,4894.0,86.58479771148345,57.0,166.0,both
2022484408,5/11/2016,13272,9.31999969482422,9.31999969482422,0.0,4.17999982833862,1.14999997615814,3.99000000953674,0.0,58,25,224,1133,2544,2016-05-11,,,,,Unavailable,Wednesday,3,Weekday,307,5.12,,,1440,Within range,78.68,21.32,43.23,Yes,Unknown,10k+,,,,,,,,left_only,24.0,13272.0,2542.0,11.0,both,4247.0,83.52272192135625,55.0,138.0,both
2022484408,5/12/2016,9117,6.40999984741211,6.40999984741211,0.0,1.27999997138977,0.670000016689301,4.44000005722046,0.0,16,16,236,728,1853,2016-05-12,,,,,Unavailable,Thursday,4,Weekday,268,4.47,,,996,Within range,73.09,26.91,34.02,No,Unknown,7.5k-10k,,,,,,,,left_only,16.0,8339.0,1750.0,9.0,both,3527.0,81.4136660051035,55.0,152.0,both
2026352035,4/12/2016,4414,2.74000000953674,2.74000000953674,0.0,0.189999997615814,0.349999994039536,2.20000004768372,0.0,3,8,181,706,1459,2016-04-12,4/12/2016 12:00:00 AM,1.0,503.0,546.0,Available,Tuesday,2,Weekday,192,3.2,8.38,92.12,898,Within range,78.62,21.38,22.99,No,Yes,Under 5k,,,,,,,,left_only,24.0,4414.0,1460.0,17.0,both,,,,,left_only
2026352035,4/13/2016,4993,3.09999990463257,3.09999990463257,0.0,0.0,0.0,3.09999990463257,0.0,0,0,238,663,1521,2016-04-13,4/13/2016 12:00:00 AM,1.0,531.0,565.0,Available,Wednesday,3,Weekday,238,3.97,8.85,93.98,901,Within range,73.58,26.42,20.98,No,Yes,Under 5k,,,,,,,,left_only,24.0,4993.0,1523.0,20.0,both,,,,,left_only
2026352035,4/14/2016,3335,2.0699999332428,2.0699999332428,0.0,0.0,0.0,2.04999995231628,0.0,0,0,197,653,1431,2016-04-14,4/14/2016 12:00:00 AM,1.0,545.0,568.0,Available,Thursday,4,Weekday,197,3.28,9.08,95.95,850,Within range,76.82,23.18,16.93,No,Yes,Under 5k,,,,,,,,left_only,24.0,3305.0,1435.0,17.0,both,,,,,left_only
2026352035,4/15/2016,3821,2.36999988555908,2.36999988555908,0.0,0.0,0.0,2.36999988555908,0.0,0,0,188,687,1444,2016-04-15,4/15/2016 12:00:00 AM,1.0,523.0,573.0,Available,Friday,5,Weekday,188,3.13,8.72,91.27,875,Within range,78.51,21.49,20.32,No,Yes,Under 5k,,,,,,,,left_only,24.0,3821.0,1445.0,21.0,both,,,,,left_only
2026352035,4/16/2016,2547,1.58000004291534,1.58000004291534,0.0,0.0,0.0,1.58000004291534,0.0,0,0,150,728,1373,2016-04-16,4/16/2016 12:00:00 AM,1.0,524.0,567.0,Available,Saturday,6,Weekend,150,2.5,8.73,92.42,878,Within range,82.92,17.08,16.98,No,Yes,Under 5k,,,,,,,,left_only,24.0,2547.0,1375.0,21.0,both,,,,,left_only
2026352035,4/17/2016,838,0.519999980926514,0.519999980926514,0.0,0.0,0.0,0.519999980926514,0.0,0,0,60,1053,1214,2016-04-17,4/17/2016 12:00:00 AM,1.0,437.0,498.0,Available,Sunday,7,Weekend,60,1.0,7.28,87.75,1113,Within range,94.61,5.39,13.97,No,Yes,Under 5k,,,,,,,,left_only,24.0,838.0,1221.0,8.0,both,192.0,68.65625,63.0,80.0,both
2026352035,4/18/2016,3325,2.05999994277954,2.05999994277954,0.0,0.0,0.0,2.05999994277954,0.0,0,0,182,1062,1419,2016-04-18,,,,,Unavailable,Monday,1,Weekday,182,3.03,,,1244,Within range,85.37,14.63,18.27,No,Unknown,Under 5k,,,,,,,,left_only,24.0,3325.0,1424.0,18.0,both,,,,,left_only
2026352035,4/19/2016,2424,1.5,1.5,0.0,0.0,0.0,1.5,0.0,0,0,141,785,1356,2016-04-19,4/19/2016 12:00:00 AM,1.0,498.0,540.0,Available,Tuesday,2,Weekday,141,2.35,8.3,92.22,926,Within range,84.77,15.23,17.19,No,Yes,Under 5k,,,,,,,,left_only,24.0,2424.0,1357.0,18.0,both,,,,,left_only
2026352035,4/20/2016,7222,4.48000001907349,4.48000001907349,0.0,0.0,0.0,4.48000001907349,0.0,0,0,327,623,1667,2016-04-20,4/20/2016 12:00:00 AM,1.0,461.0,510.0,Available,Wednesday,3,Weekday,327,5.45,7.68,90.39,950,Within range,65.58,34.42,22.09,No,Yes,5k-7.5k,,,,,,,,left_only,24.0,7222.0,1668.0,21.0,both,,,,,left_only
2026352035,4/21/2016,2467,1.52999997138977,1.52999997138977,0.0,0.0,0.0,1.52999997138977,0.0,0,0,153,749,1370,2016-04-21,4/21/2016 12:00:00 AM,1.0,477.0,514.0,Available,Thursday,4,Weekday,153,2.55,7.95,92.8,902,Within range,83.04,16.96,16.12,No,Yes,Under 5k,,,,,,,,left_only,24.0,2467.0,1371.0,19.0,both,,,,,left_only
2026352035,4/22/2016,2915,1.80999994277954,1.80999994277954,0.0,0.0,0.0,1.80999994277954,0.0,0,0,162,712,1399,2016-04-22,4/22/2016 12:00:00 AM,1.0,520.0,545.0,Available,Friday,5,Weekday,162,2.7,8.67,95.41,874,Within range,81.46,18.54,17.99,No,Yes,Under 5k,,,,,,,,left_only,24.0,2915.0,1403.0,17.0,both,,,,,left_only
2026352035,4/23/2016,12357,7.71000003814697,7.71000003814697,0.0,0.0,0.0,7.71000003814697,0.0,0,0,432,458,1916,2016-04-23,4/23/2016 12:00:00 AM,1.0,522.0,554.0,Available,Saturday,6,Weekend,432,7.2,8.7,94.22,890,Within range,51.46,48.54,28.6,Yes,Yes,10k+,,,,,,,,left_only,24.0,12357.0,1917.0,18.0,both,,,,,left_only
2026352035,4/24/2016,3490,2.16000008583069,2.16000008583069,0.0,0.0,0.0,2.16000008583069,0.0,0,0,164,704,1401,2016-04-24,4/24/2016 12:00:00 AM,1.0,555.0,591.0,Available,Sunday,7,Weekend,164,2.73,9.25,93.91,868,Within range,81.11,18.89,21.28,No,Yes,Under 5k,,,,,,,,left_only,24.0,3490.0,1403.0,18.0,both,,,,,left_only
2026352035,4/25/2016,6017,3.73000001907349,3.73000001907349,0.0,0.0,0.0,3.73000001907349,0.0,0,0,260,821,1576,2016-04-25,4/25/2016 12:00:00 AM,1.0,506.0,531.0,Available,Monday,1,Weekday,260,4.33,8.43,95.29,1081,Within range,75.95,24.05,23.14,No,Yes,5k-7.5k,,,,,,,,left_only,24.0,6017.0,1582.0,11.0,both,516.0,99.50581395348837,70.0,125.0,both
2026352035,4/26/2016,5933,3.6800000667572,3.6800000667572,0.0,0.0,0.0,3.6800000667572,0.0,0,0,288,1018,1595,2016-04-26,,,,,Unavailable,Tuesday,2,Weekday,288,4.8,,,1306,Within range,77.95,22.05,20.6,No,Unknown,5k-7.5k,,,,,,,,left_only,24.0,5933.0,1599.0,18.0,both,,,,,left_only
2026352035,4/27/2016,6088,3.76999998092651,3.76999998092651,0.0,0.0,0.0,3.76999998092651,0.0,0,0,286,586,1593,2016-04-27,4/27/2016 12:00:00 AM,1.0,508.0,545.0,Available,Wednesday,3,Weekday,286,4.77,8.47,93.21,872,Within range,67.2,32.8,21.29,No,Yes,5k-7.5k,,,,,,,,left_only,24.0,6088.0,1593.0,21.0,both,,,,,left_only
2026352035,4/28/2016,6375,3.95000004768372,3.95000004768372,0.0,0.0,0.0,3.95000004768372,0.0,0,0,331,626,1649,2016-04-28,4/28/2016 12:00:00 AM,1.0,513.0,545.0,Available,Thursday,4,Weekday,331,5.52,8.55,94.13,957,Within range,65.41,34.59,19.26,No,Yes,5k-7.5k,,,,,,,,left_only,24.0,6375.0,1651.0,20.0,both,,,,,left_only
2026352035,4/29/2016,7604,4.71000003814697,4.71000003814697,0.0,0.0,0.0,4.71000003814697,0.0,0,0,352,492,1692,2016-04-29,4/29/2016 12:00:00 AM,1.0,490.0,510.0,Available,Friday,5,Weekday,352,5.87,8.17,96.08,844,Within range,58.29,41.71,21.6,No,Yes,7.5k-10k,,,,,,,,left_only,24.0,7604.0,1696.0,19.0,both,,,,,left_only
2026352035,4/30/2016,4729,2.9300000667572,2.9300000667572,0.0,0.0,0.0,2.9300000667572,0.0,0,0,233,594,1506,2016-04-30,4/30/2016 12:00:00 AM,1.0,573.0,607.0,Available,Saturday,6,Weekend,233,3.88,9.55,94.4,827,Within range,71.83,28.17,20.3,No,Yes,Under 5k,,,,,,,,left_only,24.0,4729.0,1508.0,15.0,both,,,,,left_only
2026352035,5/1/2016,3609,2.27999997138977,2.27999997138977,0.0,0.0,0.0,2.27999997138977,0.0,0,0,191,716,1447,2016-05-01,5/1/2016 12:00:00 AM,1.0,527.0,546.0,Available,Sunday,7,Weekend,191,3.18,8.78,96.52,907,Within range,78.94,21.06,18.9,No,Yes,Under 5k,,,,,,,,left_only,24.0,3609.0,1449.0,18.0,both,,,,,left_only
2026352035,5/2/2016,7018,4.34999990463257,4.34999990463257,0.0,0.0,0.0,4.34999990463257,0.0,0,0,355,716,1690,2016-05-02,5/2/2016 12:00:00 AM,1.0,511.0,543.0,Available,Monday,1,Weekday,355,5.92,8.52,94.11,1071,Within range,66.85,33.15,19.77,No,Yes,5k-7.5k,,,,,,,,left_only,24.0,7018.0,1695.0,18.0,both,431.0,84.13457076566125,70.0,122.0,both
2026352035,5/3/2016,5992,3.72000002861023,3.72000002861023,0.0,0.0,0.0,3.72000002861023,0.0,0,0,304,981,1604,2016-05-03,,,,,Unavailable,Tuesday,2,Weekday,304,5.07,,,1285,Within range,76.34,23.66,19.71,No,Unknown,5k-7.5k,,,,,,,,left_only,24.0,5992.0,1608.0,16.0,both,,,,,left_only
2026352035,5/4/2016,6564,4.07000017166138,4.07000017166138,0.0,0.0,0.0,4.07000017166138,0.0,0,0,345,530,1658,2016-05-04,5/4/2016 12:00:00 AM,1.0,538.0,560.0,Available,Wednesday,3,Weekday,345,5.75,8.97,96.07,875,Within range,60.57,39.43,19.03,No,Yes,5k-7.5k,,,,,,,,left_only,24.0,6564.0,1660.0,20.0,both,,,,,left_only
2026352035,5/5/2016,12167,7.53999996185303,7.53999996185303,0.0,0.0,0.0,7.53999996185303,0.0,0,0,475,479,1926,2016-05-05,5/5/2016 12:00:00 AM,1.0,468.0,485.0,Available,Thursday,4,Weekday,475,7.92,7.8,96.49,954,Within range,50.21,49.79,25.61,Yes,Yes,10k+,,,,,,,,left_only,24.0,12167.0,1928.0,19.0,both,,,,,left_only
2026352035,5/6/2016,8198,5.07999992370605,5.07999992370605,0.0,0.0,0.0,5.07999992370605,0.0,0,0,383,511,1736,2016-05-06,5/6/2016 12:00:00 AM,1.0,524.0,548.0,Available,Friday,5,Weekday,383,6.38,8.73,95.62,894,Within range,57.16,42.84,21.4,No,Yes,7.5k-10k,,,,,,,,left_only,24.0,8198.0,1739.0,18.0,both,,,,,left_only
2026352035,5/7/2016,4193,2.59999990463257,2.59999990463257,0.0,0.0,0.0,2.59999990463257,0.0,0,0,229,665,1491,2016-05-07,5/7/2016 12:00:00 AM,1.0,511.0,521.0,Available,Saturday,6,Weekend,229,3.82,8.52,98.08,894,Within range,74.38,25.62,18.31,No,Yes,Under 5k,,,,,,,,left_only,24.0,4193.0,1493.0,18.0,both,,,,,left_only
2026352035,5/8/2016,5528,3.45000004768372,3.45000004768372,0.0,0.0,0.0,3.45000004768372,0.0,0,0,258,610,1555,2016-05-08,5/8/2016 12:00:00 AM,1.0,541.0,568.0,Available,Sunday,7,Weekend,258,4.3,9.02,95.25,868,Within range,70.28,29.72,21.43,No,Yes,5k-7.5k,,,,,,,,left_only,24.0,5528.0,1559.0,18.0,both,,,,,left_only
2026352035,5/9/2016,10685,6.61999988555908,6.61999988555908,0.0,0.0,0.0,6.59999990463257,0.0,0,0,401,543,1869,2016-05-09,5/9/2016 12:00:00 AM,1.0,531.0,556.0,Available,Monday,1,Weekday,401,6.68,8.85,95.5,944,Within range,57.52,42.48,26.65,Yes,Yes,10k+,,,,,,,,left_only,24.0,10652.0,1867.0,18.0,both,1351.0,98.2339008142117,70.0,123.0,both
2026352035,5/10/2016,254,0.159999996423721,0.159999996423721,0.0,0.0,0.0,0.159999996423721,0.0,0,0,17,1002,1141,2016-05-10,5/10/2016 12:00:00 AM,1.0,357.0,380.0,Available,Tuesday,2,Weekday,17,0.28,5.95,93.95,1019,Within range,98.33,1.67,14.94,No,No,Under 5k,,,,,,,,left_only,24.0,254.0,1150.0,5.0,both,,,,,left_only
2026352035,5/11/2016,8580,5.32000017166138,5.32000017166138,0.0,0.0,0.0,5.32000017166138,0.0,0,0,330,569,1698,2016-05-11,5/11/2016 12:00:00 AM,1.0,523.0,553.0,Available,Wednesday,3,Weekday,330,5.5,8.72,94.58,899,Within range,63.29,36.71,26.0,No,Yes,7.5k-10k,,,,,,,,left_only,24.0,8580.0,1699.0,20.0,both,,,,,left_only
2026352035,5/12/2016,8891,5.51000022888184,5.51000022888184,0.0,0.0,0.0,5.51000022888184,0.0,0,0,343,330,1364,2016-05-12,5/12/2016 12:00:00 AM,1.0,456.0,485.0,Available,Thursday,4,Weekday,343,5.72,7.6,94.02,673,Within range,49.03,50.97,25.92,No,Yes,7.5k-10k,,,,,,,,left_only,16.0,8449.0,1297.0,12.0,both,,,,,left_only
2320127002,4/12/2016,10725,7.48999977111816,7.48999977111816,0.0,1.16999995708466,0.310000002384186,6.01000022888184,0.0,13,9,306,1112,2124,2016-04-12,,,,,Unavailable,Tuesday,2,Weekday,328,5.47,,,1440,Within range,77.22,22.78,32.7,Yes,Unknown,10k+,,,,,,,,left_only,24.0,10725.0,2122.0,17.0,both,,,,,left_only
2320127002,4/13/2016,7275,4.90000009536743,4.90000009536743,0.0,0.0,0.0,4.90000009536743,0.0,0,0,335,1105,2003,2016-04-13,,,,,Unavailable,Wednesday,3,Weekday,335,5.58,,,1440,Within range,76.74,23.26,21.72,No,Unknown,5k-7.5k,,,,,,,,left_only,24.0,7275.0,2003.0,24.0,both,,,,,left_only
2320127002,4/14/2016,3973,2.6800000667572,2.6800000667572,0.0,0.0,0.0,2.6800000667572,0.0,0,0,191,1249,1696,2016-04-14,,,,,Unavailable,Thursday,4,Weekday,191,3.18,,,1440,Within range,86.74,13.26,20.8,No,Unknown,Under 5k,,,,,,,,left_only,24.0,3973.0,1695.0,14.0,both,,,,,left_only
2320127002,4/15/2016,5205,3.50999999046326,3.50999999046326,0.0,0.0,0.0,3.50999999046326,0.0,0,0,245,1195,1801,2016-04-15,,,,,Unavailable,Friday,5,Weekday,245,4.08,,,1440,Within range,82.99,17.01,21.24,No,Unknown,5k-7.5k,,,,,,,,left_only,24.0,5205.0,1800.0,15.0,both,,,,,left_only
2320127002,4/16/2016,5057,3.41000008583069,3.41000008583069,0.0,0.0,0.0,3.40000009536743,0.0,0,0,195,1245,1724,2016-04-16,,,,,Unavailable,Saturday,6,Weekend,195,3.25,,,1440,Within range,86.46,13.54,25.93,No,Unknown,5k-7.5k,,,,,,,,left_only,24.0,5044.0,1722.0,12.0,both,,,,,left_only
2320127002,4/17/2016,6198,4.17999982833862,4.17999982833862,0.0,0.0,0.0,4.17999982833862,0.0,0,0,249,1191,1852,2016-04-17,,,,,Unavailable,Sunday,7,Weekend,249,4.15,,,1440,Within range,82.71,17.29,24.89,No,Unknown,5k-7.5k,,,,,,,,left_only,24.0,6198.0,1850.0,16.0,both,,,,,left_only
2320127002,4/18/2016,6559,4.42000007629395,4.42000007629395,0.0,0.0,0.259999990463257,4.1399998664856,0.0,0,7,260,1173,1905,2016-04-18,,,,,Unavailable,Monday,1,Weekday,267,4.45,,,1440,Within range,81.46,18.54,24.57,No,Unknown,5k-7.5k,,,,,,,,left_only,24.0,6538.0,1903.0,18.0,both,,,,,left_only
2320127002,4/19/2016,5997,4.03999996185303,4.03999996185303,0.0,0.0,0.379999995231628,3.66000008583069,0.0,0,11,228,1201,1811,2016-04-19,,,,,Unavailable,Tuesday,2,Weekday,239,3.98,,,1440,Within range,83.4,16.6,25.09,No,Unknown,5k-7.5k,,,,,,,,left_only,24.0,5997.0,1808.0,12.0,both,,,,,left_only
2320127002,4/20/2016,7192,4.84999990463257,4.84999990463257,0.0,0.0,0.490000009536743,4.34000015258789,0.0,0,11,283,1146,1922,2016-04-20,,,,,Unavailable,Wednesday,3,Weekday,294,4.9,,,1440,Within range,79.58,20.42,24.46,No,Unknown,5k-7.5k,,,,,,,,left_only,24.0,7162.0,1920.0,13.0,both,,,,,left_only
2320127002,4/21/2016,3404,2.28999996185303,2.28999996185303,0.0,0.0599999986588955,0.419999986886978,1.80999994277954,0.0,1,10,127,1302,1610,2016-04-21,,,,,Unavailable,Thursday,4,Weekday,138,2.3,,,1440,Within range,90.42,9.58,24.67,No,Unknown,Under 5k,,,,,,,,left_only,24.0,3404.0,1608.0,9.0,both,,,,,left_only
2320127002,4/22/2016,5583,3.75999999046326,3.75999999046326,0.0,0.0,0.0,3.75999999046326,0.0,0,0,266,1174,1851,2016-04-22,,,,,Unavailable,Friday,5,Weekday,266,4.43,,,1440,Within range,81.53,18.47,20.99,No,Unknown,5k-7.5k,,,,,,,,left_only,24.0,5583.0,1848.0,17.0,both,,,,,left_only
2320127002,4/23/2016,5079,3.42000007629395,3.42000007629395,0.0,0.0,0.0,3.42000007629395,0.0,0,0,242,1129,1804,2016-04-23,4/23/2016 12:00:00 AM,1.0,61.0,69.0,Available,Saturday,6,Weekend,242,4.03,1.02,88.41,1371,Within range,82.35,17.65,20.99,No,No,5k-7.5k,,,,,,,,left_only,24.0,5079.0,1801.0,16.0,both,,,,,left_only
2320127002,4/24/2016,4165,2.80999994277954,2.80999994277954,0.0,0.0,0.0,2.79999995231628,0.0,0,0,204,1236,1725,2016-04-24,,,,,Unavailable,Sunday,7,Weekend,204,3.4,,,1440,Within range,85.83,14.17,20.42,No,Unknown,Under 5k,,,,,,,,left_only,24.0,4159.0,1725.0,12.0,both,,,,,left_only
2320127002,4/25/2016,3588,2.42000007629395,2.42000007629395,0.0,0.230000004172325,0.200000002980232,1.99000000953674,0.0,3,5,152,1280,1654,2016-04-25,,,,,Unavailable,Monday,1,Weekday,160,2.67,,,1440,Within range,88.89,11.11,22.42,No,Unknown,Under 5k,,,,,,,,left_only,24.0,3588.0,1653.0,11.0,both,,,,,left_only
2320127002,4/26/2016,3409,2.29999995231628,2.29999995231628,0.0,0.0,0.0,2.29999995231628,0.0,0,0,147,1293,1632,2016-04-26,,,,,Unavailable,Tuesday,2,Weekday,147,2.45,,,1440,Within range,89.79,10.21,23.19,No,Unknown,Under 5k,,,,,,,,left_only,24.0,3409.0,1629.0,10.0,both,,,,,left_only
2320127002,4/27/2016,1715,1.1599999666214,1.1599999666214,0.0,0.0,0.0,1.1599999666214,0.0,0,0,82,1358,1481,2016-04-27,,,,,Unavailable,Wednesday,3,Weekday,82,1.37,,,1440,Within range,94.31,5.69,20.91,No,Unknown,Under 5k,,,,,,,,left_only,24.0,1715.0,1479.0,6.0,both,,,,,left_only
2320127002,4/28/2016,1532,1.02999997138977,1.02999997138977,0.0,0.0,0.0,1.02999997138977,0.0,0,0,76,1364,1473,2016-04-28,,,,,Unavailable,Thursday,4,Weekday,76,1.27,,,1440,Within range,94.72,5.28,20.16,No,Unknown,Under 5k,,,,,,,,left_only,24.0,1532.0,1469.0,5.0,both,,,,,left_only
2320127002,4/29/2016,924,0.620000004768372,0.620000004768372,0.0,0.0,0.0,0.620000004768372,0.0,0,0,45,1395,1410,2016-04-29,,,,,Unavailable,Friday,5,Weekday,45,0.75,,,1440,Within range,96.88,3.12,20.53,No,Unknown,Under 5k,,,,,,,,left_only,24.0,924.0,1407.0,3.0,both,,,,,left_only
2320127002,4/30/2016,4571,3.07999992370605,3.07999992370605,0.0,0.0,0.0,3.0699999332428,0.0,0,0,234,1206,1779,2016-04-30,,,,,Unavailable,Saturday,6,Weekend,234,3.9,,,1440,Within range,83.75,16.25,19.53,No,Unknown,Under 5k,,,,,,,,left_only,24.0,4558.0,1776.0,15.0,both,,,,,left_only
2320127002,5/1/2016,772,0.519999980926514,0.519999980926514,0.0,0.0,0.0,0.519999980926514,0.0,0,0,40,1400,1403,2016-05-01,,,,,Unavailable,Sunday,7,Weekend,40,0.67,,,1440,Within range,97.22,2.78,19.3,No,Unknown,Under 5k,,,,,,,,left_only,24.0,772.0,1400.0,3.0,both,,,,,left_only
2320127002,5/2/2016,3634,2.45000004768372,2.45000004768372,0.0,0.360000014305115,0.209999993443489,1.87999999523163,0.0,5,6,123,1306,1613,2016-05-02,,,,,Unavailable,Monday,1,Weekday,134,2.23,,,1440,Within range,90.69,9.31,27.12,No,Unknown,Under 5k,,,,,,,,left_only,24.0,3634.0,1609.0,8.0,both,,,,,left_only
2320127002,5/3/2016,7443,5.01999998092651,5.01999998092651,0.0,1.49000000953674,0.370000004768372,3.16000008583069,0.0,20,10,206,1204,1878,2016-05-03,,,,,Unavailable,Tuesday,2,Weekday,236,3.93,,,1440,Within range,83.61,16.39,31.54,No,Unknown,5k-7.5k,,,,,,,,left_only,24.0,7443.0,1876.0,11.0,both,,,,,left_only
2320127002,5/4/2016,1201,0.810000002384186,0.810000002384186,0.0,0.0,0.0,0.810000002384186,0.0,0,0,52,1388,1426,2016-05-04,,,,,Unavailable,Wednesday,3,Weekday,52,0.87,,,1440,Within range,96.39,3.61,23.1,No,Unknown,Under 5k,,,,,,,,left_only,24.0,1201.0,1422.0,3.0,both,,,,,left_only
2320127002,5/5/2016,5202,3.50999999046326,3.50999999046326,0.0,0.0,0.389999985694885,3.10999989509583,0.0,0,11,223,1206,1780,2016-05-05,,,,,Unavailable,Thursday,4,Weekday,234,3.9,,,1440,Within range,83.75,16.25,22.23,No,Unknown,5k-7.5k,,,,,,,,left_only,24.0,5202.0,1779.0,14.0,both,,,,,left_only
2320127002,5/6/2016,4878,3.28999996185303,3.28999996185303,0.0,0.0,0.0,3.28999996185303,0.0,0,0,204,1236,1742,2016-05-06,,,,,Unavailable,Friday,5,Weekday,204,3.4,,,1440,Within range,85.83,14.17,23.91,No,Unknown,Under 5k,,,,,,,,left_only,24.0,4878.0,1738.0,12.0,both,,,,,left_only
2320127002,5/7/2016,7379,4.96999979019165,4.96999979019165,0.0,0.0,0.0,4.96999979019165,0.0,0,0,319,1121,1972,2016-05-07,,,,,Unavailable,Saturday,6,Weekend,319,5.32,,,1440,Within range,77.85,22.15,23.13,No,Unknown,5k-7.5k,,,,,,,,left_only,24.0,7379.0,1973.0,17.0,both,,,,,left_only
2320127002,5/8/2016,5161,3.48000001907349,3.48000001907349,0.0,0.0,0.0,3.47000002861023,0.0,0,0,247,1193,1821,2016-05-08,,,,,Unavailable,Sunday,7,Weekend,247,4.12,,,1440,Within range,82.85,17.15,20.89,No,Unknown,5k-7.5k,,,,,,,,left_only,24.0,5153.0,1820.0,15.0,both,,,,,left_only
2320127002,5/9/2016,3090,2.07999992370605,2.07999992370605,0.0,0.0,0.0,2.07999992370605,0.0,0,0,145,1295,1630,2016-05-09,,,,,Unavailable,Monday,1,Weekday,145,2.42,,,1440,Within range,89.93,10.07,21.31,No,Unknown,Under 5k,,,,,,,,left_only,24.0,3090.0,1627.0,11.0,both,,,,,left_only
2320127002,5/10/2016,6227,4.19999980926514,4.19999980926514,0.0,0.0,0.0,4.19999980926514,0.0,0,0,290,1150,1899,2016-05-10,,,,,Unavailable,Tuesday,2,Weekday,290,4.83,,,1440,Within range,79.86,20.14,21.47,No,Unknown,5k-7.5k,,,,,,,,left_only,24.0,6227.0,1899.0,16.0,both,,,,,left_only
2320127002,5/11/2016,6424,4.32999992370605,4.32999992370605,0.0,0.0,0.0,4.32999992370605,0.0,0,0,300,1140,1903,2016-05-11,,,,,Unavailable,Wednesday,3,Weekday,300,5.0,,,1440,Within range,79.17,20.83,21.41,No,Unknown,5k-7.5k,,,,,,,,left_only,24.0,6424.0,1904.0,15.0,both,,,,,left_only
2320127002,5/12/2016,2661,1.78999996185303,1.78999996185303,0.0,0.0,0.0,1.78999996185303,0.0,0,0,128,830,1125,2016-05-12,,,,,Unavailable,Thursday,4,Weekday,128,2.13,,,958,Within range,86.64,13.36,20.79,No,Unknown,Under 5k,,,,,,,,left_only,15.0,2564.0,1063.0,6.0,both,,,,,left_only
2347167796,4/12/2016,10113,6.82999992370605,6.82999992370605,0.0,2.0,0.620000004768372,4.19999980926514,0.0,28,13,320,964,2344,2016-04-12,,,,,Unavailable,Tuesday,2,Weekday,361,6.02,,,1325,Within range,72.75,27.25,28.01,Yes,Unknown,10k+,,,,,,,,left_only,24.0,10113.0,2342.0,16.0,both,6753.0,86.08233377758033,57.0,172.0,both
2347167796,4/13/2016,10352,7.01000022888184,7.01000022888184,0.0,1.6599999666214,1.94000005722046,3.41000008583069,0.0,19,32,195,676,2038,2016-04-13,4/13/2016 12:00:00 AM,1.0,467.0,531.0,Available,Wednesday,3,Weekday,246,4.1,7.78,87.95,922,Within range,73.32,26.68,42.08,Yes,Yes,10k+,,,,,,,,left_only,24.0,10352.0,2039.0,17.0,both,9268.0,73.81290461804058,55.0,158.0,both
2347167796,4/14/2016,10129,6.69999980926514,6.69999980926514,0.0,0.0199999995529652,2.74000000953674,3.94000005722046,0.0,1,48,206,705,2010,2016-04-14,4/14/2016 12:00:00 AM,1.0,445.0,489.0,Available,Thursday,4,Weekday,255,4.25,7.42,91.0,960,Within range,73.44,26.56,39.72,Yes,Yes,10k+,,,,,,,,left_only,24.0,10129.0,2012.0,18.0,both,9153.0,72.57948213700426,52.0,154.0,both
2347167796,4/15/2016,10465,6.92000007629395,6.92000007629395,0.0,0.0700000002980232,1.41999995708466,5.42999982833862,0.0,1,24,284,720,2133,2016-04-15,4/15/2016 12:00:00 AM,1.0,452.0,504.0,Available,Friday,5,Weekday,309,5.15,7.53,89.68,1029,Within range,69.97,30.03,33.87,Yes,Yes,10k+,,,,,,,,left_only,24.0,10465.0,2136.0,18.0,both,9557.0,75.68525687977399,55.0,136.0,both
2347167796,4/16/2016,22244,15.0799999237061,15.0799999237061,0.0,5.44999980926514,4.09999990463257,5.53000020980835,0.0,66,72,268,968,2670,2016-04-16,,,,,Unavailable,Saturday,6,Weekend,406,6.77,,,1374,Within range,70.45,29.55,54.79,Yes,Unknown,10k+,,,,,,,,left_only,24.0,22244.0,2667.0,13.0,both,9035.0,96.62390702822357,58.0,168.0,both
2347167796,4/17/2016,5472,3.61999988555908,3.61999988555908,0.0,0.0799999982118607,0.280000001192093,3.25999999046326,0.0,1,7,249,508,1882,2016-04-17,4/17/2016 12:00:00 AM,1.0,556.0,602.0,Available,Sunday,7,Weekend,257,4.28,9.27,92.36,765,Within range,66.41,33.59,21.29,No,Yes,5k-7.5k,,,,,,,,left_only,24.0,5472.0,1884.0,16.0,both,8990.0,75.36218020022247,55.0,134.0,both
2347167796,4/18/2016,8247,5.44999980926514,5.44999980926514,0.0,0.790000021457672,0.860000014305115,3.78999996185303,0.0,11,16,206,678,1944,2016-04-18,4/18/2016 12:00:00 AM,1.0,500.0,557.0,Available,Monday,1,Weekday,233,3.88,8.33,89.77,911,Within range,74.42,25.58,35.39,No,Yes,7.5k-10k,,,,,,,,left_only,24.0,8247.0,1947.0,18.0,both,9339.0,71.23214476924724,53.0,134.0,both
2347167796,4/19/2016,6711,4.44000005722046,4.44000005722046,0.0,0.0,0.0,4.44000005722046,0.0,0,7,382,648,2346,2016-04-19,4/19/2016 12:00:00 AM,1.0,465.0,514.0,Available,Tuesday,2,Weekday,389,6.48,7.75,90.47,1037,Within range,62.49,37.51,17.25,No,Yes,5k-7.5k,,,,,,,,left_only,24.0,6711.0,2344.0,17.0,both,7824.0,81.30099693251533,53.0,195.0,both
2347167796,4/20/2016,10999,7.26999998092651,7.26999998092651,0.0,0.680000007152557,1.80999994277954,4.78000020980835,0.0,11,43,269,1011,2198,2016-04-20,,,,,Unavailable,Wednesday,3,Weekday,323,5.38,,,1334,Within range,75.79,24.21,34.05,Yes,Unknown,10k+,,,,,,,,left_only,24.0,10999.0,2195.0,16.0,both,7156.0,78.18208496366685,53.0,161.0,both
2347167796,4/21/2016,10080,6.75,6.75,0.0,1.85000002384186,1.52999997138977,3.38000011444092,0.0,23,26,208,761,2048,2016-04-21,4/21/2016 12:00:00 AM,1.0,460.0,484.0,Available,Thursday,4,Weekday,257,4.28,7.67,95.04,1018,Within range,74.75,25.25,39.22,Yes,Yes,10k+,,,,,,,,left_only,24.0,10080.0,2051.0,19.0,both,9289.0,73.41425341802132,51.0,171.0,both
2347167796,4/22/2016,7804,5.15999984741211,5.15999984741211,0.0,0.560000002384186,1.67999994754791,2.92000007629395,0.0,9,27,206,781,1946,2016-04-22,4/22/2016 12:00:00 AM,1.0,405.0,461.0,Available,Friday,5,Weekday,242,4.03,6.75,87.85,1023,Within range,76.34,23.66,32.25,No,No,7.5k-10k,,,,,,,,left_only,24.0,7804.0,1947.0,18.0,both,9172.0,71.99640209332752,53.0,165.0,both
2347167796,4/23/2016,16901,11.3699998855591,11.3699998855591,0.0,2.77999997138977,1.45000004768372,7.15000009536743,0.0,32,35,360,591,2629,2016-04-23,4/23/2016 12:00:00 AM,1.0,374.0,386.0,Available,Saturday,6,Weekend,427,7.12,6.23,96.89,1018,Within range,58.06,41.94,39.58,Yes,No,10k+,,,,,,,,left_only,24.0,16901.0,2628.0,19.0,both,9543.0,83.43309231897726,53.0,157.0,both
2347167796,4/24/2016,9471,6.26000022888184,6.26000022888184,0.0,0.0,0.0,6.26000022888184,0.0,0,0,360,584,2187,2016-04-24,4/24/2016 12:00:00 AM,1.0,442.0,459.0,Available,Sunday,7,Weekend,360,6.0,7.37,96.3,944,Within range,61.86,38.14,26.31,No,Yes,7.5k-10k,,,,,,,,left_only,24.0,9471.0,2187.0,16.0,both,8832.0,77.57597373188406,54.0,127.0,both
2347167796,4/25/2016,9482,6.38000011444092,6.38000011444092,0.0,1.26999998092651,0.519999980926514,4.59999990463257,0.0,15,11,277,653,2095,2016-04-25,4/25/2016 12:00:00 AM,1.0,433.0,471.0,Available,Monday,1,Weekday,303,5.05,7.22,91.93,956,Within range,68.31,31.69,31.29,No,Yes,7.5k-10k,,,,,,,,left_only,24.0,9482.0,2093.0,19.0,both,9528.0,73.86135600335852,53.0,160.0,both
2347167796,4/26/2016,5980,3.95000004768372,3.95000004768372,0.0,0.0,0.0,3.95000004768372,0.0,0,0,227,732,1861,2016-04-26,4/26/2016 12:00:00 AM,1.0,436.0,490.0,Available,Tuesday,2,Weekday,227,3.78,7.27,88.98,959,Within range,76.33,23.67,26.34,No,Yes,5k-7.5k,,,,,,,,left_only,24.0,5980.0,1861.0,17.0,both,9023.0,71.73179652000444,49.0,122.0,both
2347167796,4/27/2016,11423,7.57999992370605,7.57999992370605,0.0,1.86000001430511,0.400000005960464,5.32000017166138,0.0,26,9,295,623,2194,2016-04-27,4/27/2016 12:00:00 AM,1.0,448.0,499.0,Available,Wednesday,3,Weekday,330,5.5,7.47,89.78,953,Within range,65.37,34.63,34.62,Yes,Yes,10k+,,,,,,,,left_only,24.0,11423.0,2195.0,17.0,both,8842.0,75.19362135263515,51.0,144.0,both
2347167796,4/28/2016,5439,3.59999990463257,3.59999990463257,0.0,0.0,0.0,3.59999990463257,0.0,0,0,229,764,1854,2016-04-28,4/28/2016 12:00:00 AM,1.0,408.0,450.0,Available,Thursday,4,Weekday,229,3.82,6.8,90.67,993,Within range,76.94,23.06,23.75,No,No,5k-7.5k,,,,,,,,left_only,24.0,5439.0,1856.0,19.0,both,9015.0,73.40854132002218,55.0,138.0,both
2347167796,4/29/2016,42,0.0299999993294477,0.0299999993294477,0.0,0.0,0.0,0.0299999993294477,0.0,0,0,4,2,403,2016-04-29,4/29/2016 12:00:00 AM,1.0,411.0,473.0,Available,Friday,5,Weekday,4,0.07,6.85,86.89,6,Under 10 hours - review,33.33,66.67,10.5,No,No,Under 5k,,,,,,,,left_only,6.0,25.0,345.0,2.0,both,2364.0,62.86971235194586,54.0,85.0,both
2873212765,4/12/2016,8796,5.90999984741211,5.90999984741211,0.0,0.109999999403954,0.930000007152557,4.88000011444092,0.0,2,21,356,1061,1982,2016-04-12,,,,,Unavailable,Tuesday,2,Weekday,379,6.32,,,1440,Within range,73.68,26.32,23.21,No,Unknown,7.5k-10k,,,,,,,,left_only,24.0,8796.0,1985.0,17.0,both,,,,,left_only
2873212765,4/13/2016,7618,5.11999988555908,5.11999988555908,0.0,0.0,0.219999998807907,4.88000011444092,0.0199999995529652,0,8,404,1028,2004,2016-04-13,,,,,Unavailable,Wednesday,3,Weekday,412,6.87,,,1440,Within range,71.39,28.61,18.49,No,Unknown,7.5k-10k,,,,,,,,left_only,24.0,7618.0,2007.0,19.0,both,,,,,left_only
2873212765,4/14/2016,7910,5.32000017166138,5.32000017166138,0.0,0.0,0.0,5.32000017166138,0.0,0,0,331,1109,1893,2016-04-14,,,,,Unavailable,Thursday,4,Weekday,331,5.52,,,1440,Within range,77.01,22.99,23.9,No,Unknown,7.5k-10k,,,,,,,,left_only,24.0,7910.0,1895.0,16.0,both,,,,,left_only
2873212765,4/15/2016,8482,5.69999980926514,5.69999980926514,0.0,0.0,0.0,5.69000005722046,0.0099999997764825,0,0,448,992,2063,2016-04-15,,,,,Unavailable,Friday,5,Weekday,448,7.47,,,1440,Within range,68.89,31.11,18.93,No,Unknown,7.5k-10k,,,,,,,,left_only,24.0,8482.0,2066.0,17.0,both,,,,,left_only
2873212765,4/16/2016,9685,6.65000009536743,6.65000009536743,0.0,3.10999989509583,0.0199999995529652,3.50999999046326,0.0099999997764825,47,1,305,1087,2148,2016-04-16,,,,,Unavailable,Saturday,6,Weekend,353,5.88,,,1440,Within range,75.49,24.51,27.44,No,Unknown,7.5k-10k,,,,,,,,left_only,24.0,9677.0,2150.0,16.0,both,,,,,left_only
2873212765,4/17/2016,2524,1.70000004768372,1.70000004768372,0.0,0.0,0.349999994039536,1.3400000333786,0.0,0,8,160,1272,1529,2016-04-17,,,,,Unavailable,Sunday,7,Weekend,168,2.8,,,1440,Within range,88.33,11.67,15.02,No,Unknown,Under 5k,,,,,,,,left_only,24.0,2524.0,1533.0,13.0,both,,,,,left_only
2873212765,4/18/2016,7762,5.23999977111816,5.23999977111816,0.0,0.0700000002980232,0.280000001192093,4.8899998664856,0.0,1,6,311,1122,1890,2016-04-18,,,,,Unavailable,Monday,1,Weekday,318,5.3,,,1440,Within range,77.92,22.08,24.41,No,Unknown,7.5k-10k,,,,,,,,left_only,24.0,7762.0,1893.0,16.0,both,,,,,left_only
2873212765,4/19/2016,7948,5.36999988555908,5.36999988555908,0.0,0.0,0.0,5.3600001335144,0.0,0,0,389,1051,1956,2016-04-19,,,,,Unavailable,Tuesday,2,Weekday,389,6.48,,,1440,Within range,72.99,27.01,20.43,No,Unknown,7.5k-10k,,,,,,,,left_only,24.0,7948.0,1957.0,18.0,both,,,,,left_only
2873212765,4/20/2016,9202,6.30000019073486,6.30000019073486,0.0,1.50999999046326,0.119999997317791,4.65999984741211,0.0099999997764825,22,5,378,1035,2094,2016-04-20,,,,,Unavailable,Wednesday,3,Weekday,405,6.75,,,1440,Within range,71.88,28.12,22.72,No,Unknown,7.5k-10k,,,,,,,,left_only,24.0,9202.0,2106.0,18.0,both,,,,,left_only
2873212765,4/21/2016,8859,5.98000001907349,5.98000001907349,0.0,0.129999995231628,0.370000004768372,5.46999979019165,0.0099999997764825,2,10,371,1057,1970,2016-04-21,,,,,Unavailable,Thursday,4,Weekday,383,6.38,,,1440,Within range,73.4,26.6,23.13,No,Unknown,7.5k-10k,2016-04-21 23:59:59,56.7000007629395,125.002104340889,,21.4500007629395,True,1461283199000.0,both,24.0,8859.0,1967.0,16.0,both,,,,,left_only
2873212765,4/22/2016,7286,4.90000009536743,4.90000009536743,0.0,0.46000000834465,0.0,4.42000007629395,0.0199999995529652,46,0,366,1028,2241,2016-04-22,,,,,Unavailable,Friday,5,Weekday,412,6.87,,,1440,Within range,71.39,28.61,17.68,No,Unknown,5k-7.5k,,,,,,,,left_only,24.0,7286.0,1950.0,18.0,both,,,,,left_only
2873212765,4/23/2016,9317,6.34999990463257,6.34999990463257,0.0,2.08999991416931,0.230000004172325,4.01999998092651,0.0099999997764825,28,5,330,1077,2021,2016-04-23,,,,,Unavailable,Saturday,6,Weekend,363,6.05,,,1440,Within range,74.79,25.21,25.67,No,Unknown,7.5k-10k,,,,,,,,left_only,24.0,9317.0,2016.0,15.0,both,,,,,left_only
2873212765,4/24/2016,6873,4.67999982833862,4.67999982833862,0.0,3.0,0.0599999986588955,1.62000000476837,0.0,46,1,190,1203,1898,2016-04-24,,,,,Unavailable,Sunday,7,Weekend,237,3.95,,,1440,Within range,83.54,16.46,29.0,No,Unknown,5k-7.5k,,,,,,,,left_only,24.0,6873.0,1890.0,14.0,both,,,,,left_only
2873212765,4/25/2016,7373,4.94999980926514,4.94999980926514,0.0,0.0,0.0,4.94999980926514,0.0,0,0,359,1081,1907,2016-04-25,,,,,Unavailable,Monday,1,Weekday,359,5.98,,,1440,Within range,75.07,24.93,20.54,No,Unknown,5k-7.5k,,,,,,,,left_only,24.0,7373.0,1904.0,16.0,both,,,,,left_only
2873212765,4/26/2016,8242,5.53999996185303,5.53999996185303,0.0,0.119999997317791,0.180000007152557,5.23999977111816,0.0,2,5,309,1124,1882,2016-04-26,,,,,Unavailable,Tuesday,2,Weekday,316,5.27,,,1440,Within range,78.06,21.94,26.08,No,Unknown,7.5k-10k,,,,,,,,left_only,24.0,8242.0,1877.0,17.0,both,,,,,left_only
2873212765,4/27/2016,3516,2.35999989509583,2.35999989509583,0.0,0.0,0.0,2.35999989509583,0.0,46,0,197,1197,1966,2016-04-27,,,,,Unavailable,Wednesday,3,Weekday,243,4.05,,,1440,Within range,83.12,16.88,14.47,No,Unknown,Under 5k,,,,,,,,left_only,24.0,3516.0,1963.0,14.0,both,,,,,left_only
2873212765,4/28/2016,7913,5.40999984741211,5.40999984741211,0.0,2.16000008583069,0.340000003576279,2.91000008583069,0.0,28,7,213,1192,1835,2016-04-28,,,,,Unavailable,Thursday,4,Weekday,248,4.13,,,1440,Within range,82.78,17.22,31.91,No,Unknown,7.5k-10k,,,,,,,,left_only,24.0,7913.0,1831.0,16.0,both,,,,,left_only
2873212765,4/29/2016,7365,4.94999980926514,4.94999980926514,0.0,1.36000001430511,1.4099999666214,2.1800000667572,0.0,20,23,206,1191,1780,2016-04-29,,,,,Unavailable,Friday,5,Weekday,249,4.15,,,1440,Within range,82.71,17.29,29.58,No,Unknown,5k-7.5k,,,,,,,,left_only,24.0,7365.0,1778.0,16.0,both,,,,,left_only
2873212765,4/30/2016,8452,5.67999982833862,5.67999982833862,0.0,0.330000013113022,1.08000004291534,4.26000022888184,0.0099999997764825,5,20,248,1167,1830,2016-04-30,,,,,Unavailable,Saturday,6,Weekend,273,4.55,,,1440,Within range,81.04,18.96,30.96,No,Unknown,7.5k-10k,,,,,,,,left_only,24.0,8452.0,1825.0,15.0,both,,,,,left_only
2873212765,5/1/2016,7399,4.96999979019165,4.96999979019165,0.0,0.490000009536743,1.03999996185303,3.44000005722046,0.0,7,18,196,1219,1739,2016-05-01,,,,,Unavailable,Sunday,7,Weekend,221,3.68,,,1440,Within range,84.65,15.35,33.48,No,Unknown,5k-7.5k,,,,,,,,left_only,24.0,7399.0,1736.0,13.0,both,,,,,left_only
2873212765,5/2/2016,7525,5.05999994277954,5.05999994277954,0.0,0.0,0.209999993443489,4.82999992370605,0.0199999995529652,0,7,334,1099,1878,2016-05-02,,,,,Unavailable,Monday,1,Weekday,341,5.68,,,1440,Within range,76.32,23.68,22.07,No,Unknown,7.5k-10k,,,,,,,,left_only,24.0,7525.0,1877.0,17.0,both,,,,,left_only
2873212765,5/3/2016,7412,4.98000001907349,4.98000001907349,0.0,0.0599999986588955,0.25,4.65999984741211,0.0099999997764825,1,6,363,1070,1906,2016-05-03,,,,,Unavailable,Tuesday,2,Weekday,370,6.17,,,1440,Within range,74.31,25.69,20.03,No,Unknown,5k-7.5k,,,,,,,,left_only,24.0,7412.0,1904.0,17.0,both,,,,,left_only
2873212765,5/4/2016,8278,5.55999994277954,5.55999994277954,0.0,0.0,0.0,5.55999994277954,0.0,0,0,420,1020,2015,2016-05-04,,,,,Unavailable,Wednesday,3,Weekday,420,7.0,,,1440,Within range,70.83,29.17,19.71,No,Unknown,7.5k-10k,,,,,,,,left_only,24.0,8278.0,2013.0,18.0,both,,,,,left_only
2873212765,5/5/2016,8314,5.6100001335144,5.6100001335144,0.0,0.779999971389771,0.800000011920929,4.03000020980835,0.0,13,23,311,1093,1971,2016-05-05,,,,,Unavailable,Thursday,4,Weekday,347,5.78,,,1440,Within range,75.9,24.1,23.96,No,Unknown,7.5k-10k,,,,,,,,left_only,24.0,8314.0,1967.0,15.0,both,,,,,left_only
2873212765,5/6/2016,7063,4.75,4.75,0.0,0.0,0.119999997317791,4.6100001335144,0.0099999997764825,0,5,370,1065,1910,2016-05-06,,,,,Unavailable,Friday,5,Weekday,375,6.25,,,1440,Within range,73.96,26.04,18.83,No,Unknown,5k-7.5k,,,,,,,,left_only,24.0,7063.0,1909.0,17.0,both,,,,,left_only
2873212765,5/7/2016,4940,3.38000011444092,3.38000011444092,0.0,2.27999997138977,0.550000011920929,0.550000011920929,0.0,75,11,52,1302,1897,2016-05-07,,,,,Unavailable,Saturday,6,Weekend,138,2.3,,,1440,Within range,90.42,9.58,35.8,No,Unknown,Under 5k,,,,,,,,left_only,24.0,4940.0,1890.0,6.0,both,,,,,left_only
2873212765,5/8/2016,8168,5.53999996185303,5.53999996185303,0.0,2.90000009536743,0.0,2.64000010490417,0.0,46,0,326,1068,2096,2016-05-08,,,,,Unavailable,Sunday,7,Weekend,372,6.2,,,1440,Within range,74.17,25.83,21.96,No,Unknown,7.5k-10k,,,,,,,,left_only,24.0,8168.0,2094.0,14.0,both,,,,,left_only
2873212765,5/9/2016,7726,5.19000005722046,5.19000005722046,0.0,0.0,0.0,5.19000005722046,0.0,0,0,345,1095,1906,2016-05-09,,,,,Unavailable,Monday,1,Weekday,345,5.75,,,1440,Within range,76.04,23.96,22.39,No,Unknown,7.5k-10k,,,,,,,,left_only,24.0,7726.0,1906.0,16.0,both,,,,,left_only
2873212765,5/10/2016,8275,5.55999994277954,5.55999994277954,0.0,0.0,0.0,5.55000019073486,0.0099999997764825,0,0,373,1067,1962,2016-05-10,,,,,Unavailable,Tuesday,2,Weekday,373,6.22,,,1440,Within range,74.1,25.9,22.18,No,Unknown,7.5k-10k,,,,,,,,left_only,24.0,8275.0,1960.0,17.0,both,,,,,left_only
2873212765,5/11/2016,6440,4.32999992370605,4.32999992370605,0.0,0.0,0.0,4.32000017166138,0.0099999997764825,0,0,319,1121,1826,2016-05-11,,,,,Unavailable,Wednesday,3,Weekday,319,5.32,,,1440,Within range,77.85,22.15,20.19,No,Unknown,5k-7.5k,,,,,,,,left_only,24.0,6440.0,1815.0,17.0,both,,,,,left_only
2873212765,5/12/2016,7566,5.1100001335144,5.1100001335144,0.0,0.0,0.0,5.1100001335144,0.0,0,0,268,720,1431,2016-05-12,,,,,Unavailable,Thursday,4,Weekday,268,4.47,,,988,Within range,72.87,27.13,28.23,No,Unknown,7.5k-10k,2016-05-12 23:59:59,57.2999992370605,126.324874550011,,21.6900005340576,True,1463097599000.0,both,16.0,7475.0,1395.0,10.0,both,,,,,left_only
3372868164,4/12/2016,4747,3.24000000953674,3.24000000953674,0.0,0.0,0.0,3.23000001907349,0.0099999997764825,0,0,280,1160,1788,2016-04-12,,,,,Unavailable,Tuesday,2,Weekday,280,4.67,,,1440,Within range,80.56,19.44,16.95,No,Unknown,Under 5k,,,,,,,,left_only,24.0,4747.0,1787.0,17.0,both,,,,,left_only
3372868164,4/13/2016,9715,6.63000011444092,6.63000011444092,0.0,0.990000009536743,0.340000003576279,5.26999998092651,0.0199999995529652,16,8,371,1045,2093,2016-04-13,,,,,Unavailable,Wednesday,3,Weekday,395,6.58,,,1440,Within range,72.57,27.43,24.59,No,Unknown,7.5k-10k,,,,,,,,left_only,24.0,9715.0,2092.0,16.0,both,,,,,left_only
3372868164,4/14/2016,8844,6.03000020980835,6.03000020980835,0.0,0.340000003576279,1.02999997138977,4.65000009536743,0.0099999997764825,6,25,370,1039,2065,2016-04-14,,,,,Unavailable,Thursday,4,Weekday,401,6.68,,,1440,Within range,72.15,27.85,22.05,No,Unknown,7.5k-10k,,,,,,,,left_only,24.0,8844.0,2065.0,18.0,both,,,,,left_only
3372868164,4/15/2016,7451,5.07999992370605,5.07999992370605,0.0,0.0,0.0,5.05999994277954,0.0199999995529652,0,0,335,1105,1908,2016-04-15,,,,,Unavailable,Friday,5,Weekday,335,5.58,,,1440,Within range,76.74,23.26,22.24,No,Unknown,5k-7.5k,,,,,,,,left_only,24.0,7451.0,1909.0,13.0,both,,,,,left_only
3372868164,4/16/2016,6905,4.73000001907349,4.73000001907349,0.0,0.0,0.0,4.69999980926514,0.0299999993294477,0,0,356,1084,1908,2016-04-16,,,,,Unavailable,Saturday,6,Weekend,356,5.93,,,1440,Within range,75.28,24.72,19.4,No,Unknown,5k-7.5k,,,,,,,,left_only,24.0,6905.0,1908.0,16.0,both,,,,,left_only
3372868164,4/17/2016,8199,5.88000011444092,5.88000011444092,0.0,1.4099999666214,0.100000001490116,4.3600001335144,0.0099999997764825,11,2,322,1105,1964,2016-04-17,,,,,Unavailable,Sunday,7,Weekend,335,5.58,,,1440,Within range,76.74,23.26,24.47,No,Unknown,7.5k-10k,,,,,,,,left_only,24.0,8199.0,1966.0,18.0,both,,,,,left_only
3372868164,4/18/2016,6798,4.6399998664856,4.6399998664856,0.0,1.08000004291534,0.200000002980232,3.34999990463257,0.0,20,7,343,1070,2014,2016-04-18,,,,,Unavailable,Monday,1,Weekday,370,6.17,,,1440,Within range,74.31,25.69,18.37,No,Unknown,5k-7.5k,,,,,,,,left_only,24.0,6798.0,2014.0,16.0,both,,,,,left_only
3372868164,4/19/2016,7711,5.26000022888184,5.26000022888184,0.0,0.0,0.0,5.23999977111816,0.0199999995529652,0,0,376,1064,1985,2016-04-19,,,,,Unavailable,Tuesday,2,Weekday,376,6.27,,,1440,Within range,73.89,26.11,20.51,No,Unknown,7.5k-10k,,,,,,,,left_only,24.0,7711.0,1983.0,17.0,both,,,,,left_only
3372868164,4/20/2016,4880,3.32999992370605,3.32999992370605,0.0,0.839999973773956,0.0900000035762787,2.38000011444092,0.0199999995529652,15,3,274,1148,1867,2016-04-20,,,,,Unavailable,Wednesday,3,Weekday,292,4.87,,,1440,Within range,79.72,20.28,16.71,No,Unknown,Under 5k,,,,,,,,left_only,24.0,4880.0,1867.0,16.0,both,,,,,left_only
3372868164,4/21/2016,8857,6.07000017166138,6.07000017166138,0.0,1.14999997615814,0.259999990463257,4.6399998664856,0.0099999997764825,18,9,376,1037,2124,2016-04-21,,,,,Unavailable,Thursday,4,Weekday,403,6.72,,,1440,Within range,72.01,27.99,21.98,No,Unknown,7.5k-10k,,,,,,,,left_only,24.0,8857.0,2125.0,18.0,both,,,,,left_only
3372868164,4/22/2016,3843,2.61999988555908,2.61999988555908,0.0,0.0,0.0,2.60999989509583,0.0099999997764825,0,0,206,1234,1669,2016-04-22,,,,,Unavailable,Friday,5,Weekday,206,3.43,,,1440,Within range,85.69,14.31,18.66,No,Unknown,Under 5k,,,,,,,,left_only,24.0,3843.0,1668.0,15.0,both,,,,,left_only
3372868164,4/23/2016,7396,5.07000017166138,5.07000017166138,0.0,1.39999997615814,0.0799999982118607,3.57999992370605,0.0,20,2,303,1115,1995,2016-04-23,,,,,Unavailable,Saturday,6,Weekend,325,5.42,,,1440,Within range,77.43,22.57,22.76,No,Unknown,5k-7.5k,,,,,,,,left_only,24.0,7396.0,1996.0,13.0,both,,,,,left_only
3372868164,4/24/2016,6731,4.59000015258789,4.59000015258789,0.0,0.889999985694885,0.189999997615814,3.49000000953674,0.0199999995529652,14,7,292,1127,1921,2016-04-24,,,,,Unavailable,Sunday,7,Weekend,313,5.22,,,1440,Within range,78.26,21.74,21.5,No,Unknown,5k-7.5k,,,,,,,,left_only,24.0,6731.0,1919.0,16.0,both,,,,,left_only
3372868164,4/25/2016,5995,4.09000015258789,4.09000015258789,0.0,0.0,0.0,4.09000015258789,0.0,0,0,416,1024,2010,2016-04-25,,,,,Unavailable,Monday,1,Weekday,416,6.93,,,1440,Within range,71.11,28.89,14.41,No,Unknown,5k-7.5k,,,,,,,,left_only,24.0,5995.0,2012.0,18.0,both,,,,,left_only
3372868164,4/26/2016,8283,5.78999996185303,5.78999996185303,0.0,1.85000002384186,0.0500000007450581,3.86999988555908,0.0099999997764825,22,2,333,1083,2057,2016-04-26,,,,,Unavailable,Tuesday,2,Weekday,357,5.95,,,1440,Within range,75.21,24.79,23.2,No,Unknown,7.5k-10k,,,,,,,,left_only,24.0,8283.0,2056.0,17.0,both,,,,,left_only
3372868164,4/27/2016,7904,5.42000007629395,5.42000007629395,0.0,1.58000004291534,0.629999995231628,3.19000005722046,0.0099999997764825,24,13,346,1057,2095,2016-04-27,,,,,Unavailable,Wednesday,3,Weekday,383,6.38,,,1440,Within range,73.4,26.6,20.64,No,Unknown,7.5k-10k,,,,,,,,left_only,24.0,7904.0,2095.0,19.0,both,,,,,left_only
3372868164,4/28/2016,5512,3.75999999046326,3.75999999046326,0.0,0.0,0.0,3.75999999046326,0.0,0,0,385,1055,1972,2016-04-28,,,,,Unavailable,Thursday,4,Weekday,385,6.42,,,1440,Within range,73.26,26.74,14.32,No,Unknown,5k-7.5k,,,,,,,,left_only,24.0,5512.0,1971.0,18.0,both,,,,,left_only
3372868164,4/29/2016,9135,6.23000001907349,6.23000001907349,0.0,0.0,0.0,6.21999979019165,0.0099999997764825,0,0,402,1038,2044,2016-04-29,,,,,Unavailable,Friday,5,Weekday,402,6.7,,,1440,Within range,72.08,27.92,22.72,No,Unknown,7.5k-10k,,,,,,,,left_only,24.0,9135.0,2044.0,17.0,both,,,,,left_only
3372868164,4/30/2016,5250,3.57999992370605,3.57999992370605,0.0,1.05999994277954,0.0900000035762787,2.42000007629395,0.0099999997764825,17,4,300,1119,1946,2016-04-30,,,,,Unavailable,Saturday,6,Weekend,321,5.35,,,1440,Within range,77.71,22.29,16.36,No,Unknown,5k-7.5k,,,,,,,,left_only,24.0,5250.0,1945.0,18.0,both,,,,,left_only
3372868164,5/1/2016,3077,2.09999990463257,2.09999990463257,0.0,0.0,0.0,2.08999991416931,0.0,0,0,172,842,1237,2016-05-01,,,,,Unavailable,Sunday,7,Weekend,172,2.87,,,1014,Within range,83.04,16.96,17.89,No,Unknown,Under 5k,,,,,,,,left_only,16.0,2901.0,1167.0,12.0,both,,,,,left_only
3977333714,4/12/2016,8856,5.98000001907349,5.98000001907349,0.0,3.05999994277954,0.910000026226044,2.00999999046326,0.0,44,19,131,777,1450,2016-04-12,4/12/2016 12:00:00 AM,1.0,274.0,469.0,Available,Tuesday,2,Weekday,194,3.23,4.57,58.42,971,Within range,80.02,19.98,45.65,No,No,7.5k-10k,,,,,,,,left_only,24.0,8856.0,1450.0,17.0,both,,,,,left_only
3977333714,4/13/2016,10035,6.71000003814697,6.71000003814697,0.0,2.02999997138977,2.13000011444092,2.54999995231628,0.0,31,46,153,754,1495,2016-04-13,4/13/2016 12:00:00 AM,2.0,295.0,456.0,Available,Wednesday,3,Weekday,230,3.83,4.92,64.69,984,Within range,76.63,23.37,43.63,Yes,No,10k+,,,,,,,,left_only,24.0,10035.0,1492.0,20.0,both,,,,,left_only
3977333714,4/14/2016,7641,5.1100001335144,5.1100001335144,0.0,0.319999992847443,0.970000028610229,3.8199999332428,0.0,5,23,214,801,1433,2016-04-14,4/14/2016 12:00:00 AM,1.0,291.0,397.0,Available,Thursday,4,Weekday,242,4.03,4.85,73.3,1043,Within range,76.8,23.2,31.57,No,No,7.5k-10k,,,,,,,,left_only,24.0,7641.0,1432.0,16.0,both,,,,,left_only
3977333714,4/15/2016,9010,6.05999994277954,6.05999994277954,0.0,1.04999995231628,1.75,3.25999999046326,0.0,15,42,183,644,1468,2016-04-15,4/15/2016 12:00:00 AM,1.0,424.0,556.0,Available,Friday,5,Weekday,240,4.0,7.07,76.26,884,Within range,72.85,27.15,37.54,No,Yes,7.5k-10k,,,,,,,,left_only,24.0,9010.0,1469.0,18.0,both,,,,,left_only
3977333714,4/16/2016,13459,9.0,9.0,0.0,2.02999997138977,4.0,2.97000002861023,0.0,31,83,153,663,1625,2016-04-16,4/16/2016 12:00:00 AM,1.0,283.0,510.0,Available,Saturday,6,Weekend,267,4.45,4.72,55.49,930,Within range,71.29,28.71,50.41,Yes,No,10k+,,,,,,,,left_only,24.0,13459.0,1624.0,17.0,both,,,,,left_only
3977333714,4/17/2016,10415,6.96999979019165,6.96999979019165,0.0,0.699999988079071,2.34999990463257,3.92000007629395,0.0,11,58,205,600,1529,2016-04-17,4/17/2016 12:00:00 AM,1.0,381.0,566.0,Available,Sunday,7,Weekend,274,4.57,6.35,67.31,874,Within range,68.65,31.35,38.01,Yes,No,10k+,,,,,,,,left_only,24.0,10415.0,1529.0,16.0,both,,,,,left_only
3977333714,4/18/2016,11663,7.80000019073486,7.80000019073486,0.0,0.25,3.73000001907349,3.8199999332428,0.0,4,95,214,605,1584,2016-04-18,4/18/2016 12:00:00 AM,2.0,412.0,522.0,Available,Monday,1,Weekday,313,5.22,6.87,78.93,918,Within range,65.9,34.1,37.26,Yes,No,10k+,,,,,,,,left_only,24.0,11663.0,1583.0,17.0,both,,,,,left_only
3977333714,4/19/2016,12414,8.77999973297119,8.77999973297119,0.0,2.24000000953674,2.45000004768372,3.96000003814697,0.0,19,67,221,738,1638,2016-04-19,4/19/2016 12:00:00 AM,1.0,219.0,395.0,Available,Tuesday,2,Weekday,307,5.12,3.65,55.44,1045,Within range,70.62,29.38,40.44,Yes,No,10k+,,,,,,,,left_only,24.0,12257.0,1632.0,17.0,both,,,,,left_only
3977333714,4/20/2016,11658,7.82999992370605,7.82999992370605,0.0,0.200000002980232,4.34999990463257,3.27999997138977,0.0,2,98,164,845,1554,2016-04-20,4/20/2016 12:00:00 AM,2.0,152.0,305.0,Available,Wednesday,3,Weekday,264,4.4,2.53,49.84,1109,Within range,76.19,23.81,44.16,Yes,No,10k+,,,,,,,,left_only,24.0,11658.0,1553.0,15.0,both,,,,,left_only
3977333714,4/21/2016,6093,4.07999992370605,4.07999992370605,0.0,0.0,0.0,4.05999994277954,0.0,0,0,242,712,1397,2016-04-21,4/21/2016 12:00:00 AM,1.0,332.0,512.0,Available,Thursday,4,Weekday,242,4.03,5.53,64.84,954,Within range,74.63,25.37,25.18,No,No,5k-7.5k,,,,,,,,left_only,24.0,6072.0,1394.0,20.0,both,,,,,left_only
3977333714,4/22/2016,8911,5.96000003814697,5.96000003814697,0.0,2.32999992370605,0.579999983310699,3.05999994277954,0.0,33,12,188,731,1481,2016-04-22,4/22/2016 12:00:00 AM,1.0,355.0,476.0,Available,Friday,5,Weekday,233,3.88,5.92,74.58,964,Within range,75.83,24.17,38.24,No,No,7.5k-10k,,,,,,,,left_only,24.0,8911.0,1482.0,18.0,both,,,,,left_only
3977333714,4/23/2016,12058,8.06999969482422,8.06999969482422,0.0,0.0,4.21999979019165,3.84999990463257,0.0,0,92,252,724,1638,2016-04-23,4/23/2016 12:00:00 AM,1.0,235.0,372.0,Available,Saturday,6,Weekend,344,5.73,3.92,63.17,1068,Within range,67.79,32.21,35.05,Yes,No,10k+,,,,,,,,left_only,24.0,12058.0,1637.0,19.0,both,,,,,left_only
3977333714,4/24/2016,14112,10.0,10.0,0.0,3.26999998092651,4.55999994277954,2.17000007629395,0.0,30,95,129,660,1655,2016-04-24,4/24/2016 12:00:00 AM,1.0,310.0,526.0,Available,Sunday,7,Weekend,254,4.23,5.17,58.94,914,Within range,72.21,27.79,55.56,Yes,No,10k+,,,,,,,,left_only,24.0,14112.0,1654.0,16.0,both,,,,,left_only
3977333714,4/25/2016,11177,8.47999954223633,8.47999954223633,0.0,5.61999988555908,0.430000007152557,2.41000008583069,0.0,50,9,133,781,1570,2016-04-25,4/25/2016 12:00:00 AM,1.0,262.0,467.0,Available,Monday,1,Weekday,192,3.2,4.37,56.1,973,Within range,80.27,19.73,58.21,Yes,No,10k+,,,,,,,,left_only,24.0,11168.0,1564.0,16.0,both,,,,,left_only
3977333714,4/26/2016,11388,7.61999988555908,7.61999988555908,0.0,0.449999988079071,4.21999979019165,2.95000004768372,0.0,7,95,170,797,1551,2016-04-26,4/26/2016 12:00:00 AM,1.0,250.0,371.0,Available,Tuesday,2,Weekday,272,4.53,4.17,67.39,1069,Within range,74.56,25.44,41.87,Yes,No,10k+,,,,,,,,left_only,24.0,11388.0,1552.0,18.0,both,,,,,left_only
3977333714,4/27/2016,7193,5.03999996185303,5.03999996185303,0.0,0.0,0.419999986886978,4.61999988555908,0.0,0,10,176,714,1377,2016-04-27,4/27/2016 12:00:00 AM,1.0,349.0,540.0,Available,Wednesday,3,Weekday,186,3.1,5.82,64.63,900,Within range,79.33,20.67,38.67,No,No,5k-7.5k,,,,,,,,left_only,24.0,7193.0,1376.0,17.0,both,,,,,left_only
3977333714,4/28/2016,7114,4.88000011444092,4.88000011444092,0.0,1.37000000476837,0.28999999165535,3.22000002861023,0.0,15,8,190,804,1407,2016-04-28,4/28/2016 12:00:00 AM,1.0,261.0,423.0,Available,Thursday,4,Weekday,213,3.55,4.35,61.7,1017,Within range,79.06,20.94,33.4,No,No,5k-7.5k,,,,,,,,left_only,24.0,7114.0,1404.0,19.0,both,,,,,left_only
3977333714,4/29/2016,10645,7.75,7.75,0.0,3.74000000953674,1.29999995231628,2.71000003814697,0.0,36,32,150,744,1545,2016-04-29,4/29/2016 12:00:00 AM,1.0,333.0,478.0,Available,Friday,5,Weekday,218,3.63,5.55,69.67,962,Within range,77.34,22.66,48.83,Yes,No,10k+,,,,,,,,left_only,24.0,10645.0,1543.0,19.0,both,,,,,left_only
3977333714,4/30/2016,13238,9.19999980926514,9.19999980926514,0.0,3.69000005722046,2.09999990463257,3.41000008583069,0.0,43,52,194,687,1650,2016-04-30,4/30/2016 12:00:00 AM,1.0,237.0,382.0,Available,Saturday,6,Weekend,289,4.82,3.95,62.04,976,Within range,70.39,29.61,45.81,Yes,No,10k+,,,,,,,,left_only,24.0,13238.0,1650.0,21.0,both,,,,,left_only
3977333714,5/1/2016,10414,7.07000017166138,7.07000017166138,0.0,2.67000007629395,1.98000001907349,2.41000008583069,0.0,41,40,124,691,1501,2016-05-01,5/1/2016 12:00:00 AM,1.0,383.0,626.0,Available,Sunday,7,Weekend,205,3.42,6.38,61.18,896,Within range,77.12,22.88,50.8,Yes,No,10k+,,,,,,,,left_only,24.0,10414.0,1500.0,16.0,both,,,,,left_only
3977333714,5/2/2016,16520,11.0500001907349,11.0500001907349,0.0,1.53999996185303,6.48000001907349,3.01999998092651,0.0,24,143,176,713,1760,2016-05-02,5/2/2016 12:00:00 AM,1.0,230.0,384.0,Available,Monday,1,Weekday,343,5.72,3.83,59.9,1056,Within range,67.52,32.48,48.16,Yes,No,10k+,,,,,,,,left_only,24.0,16520.0,1761.0,20.0,both,,,,,left_only
3977333714,5/3/2016,14335,9.59000015258789,9.59000015258789,0.0,3.3199999332428,1.74000000953674,4.53000020980835,0.0,47,41,258,594,1710,2016-05-03,5/3/2016 12:00:00 AM,1.0,292.0,500.0,Available,Tuesday,2,Weekday,346,5.77,4.87,58.4,940,Within range,63.19,36.81,41.43,Yes,No,10k+,,,,,,,,left_only,24.0,14335.0,1707.0,17.0,both,,,,,left_only
3977333714,5/4/2016,13559,9.4399995803833,9.4399995803833,0.0,1.80999994277954,4.57999992370605,2.89000010490417,0.0,14,96,142,852,1628,2016-05-04,5/4/2016 12:00:00 AM,1.0,213.0,336.0,Available,Wednesday,3,Weekday,252,4.2,3.55,63.39,1104,Within range,77.17,22.83,53.81,Yes,No,10k+,,,,,,,,left_only,24.0,13373.0,1620.0,20.0,both,,,,,left_only
3977333714,5/5/2016,12312,8.57999992370605,8.57999992370605,0.0,1.75999999046326,4.1100001335144,2.71000003814697,0.0,14,88,178,680,1618,2016-05-05,5/5/2016 12:00:00 AM,1.0,318.0,480.0,Available,Thursday,4,Weekday,280,4.67,5.3,66.25,960,Within range,70.83,29.17,43.97,Yes,No,10k+,,,,,,,,left_only,24.0,12312.0,1617.0,19.0,both,,,,,left_only
3977333714,5/6/2016,11677,8.27999973297119,8.27999973297119,0.0,3.10999989509583,2.50999999046326,2.67000007629395,0.0,29,55,168,676,1590,2016-05-06,5/6/2016 12:00:00 AM,1.0,323.0,512.0,Available,Friday,5,Weekday,252,4.2,5.38,63.09,928,Within range,72.84,27.16,46.34,Yes,No,10k+,,,,,,,,left_only,24.0,11677.0,1587.0,16.0,both,,,,,left_only
3977333714,5/7/2016,11550,7.73000001907349,7.73000001907349,0.0,0.0,4.13000011444092,3.58999991416931,0.0,0,86,208,703,1574,2016-05-07,5/7/2016 12:00:00 AM,1.0,237.0,443.0,Available,Saturday,6,Weekend,294,4.9,3.95,53.5,997,Within range,70.51,29.49,39.29,Yes,No,10k+,,,,,,,,left_only,24.0,11550.0,1572.0,19.0,both,,,,,left_only
3977333714,5/8/2016,13585,9.09000015258789,9.09000015258789,0.0,0.680000007152557,5.23999977111816,3.17000007629395,0.0,9,116,171,688,1633,2016-05-08,5/8/2016 12:00:00 AM,2.0,259.0,456.0,Available,Sunday,7,Weekend,296,4.93,4.32,56.8,984,Within range,69.92,30.08,45.9,Yes,No,10k+,,,,,,,,left_only,24.0,13585.0,1633.0,17.0,both,,,,,left_only
3977333714,5/9/2016,14687,10.0799999237061,10.0799999237061,0.0,0.769999980926514,5.59999990463257,3.54999995231628,0.0,8,122,151,1159,1667,2016-05-09,,,,,Unavailable,Monday,1,Weekday,281,4.68,,,1440,Within range,80.49,19.51,52.27,Yes,Unknown,10k+,,,,,,,,left_only,24.0,14513.0,1658.0,14.0,both,,,,,left_only
3977333714,5/10/2016,13072,8.77999973297119,8.77999973297119,0.0,0.0700000002980232,5.40000009536743,3.30999994277954,0.0,1,115,196,676,1630,2016-05-10,5/10/2016 12:00:00 AM,1.0,312.0,452.0,Available,Tuesday,2,Weekday,312,5.2,5.2,69.03,988,Within range,68.42,31.58,41.9,Yes,No,10k+,,,,,,,,left_only,24.0,13072.0,1627.0,15.0,both,,,,,left_only
3977333714,5/11/2016,746,0.5,0.5,0.0,0.370000004768372,0.0,0.129999995231628,0.0,4,0,9,13,52,2016-05-11,,,,,Unavailable,Wednesday,3,Weekday,13,0.22,,,26,Under 10 hours - review,50.0,50.0,57.38,No,Unknown,Under 5k,,,,,,,,left_only,,,,,left_only,,,,,left_only
4020332650,4/12/2016,8539,6.11999988555908,6.11999988555908,0.0,0.150000005960464,0.239999994635582,5.67999982833862,0.0,4,15,331,712,3654,2016-04-12,4/12/2016 12:00:00 AM,1.0,501.0,541.0,Available,Tuesday,2,Weekday,350,5.83,8.35,92.61,1062,Within range,67.04,32.96,24.4,No,Yes,7.5k-10k,,,,,,,,left_only,24.0,8489.0,3648.0,18.0,both,33963.0,83.4990136324824,49.0,133.0,both
4020332650,4/13/2016,0,0.0,0.0,0.0,0.0,0.0,0.0,0.0,0,0,0,1440,1981,2016-04-13,,,,,Unavailable,Wednesday,3,Weekday,0,0.0,,,1440,Within range,100.0,0.0,,No,Unknown,Under 5k,,,,,,,,left_only,24.0,0.0,1992.0,0.0,both,,,,,left_only
4020332650,4/14/2016,108,0.0799999982118607,0.0799999982118607,0.0,0.0,0.0,0.0299999993294477,0.0,0,0,3,1437,2011,2016-04-14,,,,,Unavailable,Thursday,4,Weekday,3,0.05,,,1440,Within range,99.79,0.21,36.0,No,Unknown,Under 5k,,,,,,,,left_only,24.0,38.0,2006.0,2.0,both,1448.0,90.70096685082873,65.0,133.0,both
4020332650,4/15/2016,1882,1.35000002384186,1.35000002384186,0.0,0.209999993443489,0.360000014305115,0.769999980926514,0.0,36,18,87,1299,2951,2016-04-15,,,,,Unavailable,Friday,5,Weekday,141,2.35,,,1440,Within range,90.21,9.79,13.35,No,Unknown,Under 5k,,,,,,,,left_only,24.0,1873.0,2955.0,8.0,both,10947.0,92.92564172832739,51.0,191.0,both
4020332650,4/16/2016,1982,1.41999995708466,1.41999995708466,0.0,0.449999988079071,0.370000004768372,0.589999973773956,0.0,65,21,55,1222,3051,2016-04-16,4/16/2016 12:00:00 AM,1.0,77.0,77.0,Available,Saturday,6,Weekend,141,2.35,1.28,100.0,1363,Within range,89.66,10.34,14.06,No,No,Under 5k,,,,,,,,left_only,24.0,1969.0,3059.0,3.0,both,8523.0,100.90332042707966,62.0,143.0,both
4020332650,4/17/2016,16,0.0099999997764825,0.0099999997764825,0.0,0.0,0.0,0.0099999997764825,0.0,0,0,2,1438,1990,2016-04-17,,,,,Unavailable,Sunday,7,Weekend,2,0.03,,,1440,Within range,99.86,0.14,8.0,No,Unknown,Under 5k,,,,,,,,left_only,24.0,7.0,1999.0,1.0,both,69.0,98.82608695652173,66.0,116.0,both
4020332650,4/18/2016,62,0.0399999991059303,0.0399999991059303,0.0,0.0,0.0,0.0399999991059303,0.0,0,0,2,1438,1995,2016-04-18,,,,,Unavailable,Monday,1,Weekday,2,0.03,,,1440,Within range,99.86,0.14,31.0,No,Unknown,Under 5k,,,,,,,,left_only,24.0,62.0,2006.0,1.0,both,,,,,left_only
4020332650,4/19/2016,0,0.0,0.0,0.0,0.0,0.0,0.0,0.0,0,0,0,1440,1980,2016-04-19,,,,,Unavailable,Tuesday,2,Weekday,0,0.0,,,1440,Within range,100.0,0.0,,No,Unknown,Under 5k,,,,,,,,left_only,24.0,0.0,1992.0,0.0,both,,,,,left_only
4020332650,4/20/2016,0,0.0,0.0,0.0,0.0,0.0,0.0,0.0,0,0,0,1440,1980,2016-04-20,,,,,Unavailable,Wednesday,3,Weekday,0,0.0,,,1440,Within range,100.0,0.0,,No,Unknown,Under 5k,,,,,,,,left_only,24.0,0.0,1992.0,0.0,both,,,,,left_only
4020332650,4/21/2016,0,0.0,0.0,0.0,0.0,0.0,0.0,0.0,0,0,0,1440,1980,2016-04-21,,,,,Unavailable,Thursday,4,Weekday,0,0.0,,,1440,Within range,100.0,0.0,,No,Unknown,Under 5k,,,,,,,,left_only,24.0,0.0,1992.0,0.0,both,,,,,left_only
4020332650,4/22/2016,0,0.0,0.0,0.0,0.0,0.0,0.0,0.0,0,0,0,1440,1980,2016-04-22,,,,,Unavailable,Friday,5,Weekday,0,0.0,,,1440,Within range,100.0,0.0,,No,Unknown,Under 5k,,,,,,,,left_only,24.0,0.0,1992.0,0.0,both,,,,,left_only
4020332650,4/23/2016,0,0.0,0.0,0.0,0.0,0.0,0.0,0.0,0,0,0,1440,1980,2016-04-23,,,,,Unavailable,Saturday,6,Weekend,0,0.0,,,1440,Within range,100.0,0.0,,No,Unknown,Under 5k,,,,,,,,left_only,24.0,0.0,1992.0,0.0,both,,,,,left_only
4020332650,4/24/2016,0,0.0,0.0,0.0,0.0,0.0,0.0,0.0,0,0,0,1440,1980,2016-04-24,,,,,Unavailable,Sunday,7,Weekend,0,0.0,,,1440,Within range,100.0,0.0,,No,Unknown,Under 5k,,,,,,,,left_only,24.0,0.0,1992.0,0.0,both,,,,,left_only
4020332650,4/25/2016,0,0.0,0.0,0.0,0.0,0.0,0.0,0.0,0,0,0,1440,1980,2016-04-25,,,,,Unavailable,Monday,1,Weekday,0,0.0,,,1440,Within range,100.0,0.0,,No,Unknown,Under 5k,,,,,,,,left_only,24.0,0.0,1992.0,0.0,both,,,,,left_only
4020332650,4/26/2016,0,0.0,0.0,0.0,0.0,0.0,0.0,0.0,0,0,0,1440,1980,2016-04-26,,,,,Unavailable,Tuesday,2,Weekday,0,0.0,,,1440,Within range,100.0,0.0,,No,Unknown,Under 5k,,,,,,,,left_only,24.0,0.0,1992.0,0.0,both,,,,,left_only
4020332650,4/27/2016,0,0.0,0.0,0.0,0.0,0.0,0.0,0.0,0,0,0,1440,1980,2016-04-27,,,,,Unavailable,Wednesday,3,Weekday,0,0.0,,,1440,Within range,100.0,0.0,,No,Unknown,Under 5k,,,,,,,,left_only,24.0,0.0,1992.0,0.0,both,,,,,left_only
4020332650,4/28/2016,0,0.0,0.0,0.0,0.0,0.0,0.0,0.0,0,0,0,1440,1980,2016-04-28,,,,,Unavailable,Thursday,4,Weekday,0,0.0,,,1440,Within range,100.0,0.0,,No,Unknown,Under 5k,,,,,,,,left_only,24.0,0.0,1992.0,0.0,both,,,,,left_only
4020332650,4/29/2016,0,0.0,0.0,0.0,0.0,0.0,0.0,0.0,0,0,0,1440,1980,2016-04-29,,,,,Unavailable,Friday,5,Weekday,0,0.0,,,1440,Within range,100.0,0.0,,No,Unknown,Under 5k,,,,,,,,left_only,24.0,0.0,1992.0,0.0,both,,,,,left_only
4020332650,4/30/2016,0,0.0,0.0,0.0,0.0,0.0,0.0,0.0,0,0,0,1440,1980,2016-04-30,,,,,Unavailable,Saturday,6,Weekend,0,0.0,,,1440,Within range,100.0,0.0,,No,Unknown,Under 5k,,,,,,,,left_only,24.0,0.0,1992.0,0.0,both,,,,,left_only
4020332650,5/1/2016,0,0.0,0.0,0.0,0.0,0.0,0.0,0.0,0,0,0,1440,1980,2016-05-01,,,,,Unavailable,Sunday,7,Weekend,0,0.0,,,1440,Within range,100.0,0.0,,No,Unknown,Under 5k,,,,,,,,left_only,24.0,0.0,1992.0,0.0,both,,,,,left_only
4020332650,5/2/2016,475,0.340000003576279,0.340000003576279,0.0,0.0,0.0399999991059303,0.28999999165535,0.0,0,11,31,1350,2207,2016-05-02,,,,,Unavailable,Monday,1,Weekday,42,0.7,,,1392,Within range,96.98,3.02,11.31,No,Unknown,Under 5k,,,,,,,,left_only,24.0,465.0,2218.0,4.0,both,5566.0,90.300934243622,66.0,123.0,both
4020332650,5/3/2016,4496,3.22000002861023,3.22000002861023,0.0,0.0,0.0,3.15000009536743,0.0500000007450581,0,0,174,950,2828,2016-05-03,5/3/2016 12:00:00 AM,1.0,322.0,332.0,Available,Tuesday,2,Weekday,174,2.9,5.37,96.99,1124,Within range,84.52,15.48,25.84,No,No,Under 5k,,,,,,,,left_only,24.0,4465.0,2826.0,15.0,both,35580.0,77.8770095559303,52.0,127.0,both
4020332650,5/4/2016,10252,7.34999990463257,7.34999990463257,0.0,0.670000016689301,1.03999996185303,5.57999992370605,0.0,13,46,346,531,3879,2016-05-04,5/4/2016 12:00:00 AM,1.0,478.0,536.0,Available,Wednesday,3,Weekday,405,6.75,7.97,89.18,936,Within range,56.73,43.27,25.31,Yes,Yes,10k+,,,,,,,,left_only,24.0,10194.0,3872.0,18.0,both,37357.0,83.4561661803678,49.0,147.0,both
4020332650,5/5/2016,11728,8.43000030517578,8.43000030517578,0.0,2.61999988555908,1.67999994754791,4.03999996185303,0.0700000002980232,38,42,196,916,3429,2016-05-05,5/5/2016 12:00:00 AM,1.0,226.0,248.0,Available,Thursday,4,Weekday,276,4.6,3.77,91.13,1192,Within range,76.85,23.15,42.49,Yes,No,10k+,,,,,,,,left_only,24.0,11713.0,3430.0,13.0,both,21507.0,85.57474310689543,49.0,126.0,both
4020332650,5/6/2016,4369,3.13000011444092,3.13000011444092,0.0,0.0,0.0,3.09999990463257,0.0099999997764825,0,0,177,855,2704,2016-05-06,5/6/2016 12:00:00 AM,1.0,385.0,408.0,Available,Friday,5,Weekday,177,2.95,6.42,94.36,1032,Within range,82.85,17.15,24.68,No,No,Under 5k,,,,,,,,left_only,24.0,4357.0,2705.0,11.0,both,25859.0,75.64283228276422,50.0,116.0,both
4020332650,5/7/2016,6132,4.40000009536743,4.40000009536743,0.0,0.0,0.0,3.57999992370605,0.0,0,0,184,1256,2975,2016-05-07,,,,,Unavailable,Saturday,6,Weekend,184,3.07,,,1440,Within range,87.22,12.78,33.33,No,Unknown,5k-7.5k,,,,,,,,left_only,24.0,5005.0,2846.0,15.0,both,16695.0,89.09170410302485,64.0,117.0,both
4020332650,5/8/2016,5862,4.19999980926514,4.19999980926514,0.0,0.0,0.0,4.15000009536743,0.0,0,0,263,775,3089,2016-05-08,5/8/2016 12:00:00 AM,1.0,364.0,402.0,Available,Sunday,7,Weekend,263,4.38,6.07,90.55,1038,Within range,74.66,25.34,22.29,No,No,5k-7.5k,,,,,,,,left_only,24.0,5812.0,3083.0,19.0,both,33998.0,78.0410612388964,51.0,131.0,both
4020332650,5/9/2016,4556,3.26999998092651,3.26999998092651,0.0,0.200000002980232,0.119999997317791,2.94000005722046,0.0,3,5,173,1225,2785,2016-05-09,,,,,Unavailable,Monday,1,Weekday,181,3.02,,,1406,Within range,87.13,12.87,25.17,No,Unknown,Under 5k,,,,,,,,left_only,24.0,4556.0,2791.0,10.0,both,15180.0,86.66172595520422,55.0,155.0,both
4020332650,5/10/2016,5546,3.98000001907349,3.98000001907349,0.0,0.0,0.0,3.86999988555908,0.0399999991059303,0,0,206,774,2926,2016-05-10,5/10/2016 12:00:00 AM,1.0,442.0,494.0,Available,Tuesday,2,Weekday,206,3.43,7.37,89.47,980,Within range,78.98,21.02,26.92,No,Yes,5k-7.5k,,,,,,,,left_only,24.0,5474.0,2916.0,17.0,both,29101.0,72.61970379024775,46.0,142.0,both
4020332650,5/11/2016,3689,2.65000009536743,2.65000009536743,0.0,0.109999999403954,0.170000001788139,2.32999992370605,0.0,2,8,134,1296,2645,2016-05-11,,,,,Unavailable,Wednesday,3,Weekday,144,2.4,,,1440,Within range,90.0,10.0,25.62,No,Unknown,Under 5k,,,,,,,,left_only,24.0,3663.0,2649.0,7.0,both,8626.0,91.23313239044748,64.0,133.0,both
4020332650,5/12/2016,590,0.419999986886978,0.419999986886978,0.0,0.0,0.0,0.409999996423721,0.0,0,0,21,721,1120,2016-05-12,,,,,Unavailable,Thursday,4,Weekday,21,0.35,,,742,Within range,97.17,2.83,28.1,No,Unknown,Under 5k,,,,,,,,left_only,12.0,257.0,1036.0,1.0,both,1042.0,94.26967370441459,70.0,125.0,both
4057192912,4/12/2016,5394,4.03000020980835,4.03000020980835,0.0,0.0,0.0,3.94000005722046,0.0,0,0,164,1276,2286,2016-04-12,,,,,Unavailable,Tuesday,2,Weekday,164,2.73,,,1440,Within range,88.61,11.39,32.89,No,Unknown,5k-7.5k,,,,,,,,left_only,24.0,5394.0,2273.0,18.0,both,,,,,left_only
4057192912,4/13/2016,5974,4.46999979019165,4.46999979019165,0.0,0.0,0.0,4.36999988555908,0.0,0,0,160,1280,2306,2016-04-13,,,,,Unavailable,Wednesday,3,Weekday,160,2.67,,,1440,Within range,88.89,11.11,37.34,No,Unknown,5k-7.5k,,,,,,,,left_only,24.0,5974.0,2289.0,14.0,both,,,,,left_only
4057192912,4/14/2016,0,0.0,0.0,0.0,0.0,0.0,0.0,0.0,0,0,0,1440,1776,2016-04-14,,,,,Unavailable,Thursday,4,Weekday,0,0.0,,,1440,Within range,100.0,0.0,,No,Unknown,Under 5k,,,,,,,,left_only,24.0,0.0,1776.0,0.0,both,,,,,left_only
4057192912,4/15/2016,3984,2.95000004768372,2.95000004768372,0.0,0.209999993443489,0.259999990463257,2.44000005722046,0.0,3,6,88,873,1527,2016-04-15,,,,,Unavailable,Friday,5,Weekday,97,1.62,,,970,Within range,90.0,10.0,41.07,No,Unknown,Under 5k,,,,,,,,left_only,16.0,3937.0,1511.0,9.0,both,,,,,left_only
4319703577,4/12/2016,7753,5.19999980926514,5.19999980926514,0.0,0.0,0.0,0.0,0.0,0,0,0,1440,2115,2016-04-12,,,,,Unavailable,Tuesday,2,Weekday,0,0.0,,,1440,Within range,100.0,0.0,,No,Unknown,7.5k-10k,,,,,,,,left_only,24.0,0.0,1464.0,0.0,both,,,,,left_only
4319703577,4/13/2016,8204,5.5,5.5,0.0,0.529999971389771,0.589999973773956,1.30999994277954,0.0,8,15,96,1234,2135,2016-04-13,,,,,Unavailable,Wednesday,3,Weekday,119,1.98,,,1353,Within range,91.2,8.8,68.94,No,Unknown,7.5k-10k,,,,,,,,left_only,24.0,3619.0,1756.0,7.0,both,,,,,left_only
4319703577,4/14/2016,10210,6.88000011444092,6.88000011444092,0.0,0.109999999403954,0.330000013113022,6.44000005722046,0.0,1,9,339,589,2302,2016-04-14,4/14/2016 12:00:00 AM,1.0,535.0,557.0,Available,Thursday,4,Weekday,349,5.82,8.92,96.05,938,Within range,62.79,37.21,29.26,Yes,Yes,10k+,,,,,,,,left_only,24.0,10210.0,2299.0,18.0,both,,,,,left_only
4319703577,4/15/2016,5664,3.79999995231628,3.79999995231628,0.0,0.0,0.0,3.79999995231628,0.0,0,0,228,752,1985,2016-04-15,4/15/2016 12:00:00 AM,1.0,465.0,491.0,Available,Friday,5,Weekday,228,3.8,7.75,94.7,980,Within range,76.73,23.27,24.84,No,Yes,5k-7.5k,,,,,,,,left_only,24.0,5664.0,1982.0,19.0,both,,,,,left_only
4319703577,4/16/2016,4744,3.1800000667572,3.1800000667572,0.0,0.0,0.0,3.1800000667572,0.0,0,0,194,724,1884,2016-04-16,4/16/2016 12:00:00 AM,1.0,506.0,522.0,Available,Saturday,6,Weekend,194,3.23,8.43,96.93,918,Within range,78.87,21.13,24.45,No,Yes,Under 5k,,,,,,,,left_only,24.0,4744.0,1886.0,11.0,both,,,,,left_only
4319703577,4/17/2016,29,0.0199999995529652,0.0199999995529652,0.0,0.0,0.0,0.0199999995529652,0.0,0,0,3,1363,1464,2016-04-17,,,,,Unavailable,Sunday,7,Weekend,3,0.05,,,1366,Within range,99.78,0.22,9.67,No,Unknown,Under 5k,2016-04-17 23:59:59,72.4000015258789,159.614681185927,25.0,27.4500007629395,True,1460937599000.0,both,24.0,29.0,1469.0,2.0,both,,,,,left_only
4319703577,4/18/2016,2276,1.54999995231628,1.54999995231628,0.0,0.0700000002980232,0.330000013113022,1.12000000476837,0.0,1,9,58,824,1632,2016-04-18,4/18/2016 12:00:00 AM,1.0,515.0,551.0,Available,Monday,1,Weekday,68,1.13,8.58,93.47,892,Within range,92.38,7.62,33.47,No,Yes,Under 5k,,,,,,,,left_only,24.0,2229.0,1637.0,8.0,both,,,,,left_only
4319703577,4/19/2016,8925,5.98999977111816,5.98999977111816,0.0,0.0,0.0,5.98999977111816,0.0,0,0,311,604,2200,2016-04-19,4/19/2016 12:00:00 AM,2.0,461.0,498.0,Available,Tuesday,2,Weekday,311,5.18,7.68,92.57,915,Within range,66.01,33.99,28.7,No,Yes,7.5k-10k,,,,,,,,left_only,24.0,8925.0,2203.0,18.0,both,,,,,left_only
4319703577,4/20/2016,8954,6.01000022888184,6.01000022888184,0.0,0.0,0.680000007152557,5.30999994277954,0.0,0,18,306,671,2220,2016-04-20,4/20/2016 12:00:00 AM,1.0,523.0,543.0,Available,Wednesday,3,Weekday,324,5.4,8.72,96.32,995,Within range,67.44,32.56,27.64,No,Yes,7.5k-10k,,,,,,,,left_only,24.0,8915.0,2215.0,18.0,both,,,,,left_only
4319703577,4/21/2016,3702,2.48000001907349,2.48000001907349,0.0,0.0,0.0,0.349999994039536,0.0,0,0,34,1265,1792,2016-04-21,4/21/2016 12:00:00 AM,1.0,59.0,65.0,Available,Thursday,4,Weekday,34,0.57,0.98,90.77,1299,Within range,97.38,2.62,108.88,No,No,Under 5k,,,,,,,,left_only,24.0,517.0,1530.0,9.0,both,,,,,left_only
4319703577,4/22/2016,4500,3.01999998092651,3.01999998092651,0.0,0.0599999986588955,0.810000002384186,2.15000009536743,0.0,1,19,176,709,1886,2016-04-22,4/22/2016 12:00:00 AM,1.0,533.0,550.0,Available,Friday,5,Weekday,196,3.27,8.88,96.91,905,Within range,78.34,21.66,22.96,No,Yes,Under 5k,,,,,,,,left_only,24.0,4500.0,1886.0,18.0,both,,,,,left_only
4319703577,4/23/2016,4935,3.30999994277954,3.30999994277954,0.0,0.0,0.0,3.30999994277954,0.0,0,0,233,546,1945,2016-04-23,4/23/2016 12:00:00 AM,1.0,692.0,722.0,Available,Saturday,6,Weekend,233,3.88,11.53,95.84,779,Within range,70.09,29.91,21.18,No,Yes,Under 5k,,,,,,,,left_only,24.0,4935.0,1946.0,18.0,both,,,,,left_only
4319703577,4/24/2016,4081,2.74000000953674,2.74000000953674,0.0,0.0599999986588955,0.200000002980232,2.47000002861023,0.0,1,5,191,692,1880,2016-04-24,4/24/2016 12:00:00 AM,1.0,467.0,501.0,Available,Sunday,7,Weekend,197,3.28,7.78,93.21,889,Within range,77.84,22.16,20.72,No,Yes,Under 5k,,,,,,,,left_only,24.0,4081.0,1883.0,18.0,both,,,,,left_only
4319703577,4/25/2016,9259,6.21000003814697,6.21000003814697,0.0,0.0,0.280000001192093,5.92999982833862,0.0,0,8,390,544,2314,2016-04-25,4/25/2016 12:00:00 AM,1.0,488.0,506.0,Available,Monday,1,Weekday,398,6.63,8.13,96.44,942,Within range,57.75,42.25,23.26,No,Yes,7.5k-10k,,,,,,,,left_only,24.0,9259.0,2314.0,19.0,both,,,,,left_only
4319703577,4/26/2016,9899,6.6399998664856,6.6399998664856,0.0,0.569999992847443,0.920000016689301,5.15000009536743,0.0,8,21,288,649,2236,2016-04-26,4/26/2016 12:00:00 AM,1.0,505.0,516.0,Available,Tuesday,2,Weekday,317,5.28,8.42,97.87,966,Within range,67.18,32.82,31.23,No,Yes,7.5k-10k,,,,,,,,left_only,24.0,9899.0,2237.0,14.0,both,,,,,left_only
4319703577,4/27/2016,10780,7.23000001907349,7.23000001907349,0.0,0.409999996423721,1.91999995708466,4.90999984741211,0.0,6,47,300,680,2324,2016-04-27,4/27/2016 12:00:00 AM,1.0,286.0,307.0,Available,Wednesday,3,Weekday,353,5.88,4.77,93.16,1033,Within range,65.83,34.17,30.54,Yes,No,10k+,,,,,,,,left_only,24.0,10780.0,2327.0,19.0,both,,,,,left_only
4319703577,4/28/2016,10817,7.28000020980835,7.28000020980835,0.0,1.00999999046326,0.330000013113022,5.94000005722046,0.0,13,8,359,552,2367,2016-04-28,4/28/2016 12:00:00 AM,1.0,497.0,522.0,Available,Thursday,4,Weekday,380,6.33,8.28,95.21,932,Within range,59.23,40.77,28.47,Yes,Yes,10k+,,,,,,,,left_only,24.0,10810.0,2371.0,19.0,both,,,,,left_only
4319703577,4/29/2016,7990,5.3600001335144,5.3600001335144,0.0,0.449999988079071,0.790000021457672,4.11999988555908,0.0,6,18,289,624,2175,2016-04-29,4/29/2016 12:00:00 AM,1.0,523.0,546.0,Available,Friday,5,Weekday,313,5.22,8.72,95.79,937,Within range,66.6,33.4,25.53,No,Yes,7.5k-10k,,,,,,,,left_only,24.0,7990.0,2177.0,20.0,both,,,,,left_only
4319703577,4/30/2016,8221,5.51999998092651,5.51999998092651,0.0,0.400000005960464,1.61000001430511,3.50999999046326,0.0,6,38,196,695,2092,2016-04-30,4/30/2016 12:00:00 AM,1.0,490.0,516.0,Available,Saturday,6,Weekend,240,4.0,8.17,94.96,935,Within range,74.33,25.67,34.25,No,Yes,7.5k-10k,,,,,,,,left_only,24.0,8221.0,2094.0,18.0,both,,,,,left_only
4319703577,5/1/2016,1251,0.839999973773956,0.839999973773956,0.0,0.0,0.0,0.839999973773956,0.0,0,0,67,836,1593,2016-05-01,5/1/2016 12:00:00 AM,1.0,484.0,500.0,Available,Sunday,7,Weekend,67,1.12,8.07,96.8,903,Within range,92.58,7.42,18.67,No,Yes,Under 5k,,,,,,,,left_only,24.0,1251.0,1598.0,9.0,both,,,,,left_only
4319703577,5/2/2016,9261,6.23999977111816,6.23999977111816,0.0,0.0,0.439999997615814,5.71000003814697,0.0,0,11,344,585,2270,2016-05-02,5/2/2016 12:00:00 AM,1.0,478.0,506.0,Available,Monday,1,Weekday,355,5.92,7.97,94.47,940,Within range,62.23,37.77,26.09,No,Yes,7.5k-10k,,,,,,,,left_only,24.0,9121.0,2267.0,21.0,both,,,,,left_only
4319703577,5/3/2016,9648,6.46999979019165,6.46999979019165,0.0,0.579999983310699,1.07000005245209,4.82999992370605,0.0,8,26,287,669,2235,2016-05-03,5/3/2016 12:00:00 AM,1.0,474.0,512.0,Available,Tuesday,2,Weekday,321,5.35,7.9,92.58,990,Within range,67.58,32.42,30.06,No,Yes,7.5k-10k,,,,,,,,left_only,24.0,9648.0,2237.0,20.0,both,,,,,left_only
4319703577,5/4/2016,10429,7.01999998092651,7.01999998092651,0.0,0.589999973773956,0.579999983310699,5.84999990463257,0.0,8,13,313,1106,2282,2016-05-04,,,,,Unavailable,Wednesday,3,Weekday,334,5.57,,,1440,Within range,76.81,23.19,31.22,Yes,Unknown,10k+,2016-05-04 23:59:59,72.3000030517578,159.394222287729,,27.3799991607666,True,1462406399000.0,both,24.0,10429.0,2286.0,16.0,both,,,,,left_only
4319703577,5/5/2016,13658,9.48999977111816,9.48999977111816,0.0,2.63000011444092,1.4099999666214,5.44999980926514,0.0,27,34,328,957,2530,2016-05-05,,,,,Unavailable,Thursday,4,Weekday,389,6.48,,,1346,Within range,71.1,28.9,35.11,Yes,Unknown,10k+,,,,,,,,left_only,24.0,13658.0,2533.0,18.0,both,,,,,left_only
4319703577,5/6/2016,9524,6.42000007629395,6.42000007629395,0.0,0.409999996423721,0.469999998807907,5.46000003814697,0.0,6,11,314,692,2266,2016-05-06,5/6/2016 12:00:00 AM,1.0,450.0,491.0,Available,Friday,5,Weekday,331,5.52,7.5,91.65,1023,Within range,67.64,32.36,28.77,No,Yes,7.5k-10k,,,,,,,,left_only,24.0,9426.0,2264.0,23.0,both,,,,,left_only
4319703577,5/7/2016,7937,5.32999992370605,5.32999992370605,0.0,0.189999997615814,1.04999995231628,4.07999992370605,0.0,3,28,279,586,2158,2016-05-07,5/7/2016 12:00:00 AM,1.0,507.0,530.0,Available,Saturday,6,Weekend,310,5.17,8.45,95.66,896,Within range,65.4,34.6,25.6,No,Yes,7.5k-10k,,,,,,,,left_only,24.0,7937.0,2160.0,20.0,both,,,,,left_only
4319703577,5/8/2016,3672,2.46000003814697,2.46000003814697,0.0,0.0,0.0,2.46000003814697,0.0,0,0,153,603,1792,2016-05-08,5/8/2016 12:00:00 AM,1.0,602.0,638.0,Available,Sunday,7,Weekend,153,2.55,10.03,94.36,756,Within range,79.76,20.24,24.0,No,Yes,Under 5k,,,,,,,,left_only,24.0,3672.0,1795.0,12.0,both,,,,,left_only
4319703577,5/9/2016,10378,6.96000003814697,6.96000003814697,0.0,0.140000000596046,0.560000002384186,6.25,0.0,2,14,374,490,2345,2016-05-09,5/9/2016 12:00:00 AM,1.0,535.0,565.0,Available,Monday,1,Weekday,390,6.5,8.92,94.69,880,Within range,55.68,44.32,26.61,Yes,Yes,10k+,,,,,,,,left_only,24.0,10362.0,2347.0,21.0,both,,,,,left_only
4319703577,5/10/2016,9487,6.36999988555908,6.36999988555908,0.0,0.209999993443489,0.46000000834465,5.69999980926514,0.0,3,12,329,555,2260,2016-05-10,5/10/2016 12:00:00 AM,1.0,487.0,517.0,Available,Tuesday,2,Weekday,344,5.73,8.12,94.2,899,Within range,61.74,38.26,27.58,No,Yes,7.5k-10k,,,,,,,,left_only,24.0,9487.0,2261.0,20.0,both,,,,,left_only
4319703577,5/11/2016,9129,6.13000011444092,6.13000011444092,0.0,0.200000002980232,0.740000009536743,5.17999982833862,0.0,3,18,311,574,2232,2016-05-11,5/11/2016 12:00:00 AM,1.0,529.0,558.0,Available,Wednesday,3,Weekday,332,5.53,8.82,94.8,906,Within range,63.36,36.64,27.5,No,Yes,7.5k-10k,,,,,,,,left_only,24.0,9129.0,2233.0,16.0,both,,,,,left_only
4319703577,5/12/2016,17,0.0099999997764825,0.0099999997764825,0.0,0.0,0.0,0.0099999997764825,0.0,0,0,2,0,257,2016-05-12,5/12/2016 12:00:00 AM,1.0,302.0,321.0,Available,Thursday,4,Weekday,2,0.03,5.03,94.08,2,Under 10 hours - review,0.0,100.0,8.5,No,No,Under 5k,,,,,,,,left_only,4.0,17.0,247.0,2.0,both,,,,,left_only
4388161847,4/12/2016,10122,7.78000020980835,7.78000020980835,0.0,0.0,0.0,0.0,0.0,0,0,0,1440,2955,2016-04-12,,,,,Unavailable,Tuesday,2,Weekday,0,0.0,,,1440,Within range,100.0,0.0,,Yes,Unknown,10k+,,,,,,,,left_only,24.0,0.0,1872.0,0.0,both,,,,,left_only
4388161847,4/13/2016,10993,8.44999980926514,8.44999980926514,0.0,0.0599999986588955,0.629999995231628,3.88000011444092,0.0,1,14,150,1275,3092,2016-04-13,,,,,Unavailable,Wednesday,3,Weekday,165,2.75,,,1440,Within range,88.54,11.46,66.62,Yes,Unknown,10k+,,,,,,,,left_only,24.0,5938.0,2507.0,7.0,both,8208.0,67.04312865497076,45.0,130.0,both
4388161847,4/14/2016,8863,6.82000017166138,6.82000017166138,0.0,0.129999995231628,1.07000005245209,5.61999988555908,0.0,10,35,219,945,2998,2016-04-14,,,,,Unavailable,Thursday,4,Weekday,264,4.4,,,1209,Within range,78.16,21.84,33.57,No,Unknown,7.5k-10k,,,,,,,,left_only,24.0,8863.0,2996.0,19.0,both,7392.0,68.43871753246754,48.0,132.0,both
4388161847,4/15/2016,8758,6.73000001907349,6.73000001907349,0.0,0.0,0.0,6.73000001907349,0.0,0,0,299,837,3066,2016-04-15,4/15/2016 12:00:00 AM,1.0,499.0,526.0,Available,Friday,5,Weekday,299,4.98,8.32,94.87,1136,Within range,73.68,26.32,29.29,No,Yes,7.5k-10k,,,,,,,,left_only,24.0,8758.0,3065.0,21.0,both,9205.0,67.47093970668115,44.0,127.0,both
4388161847,4/16/2016,6580,5.05999994277954,5.05999994277954,0.0,0.209999993443489,0.400000005960464,4.44999980926514,0.0,6,9,253,609,3073,2016-04-16,4/16/2016 12:00:00 AM,2.0,426.0,448.0,Available,Saturday,6,Weekend,268,4.47,7.1,95.09,877,Within range,69.44,30.56,24.55,No,Yes,5k-7.5k,,,,,,,,left_only,24.0,6580.0,3075.0,18.0,both,8970.0,75.47658862876254,56.0,142.0,both
4388161847,4/17/2016,4660,3.57999992370605,3.57999992370605,0.0,0.0,0.0,3.57999992370605,0.0,0,0,201,721,2572,2016-04-17,4/17/2016 12:00:00 AM,2.0,619.0,641.0,Available,Sunday,7,Weekend,201,3.35,10.32,96.57,922,Within range,78.2,21.8,23.18,No,Yes,Under 5k,,,,,,,,left_only,24.0,4660.0,2573.0,19.0,both,8550.0,66.39134502923977,49.0,113.0,both
4388161847,4/18/2016,11009,9.10000038146973,9.10000038146973,0.0,3.55999994277954,0.400000005960464,5.1399998664856,0.0,27,8,239,1017,3274,2016-04-18,4/18/2016 12:00:00 AM,1.0,99.0,104.0,Available,Monday,1,Weekday,274,4.57,1.65,95.19,1291,Within range,78.78,21.22,40.18,Yes,No,10k+,,,,,,,,left_only,24.0,11009.0,3273.0,18.0,both,8051.0,81.49099490746491,50.0,176.0,both
4388161847,4/19/2016,10181,7.82999992370605,7.82999992370605,0.0,1.37000000476837,0.689999997615814,5.76999998092651,0.0,20,16,249,704,3015,2016-04-19,4/19/2016 12:00:00 AM,1.0,329.0,338.0,Available,Tuesday,2,Weekday,285,4.75,5.48,97.34,989,Within range,71.18,28.82,35.72,Yes,No,10k+,,,,,,,,left_only,24.0,10181.0,3016.0,21.0,both,9274.0,65.5324563295234,46.0,136.0,both
4388161847,4/20/2016,10553,8.11999988555908,8.11999988555908,0.0,1.10000002384186,1.72000002861023,5.28999996185303,0.0,19,42,228,696,3083,2016-04-20,4/20/2016 12:00:00 AM,1.0,421.0,451.0,Available,Wednesday,3,Weekday,289,4.82,7.02,93.35,985,Within range,70.66,29.34,36.52,Yes,Yes,10k+,,,,,,,,left_only,24.0,10553.0,3085.0,19.0,both,9216.0,65.40125868055556,46.0,149.0,both
4388161847,4/21/2016,10055,7.73000001907349,7.73000001907349,0.0,0.370000004768372,0.389999985694885,6.98000001907349,0.0,7,12,272,853,3069,2016-04-21,4/21/2016 12:00:00 AM,1.0,442.0,458.0,Available,Thursday,4,Weekday,291,4.85,7.37,96.51,1144,Within range,74.56,25.44,34.55,Yes,Yes,10k+,,,,,,,,left_only,24.0,10055.0,3070.0,19.0,both,7907.0,63.099279119767296,42.0,146.0,both
4388161847,4/22/2016,12139,9.34000015258789,9.34000015258789,0.0,3.29999995231628,1.11000001430511,4.92000007629395,0.0,77,25,220,945,3544,2016-04-22,4/22/2016 12:00:00 AM,1.0,82.0,85.0,Available,Friday,5,Weekday,322,5.37,1.37,96.47,1267,Within range,74.59,25.41,37.7,Yes,No,10k+,,,,,,,,left_only,24.0,12139.0,3542.0,17.0,both,7298.0,73.27719923266649,49.0,149.0,both
4388161847,4/23/2016,13236,10.1800003051758,10.1800003051758,0.0,4.5,0.319999992847443,5.34999990463257,0.0,58,5,215,749,3306,2016-04-23,4/23/2016 12:00:00 AM,1.0,478.0,501.0,Available,Saturday,6,Weekend,278,4.63,7.97,95.41,1027,Within range,72.93,27.07,47.61,Yes,Yes,10k+,,,,,,,,left_only,24.0,13236.0,3311.0,20.0,both,9326.0,67.08074201158053,44.0,158.0,both
4388161847,4/24/2016,10243,7.88000011444092,7.88000011444092,0.0,1.08000004291534,0.509999990463257,6.30000019073486,0.0,14,8,239,584,2885,2016-04-24,4/24/2016 12:00:00 AM,3.0,552.0,595.0,Available,Sunday,7,Weekend,261,4.35,9.2,92.77,845,Within range,69.11,30.89,39.25,Yes,Yes,10k+,,,,,,,,left_only,24.0,10243.0,2882.0,18.0,both,8663.0,62.10169687175343,44.0,139.0,both
4388161847,4/25/2016,12961,9.97000026702881,9.97000026702881,0.0,0.730000019073486,1.39999997615814,7.84000015258789,0.0,11,31,301,1054,3288,2016-04-25,,,,,Unavailable,Monday,1,Weekday,343,5.72,,,1397,Within range,75.45,24.55,37.79,Yes,Unknown,10k+,,,,,,,,left_only,24.0,12961.0,3287.0,19.0,both,7759.0,67.51205052197449,45.0,150.0,both
4388161847,4/26/2016,9461,7.28000020980835,7.28000020980835,0.0,0.939999997615814,1.05999994277954,5.26999998092651,0.0,14,23,224,673,2929,2016-04-26,4/26/2016 12:00:00 AM,1.0,319.0,346.0,Available,Tuesday,2,Weekday,261,4.35,5.32,92.2,934,Within range,72.06,27.94,36.25,No,No,7.5k-10k,,,,,,,,left_only,24.0,9461.0,2930.0,22.0,both,9229.0,62.51359843970094,42.0,128.0,both
4388161847,4/27/2016,11193,8.60999965667725,8.60999965667725,0.0,0.699999988079071,2.50999999046326,5.3899998664856,0.0,11,48,241,684,3074,2016-04-27,4/27/2016 12:00:00 AM,1.0,439.0,500.0,Available,Wednesday,3,Weekday,300,5.0,7.32,87.8,984,Within range,69.51,30.49,37.31,Yes,Yes,10k+,,,,,,,,left_only,24.0,11193.0,3073.0,23.0,both,9351.0,62.120521869318786,42.0,153.0,both
4388161847,4/28/2016,10074,7.75,7.75,0.0,1.28999996185303,0.430000007152557,6.03000020980835,0.0,19,9,234,878,2969,2016-04-28,4/28/2016 12:00:00 AM,1.0,428.0,458.0,Available,Thursday,4,Weekday,262,4.37,7.13,93.45,1140,Within range,77.02,22.98,38.45,Yes,Yes,10k+,,,,,,,,left_only,24.0,10074.0,2968.0,18.0,both,7786.0,62.32648343180067,41.0,131.0,both
4388161847,4/29/2016,9232,7.09999990463257,7.09999990463257,0.0,0.800000011920929,0.889999985694885,5.42000007629395,0.0,13,16,236,1175,2979,2016-04-29,,,,,Unavailable,Friday,5,Weekday,265,4.42,,,1440,Within range,81.6,18.4,34.84,No,Unknown,7.5k-10k,,,,,,,,left_only,24.0,9232.0,2978.0,19.0,both,7489.0,66.10588863666712,44.0,133.0,both
4388161847,4/30/2016,12533,9.64000034332275,9.64000034332275,0.0,0.699999988079071,2.0,6.94000005722046,0.0,14,43,300,537,3283,2016-04-30,4/30/2016 12:00:00 AM,2.0,409.0,430.0,Available,Saturday,6,Weekend,357,5.95,6.82,95.12,894,Within range,60.07,39.93,35.11,Yes,No,10k+,,,,,,,,left_only,24.0,12533.0,3284.0,22.0,both,9302.0,64.22769296925392,45.0,113.0,both
4388161847,5/1/2016,10255,7.8899998664856,7.8899998664856,0.0,1.00999999046326,0.680000007152557,6.19999980926514,0.0,12,15,241,579,2926,2016-05-01,5/1/2016 12:00:00 AM,1.0,547.0,597.0,Available,Sunday,7,Weekend,268,4.47,9.12,91.62,847,Within range,68.36,31.64,38.26,Yes,Yes,10k+,,,,,,,,left_only,24.0,10255.0,2926.0,19.0,both,8837.0,60.02217947267172,39.0,105.0,both
4388161847,5/2/2016,10096,8.39999961853027,8.39999961853027,0.0,3.76999998092651,0.0799999982118607,4.55000019073486,0.0,33,4,204,935,3147,2016-05-02,5/2/2016 12:00:00 AM,2.0,368.0,376.0,Available,Monday,1,Weekday,241,4.02,6.13,97.87,1176,Within range,79.51,20.49,41.89,Yes,No,10k+,,,,,,,,left_only,24.0,10096.0,3146.0,19.0,both,8216.0,66.39496105160661,43.0,180.0,both
4388161847,5/3/2016,12727,9.78999996185303,9.78999996185303,0.0,1.12999999523163,0.779999971389771,7.88000011444092,0.0,18,18,306,984,3290,2016-05-03,,,,,Unavailable,Tuesday,2,Weekday,342,5.7,,,1326,Within range,74.21,25.79,37.21,Yes,Unknown,10k+,,,,,,,,left_only,24.0,12727.0,3289.0,18.0,both,7740.0,66.62235142118863,44.0,135.0,both
4388161847,5/4/2016,12375,9.52000045776367,9.52000045776367,0.0,2.78999996185303,0.930000007152557,5.80000019073486,0.0,35,21,251,632,3162,2016-05-04,5/4/2016 12:00:00 AM,1.0,390.0,414.0,Available,Wednesday,3,Weekday,307,5.12,6.5,94.2,939,Within range,67.31,32.69,40.31,Yes,No,10k+,,,,,,,,left_only,24.0,12375.0,3162.0,19.0,both,9172.0,61.94766681203663,42.0,126.0,both
4388161847,5/5/2016,9603,7.38000011444092,7.38000011444092,0.0,0.629999995231628,1.66999995708466,5.09000015258789,0.0,12,39,199,896,2899,2016-05-05,5/5/2016 12:00:00 AM,1.0,471.0,495.0,Available,Thursday,4,Weekday,250,4.17,7.85,95.15,1146,Within range,78.18,21.82,38.41,No,Yes,7.5k-10k,,,,,,,,left_only,24.0,9603.0,2899.0,18.0,both,7797.0,61.041297935103245,42.0,123.0,both
4388161847,5/6/2016,13175,10.1300001144409,10.1300001144409,0.0,2.10999989509583,2.08999991416931,5.92999982833862,0.0,33,45,262,1100,3425,2016-05-06,,,,,Unavailable,Friday,5,Weekday,340,5.67,,,1440,Within range,76.39,23.61,38.75,Yes,Unknown,10k+,,,,,,,,left_only,24.0,13175.0,3423.0,20.0,both,8188.0,69.07669760625305,47.0,151.0,both
4388161847,5/7/2016,22770,17.5400009155273,17.5400009155273,0.0,9.44999980926514,2.76999998092651,5.32999992370605,0.0,120,56,260,508,4022,2016-05-07,5/7/2016 12:00:00 AM,1.0,472.0,496.0,Available,Saturday,6,Weekend,436,7.27,7.87,95.16,944,Within range,53.81,46.19,52.22,Yes,Yes,10k+,,,,,,,,left_only,24.0,22770.0,4022.0,18.0,both,9609.0,66.62712040795088,41.0,153.0,both
4388161847,5/8/2016,17298,14.3800001144409,14.3800001144409,0.0,9.89000034332275,1.25999999046326,3.23000001907349,0.0,107,38,178,576,3934,2016-05-08,5/8/2016 12:00:00 AM,2.0,529.0,541.0,Available,Sunday,7,Weekend,323,5.38,8.82,97.78,899,Within range,64.07,35.93,53.55,Yes,Yes,10k+,,,,,,,,left_only,24.0,17298.0,3935.0,15.0,both,9241.0,76.78011037766476,43.0,171.0,both
4388161847,5/9/2016,10218,7.8600001335144,7.8600001335144,0.0,0.340000003576279,0.730000019073486,6.78999996185303,0.0,6,19,258,1020,3013,2016-05-09,5/9/2016 12:00:00 AM,1.0,62.0,65.0,Available,Monday,1,Weekday,283,4.72,1.03,95.38,1303,Within range,78.28,21.72,36.11,Yes,No,10k+,,,,,,,,left_only,24.0,10218.0,3012.0,19.0,both,7425.0,64.05171717171717,44.0,140.0,both
4388161847,5/10/2016,10299,7.92000007629395,7.92000007629395,0.0,0.810000002384186,0.649999976158142,6.46000003814697,0.0,13,14,267,648,3061,2016-05-10,5/10/2016 12:00:00 AM,1.0,354.0,375.0,Available,Tuesday,2,Weekday,294,4.9,5.9,94.4,942,Within range,68.79,31.21,35.03,Yes,No,10k+,,,,,,,,left_only,24.0,10299.0,3059.0,19.0,both,9285.0,61.22121701669359,41.0,121.0,both
4388161847,5/11/2016,10201,7.84000015258789,7.84000015258789,0.0,0.529999971389771,0.790000021457672,6.53000020980835,0.0,8,18,256,858,2954,2016-05-11,5/11/2016 12:00:00 AM,1.0,469.0,494.0,Available,Wednesday,3,Weekday,282,4.7,7.82,94.94,1140,Within range,75.26,24.74,36.17,Yes,Yes,10k+,,,,,,,,left_only,24.0,10201.0,2954.0,17.0,both,8026.0,59.97196611014204,40.0,125.0,both
4388161847,5/12/2016,3369,2.58999991416931,2.58999991416931,0.0,0.0,0.0,2.58999991416931,0.0,0,0,108,825,1623,2016-05-12,,,,,Unavailable,Thursday,4,Weekday,108,1.8,,,933,Within range,88.42,11.58,31.19,No,Unknown,Under 5k,,,,,,,,left_only,15.0,3079.0,1553.0,9.0,both,3236.0,60.24690976514215,44.0,136.0,both
4445114986,4/12/2016,3276,2.20000004768372,2.20000004768372,0.0,0.0,0.0,2.20000004768372,0.0,0,0,196,787,2113,2016-04-12,4/12/2016 12:00:00 AM,2.0,429.0,457.0,Available,Tuesday,2,Weekday,196,3.27,7.15,93.87,983,Within range,80.06,19.94,16.71,No,Yes,Under 5k,,,,,,,,left_only,24.0,3276.0,2115.0,18.0,both,,,,,left_only
4445114986,4/13/2016,2961,1.99000000953674,1.99000000953674,0.0,0.0,0.0,1.99000000953674,0.0,0,0,194,840,2095,2016-04-13,4/13/2016 12:00:00 AM,2.0,370.0,406.0,Available,Wednesday,3,Weekday,194,3.23,6.17,91.13,1034,Within range,81.24,18.76,15.26,No,No,Under 5k,,,,,,,,left_only,24.0,2961.0,2096.0,16.0,both,,,,,left_only
4445114986,4/14/2016,3974,2.67000007629395,2.67000007629395,0.0,0.0,0.0,2.67000007629395,0.0,0,0,231,717,2194,2016-04-14,4/14/2016 12:00:00 AM,1.0,441.0,492.0,Available,Thursday,4,Weekday,231,3.85,7.35,89.63,948,Within range,75.63,24.37,17.2,No,Yes,Under 5k,,,,,,,,left_only,24.0,3974.0,2191.0,18.0,both,,,,,left_only
4445114986,4/15/2016,7198,4.82999992370605,4.82999992370605,0.0,0.0,0.0,4.82999992370605,0.0,0,0,350,711,2496,2016-04-15,4/15/2016 12:00:00 AM,2.0,337.0,379.0,Available,Friday,5,Weekday,350,5.83,5.62,88.92,1061,Within range,67.01,32.99,20.57,No,No,5k-7.5k,,,,,,,,left_only,24.0,7198.0,2494.0,21.0,both,,,,,left_only
4445114986,4/16/2016,3945,2.65000009536743,2.65000009536743,0.0,0.0,0.0,2.65000009536743,0.0,0,0,225,716,2180,2016-04-16,4/16/2016 12:00:00 AM,1.0,462.0,499.0,Available,Saturday,6,Weekend,225,3.75,7.7,92.59,941,Within range,76.09,23.91,17.53,No,Yes,Under 5k,,,,,,,,left_only,24.0,3945.0,2183.0,15.0,both,,,,,left_only
4445114986,4/17/2016,2268,1.51999998092651,1.51999998092651,0.0,0.0,0.0,1.51999998092651,0.0,0,0,114,1219,1933,2016-04-17,4/17/2016 12:00:00 AM,1.0,98.0,107.0,Available,Sunday,7,Weekend,114,1.9,1.63,91.59,1333,Within range,91.45,8.55,19.89,No,No,Under 5k,,,,,,,,left_only,24.0,2258.0,1930.0,10.0,both,,,,,left_only
4445114986,4/18/2016,6155,4.23999977111816,4.23999977111816,0.0,2.0,0.28999999165535,1.95000004768372,0.0,25,6,162,1247,2248,2016-04-18,,,,,Unavailable,Monday,1,Weekday,193,3.22,,,1440,Within range,86.6,13.4,31.89,No,Unknown,5k-7.5k,,,,,,,,left_only,24.0,6155.0,2250.0,12.0,both,,,,,left_only
4445114986,4/19/2016,2064,1.38999998569489,1.38999998569489,0.0,0.0,0.0,1.38999998569489,0.0,0,0,121,895,1954,2016-04-19,4/19/2016 12:00:00 AM,2.0,388.0,424.0,Available,Tuesday,2,Weekday,121,2.02,6.47,91.51,1016,Within range,88.09,11.91,17.06,No,No,Under 5k,,,,,,,,left_only,24.0,2064.0,1954.0,19.0,both,,,,,left_only
4445114986,4/20/2016,2072,1.38999998569489,1.38999998569489,0.0,0.0,0.0,1.38999998569489,0.0,0,0,137,841,1974,2016-04-20,4/20/2016 12:00:00 AM,1.0,439.0,462.0,Available,Wednesday,3,Weekday,137,2.28,7.32,95.02,978,Within range,85.99,14.01,15.12,No,Yes,Under 5k,,,,,,,,left_only,24.0,2072.0,1973.0,14.0,both,,,,,left_only
4445114986,4/21/2016,3809,2.55999994277954,2.55999994277954,0.0,0.0,0.0,2.53999996185303,0.0,0,0,215,756,2150,2016-04-21,4/21/2016 12:00:00 AM,1.0,436.0,469.0,Available,Thursday,4,Weekday,215,3.58,7.27,92.96,971,Within range,77.86,22.14,17.72,No,Yes,Under 5k,,,,,,,,left_only,24.0,3789.0,2145.0,18.0,both,,,,,left_only
4445114986,4/22/2016,6831,4.57999992370605,4.57999992370605,0.0,0.0,0.0,4.57999992370605,0.0,0,0,317,706,2432,2016-04-22,4/22/2016 12:00:00 AM,1.0,388.0,417.0,Available,Friday,5,Weekday,317,5.28,6.47,93.05,1023,Within range,69.01,30.99,21.55,No,No,5k-7.5k,,,,,,,,left_only,24.0,6831.0,2432.0,20.0,both,,,,,left_only
4445114986,4/23/2016,4363,2.9300000667572,2.9300000667572,0.0,0.0,0.0,2.9300000667572,0.0,0,0,201,1239,2149,2016-04-23,,,,,Unavailable,Saturday,6,Weekend,201,3.35,,,1440,Within range,86.04,13.96,21.71,No,Unknown,Under 5k,,,,,,,,left_only,24.0,4363.0,2151.0,12.0,both,,,,,left_only
4445114986,4/24/2016,5002,3.35999989509583,3.35999989509583,0.0,0.0,0.0,3.35999989509583,0.0,0,0,244,1196,2247,2016-04-24,,,,,Unavailable,Sunday,7,Weekend,244,4.07,,,1440,Within range,83.06,16.94,20.5,No,Unknown,5k-7.5k,,,,,,,,left_only,24.0,5002.0,2249.0,17.0,both,,,,,left_only
4445114986,4/25/2016,3385,2.26999998092651,2.26999998092651,0.0,0.0,0.0,2.26999998092651,0.0,0,0,179,916,2070,2016-04-25,4/25/2016 12:00:00 AM,1.0,328.0,345.0,Available,Monday,1,Weekday,179,2.98,5.47,95.07,1095,Within range,83.65,16.35,18.91,No,No,Under 5k,,,,,,,,left_only,24.0,3385.0,2074.0,16.0,both,,,,,left_only
4445114986,4/26/2016,6326,4.40999984741211,4.40999984741211,0.0,2.41000008583069,0.0399999991059303,1.96000003814697,0.0,29,1,180,839,2291,2016-04-26,4/26/2016 12:00:00 AM,2.0,353.0,391.0,Available,Tuesday,2,Weekday,210,3.5,5.88,90.28,1049,Within range,79.98,20.02,30.12,No,No,5k-7.5k,,,,,,,,left_only,24.0,6326.0,2293.0,18.0,both,,,,,left_only
4445114986,4/27/2016,7243,5.03000020980835,5.03000020980835,0.0,2.61999988555908,0.0299999993294477,2.38000011444092,0.0,32,1,194,839,2361,2016-04-27,4/27/2016 12:00:00 AM,1.0,332.0,374.0,Available,Wednesday,3,Weekday,227,3.78,5.53,88.77,1066,Within range,78.71,21.29,31.91,No,No,5k-7.5k,,,,,,,,left_only,24.0,7243.0,2361.0,20.0,both,,,,,left_only
4445114986,4/28/2016,4493,3.00999999046326,3.00999999046326,0.0,0.0,0.0,3.00999999046326,0.0,0,0,236,762,2203,2016-04-28,4/28/2016 12:00:00 AM,1.0,419.0,442.0,Available,Thursday,4,Weekday,236,3.93,6.98,94.8,998,Within range,76.35,23.65,19.04,No,No,Under 5k,,,,,,,,left_only,24.0,4493.0,2204.0,20.0,both,,,,,left_only
4445114986,4/29/2016,4676,3.14000010490417,3.14000010490417,0.0,0.0,0.0,3.13000011444092,0.0,0,0,226,1106,2196,2016-04-29,4/29/2016 12:00:00 AM,1.0,106.0,108.0,Available,Friday,5,Weekday,226,3.77,1.77,98.15,1332,Within range,83.03,16.97,20.69,No,No,Under 5k,,,,,,,,left_only,24.0,4658.0,2195.0,15.0,both,,,,,left_only
4445114986,4/30/2016,6222,4.17999982833862,4.17999982833862,0.0,0.0,0.0,4.17999982833862,0.0,0,0,290,797,2363,2016-04-30,4/30/2016 12:00:00 AM,1.0,322.0,353.0,Available,Saturday,6,Weekend,290,4.83,5.37,91.22,1087,Within range,73.32,26.68,21.46,No,No,5k-7.5k,,,,,,,,left_only,24.0,6222.0,2362.0,19.0,both,,,,,left_only
4445114986,5/1/2016,5232,3.50999999046326,3.50999999046326,0.0,0.0,0.0,3.50999999046326,0.0,0,0,240,741,2246,2016-05-01,5/1/2016 12:00:00 AM,2.0,439.0,459.0,Available,Sunday,7,Weekend,240,4.0,7.32,95.64,981,Within range,75.54,24.46,21.8,No,Yes,5k-7.5k,,,,,,,,left_only,24.0,5232.0,2250.0,19.0,both,,,,,left_only
4445114986,5/2/2016,6910,4.75,4.75,0.0,2.21000003814697,0.189999997615814,2.34999990463257,0.0,27,4,200,667,2336,2016-05-02,5/2/2016 12:00:00 AM,1.0,502.0,542.0,Available,Monday,1,Weekday,231,3.85,8.37,92.62,898,Within range,74.28,25.72,29.91,No,Yes,5k-7.5k,,,,,,,,left_only,24.0,6910.0,2335.0,18.0,both,,,,,left_only
4445114986,5/3/2016,7502,5.17999982833862,5.17999982833862,0.0,2.48000001907349,0.109999999403954,2.57999992370605,0.0,30,2,233,725,2421,2016-05-03,5/3/2016 12:00:00 AM,2.0,417.0,450.0,Available,Tuesday,2,Weekday,265,4.42,6.95,92.67,990,Within range,73.23,26.77,28.31,No,No,7.5k-10k,,,,,,,,left_only,24.0,7502.0,2420.0,18.0,both,,,,,left_only
4445114986,5/4/2016,2923,1.96000003814697,1.96000003814697,0.0,0.0,0.0,1.96000003814697,0.0,0,0,180,897,2070,2016-05-04,5/4/2016 12:00:00 AM,2.0,337.0,363.0,Available,Wednesday,3,Weekday,180,3.0,5.62,92.84,1077,Within range,83.29,16.71,16.24,No,No,Under 5k,,,,,,,,left_only,24.0,2923.0,2071.0,20.0,both,,,,,left_only
4445114986,5/5/2016,3800,2.54999995231628,2.54999995231628,0.0,0.119999997317791,0.239999994635582,2.1800000667572,0.0,2,6,185,734,2120,2016-05-05,5/5/2016 12:00:00 AM,2.0,462.0,513.0,Available,Thursday,4,Weekday,193,3.22,7.7,90.06,927,Within range,79.18,20.82,19.69,No,Yes,Under 5k,,,,,,,,left_only,24.0,3800.0,2122.0,16.0,both,,,,,left_only
4445114986,5/6/2016,4514,3.02999997138977,3.02999997138977,0.0,0.0,0.0,3.02999997138977,0.0,0,0,229,809,2211,2016-05-06,5/6/2016 12:00:00 AM,2.0,374.0,402.0,Available,Friday,5,Weekday,229,3.82,6.23,93.03,1038,Within range,77.94,22.06,19.71,No,No,Under 5k,,,,,,,,left_only,24.0,4514.0,2211.0,22.0,both,,,,,left_only
4445114986,5/7/2016,5183,3.58999991416931,3.58999991416931,0.0,2.13000011444092,0.189999997615814,1.25,0.0,26,4,108,866,2123,2016-05-07,5/7/2016 12:00:00 AM,2.0,401.0,436.0,Available,Saturday,6,Weekend,138,2.3,6.68,91.97,1004,Within range,86.25,13.75,37.56,No,No,5k-7.5k,,,,,,,,left_only,24.0,5167.0,2123.0,14.0,both,,,,,left_only
4445114986,5/8/2016,7303,4.90000009536743,4.90000009536743,0.0,0.0,0.25,4.65000009536743,0.0,0,8,308,733,2423,2016-05-08,5/8/2016 12:00:00 AM,1.0,361.0,391.0,Available,Sunday,7,Weekend,316,5.27,6.02,92.33,1049,Within range,69.88,30.12,23.11,No,No,5k-7.5k,,,,,,,,left_only,24.0,7303.0,2423.0,15.0,both,,,,,left_only
4445114986,5/9/2016,5275,3.53999996185303,3.53999996185303,0.0,0.0,0.0,3.53999996185303,0.0,0,0,266,641,2281,2016-05-09,5/9/2016 12:00:00 AM,1.0,457.0,533.0,Available,Monday,1,Weekday,266,4.43,7.62,85.74,907,Within range,70.67,29.33,19.83,No,Yes,5k-7.5k,,,,,,,,left_only,24.0,5275.0,2279.0,21.0,both,,,,,left_only
4445114986,5/10/2016,3915,2.63000011444092,2.63000011444092,0.0,0.0,0.0,2.63000011444092,0.0,0,0,231,783,2181,2016-05-10,5/10/2016 12:00:00 AM,1.0,405.0,426.0,Available,Tuesday,2,Weekday,231,3.85,6.75,95.07,1014,Within range,77.22,22.78,16.95,No,No,Under 5k,,,,,,,,left_only,24.0,3915.0,2181.0,21.0,both,,,,,left_only
4445114986,5/11/2016,9105,6.1100001335144,6.1100001335144,0.0,2.25,1.0,2.85999989509583,0.0,34,22,232,622,2499,2016-05-11,5/11/2016 12:00:00 AM,1.0,499.0,530.0,Available,Wednesday,3,Weekday,288,4.8,8.32,94.15,910,Within range,68.35,31.65,31.61,No,Yes,7.5k-10k,,,,,,,,left_only,24.0,9105.0,2502.0,17.0,both,,,,,left_only
4445114986,5/12/2016,768,0.519999980926514,0.519999980926514,0.0,0.0,0.0,0.519999980926514,0.0,0,0,58,380,1212,2016-05-12,5/12/2016 12:00:00 AM,1.0,483.0,501.0,Available,Thursday,4,Weekday,58,0.97,8.05,96.41,438,Under 10 hours - review,86.76,13.24,13.24,No,Yes,Under 5k,,,,,,,,left_only,15.0,687.0,1152.0,9.0,both,,,,,left_only
4558609924,4/12/2016,5135,3.39000010490417,3.39000010490417,0.0,0.0,0.0,3.39000010490417,0.0,0,0,318,1122,1909,2016-04-12,,,,,Unavailable,Tuesday,2,Weekday,318,5.3,,,1440,Within range,77.92,22.08,16.15,No,Unknown,5k-7.5k,,,,,,,,left_only,24.0,5135.0,1912.0,17.0,both,5973.0,76.63937719738824,57.0,104.0,both
4558609924,4/13/2016,4978,3.28999996185303,3.28999996185303,0.0,1.24000000953674,0.439999997615814,1.61000001430511,0.0,19,7,127,1287,1722,2016-04-13,,,,,Unavailable,Wednesday,3,Weekday,153,2.55,,,1440,Within range,89.38,10.62,32.54,No,Unknown,Under 5k,,,,,,,,left_only,24.0,4978.0,1728.0,8.0,both,2643.0,85.10215664018162,64.0,144.0,both
4558609924,4/14/2016,6799,4.48999977111816,4.48999977111816,0.0,0.0,0.0,4.48999977111816,0.0,0,0,279,1161,1922,2016-04-14,,,,,Unavailable,Thursday,4,Weekday,279,4.65,,,1440,Within range,80.62,19.38,24.37,No,Unknown,5k-7.5k,,,,,,,,left_only,24.0,6799.0,1925.0,14.0,both,5331.0,81.55655599324704,56.0,108.0,both
4558609924,4/15/2016,7795,5.15000009536743,5.15000009536743,0.0,0.589999973773956,0.839999973773956,3.73000001907349,0.0,17,30,262,1131,2121,2016-04-15,,,,,Unavailable,Friday,5,Weekday,309,5.15,,,1440,Within range,78.54,21.46,25.23,No,Unknown,7.5k-10k,,,,,,,,left_only,24.0,7795.0,2124.0,16.0,both,8102.0,90.86349049617378,58.0,146.0,both
4558609924,4/16/2016,7289,4.82000017166138,4.82000017166138,0.0,0.550000011920929,0.75,3.5,0.0,8,12,308,1112,1997,2016-04-16,,,,,Unavailable,Saturday,6,Weekend,328,5.47,,,1440,Within range,77.22,22.78,22.22,No,Unknown,5k-7.5k,,,,,,,,left_only,24.0,7265.0,1993.0,17.0,both,6881.0,76.29632320883593,55.0,135.0,both
4558609924,4/17/2016,9634,6.40000009536743,6.40000009536743,0.0,0.550000011920929,1.13999998569489,4.71000003814697,0.0,7,19,304,1110,2117,2016-04-17,,,,,Unavailable,Sunday,7,Weekend,330,5.5,,,1440,Within range,77.08,22.92,29.19,No,Unknown,7.5k-10k,,,,,,,,left_only,24.0,9634.0,2119.0,16.0,both,6141.0,83.2046897899365,57.0,136.0,both
4558609924,4/18/2016,8940,5.90999984741211,5.90999984741211,0.0,0.980000019073486,0.930000007152557,4.0,0.0,14,15,331,1080,2116,2016-04-18,,,,,Unavailable,Monday,1,Weekday,360,6.0,,,1440,Within range,75.0,25.0,24.83,No,Unknown,7.5k-10k,2016-04-18 23:59:59,69.6999969482422,153.662190014971,,27.25,True,1461023999000.0,both,24.0,8940.0,2119.0,16.0,both,6219.0,80.4574690464705,55.0,141.0,both
4558609924,4/19/2016,5401,3.5699999332428,3.5699999332428,0.0,0.0500000007450581,0.360000014305115,3.16000008583069,0.0,1,9,248,1182,1876,2016-04-19,,,,,Unavailable,Tuesday,2,Weekday,258,4.3,,,1440,Within range,82.08,17.92,20.93,No,Unknown,5k-7.5k,,,,,,,,left_only,24.0,5401.0,1878.0,12.0,both,4438.0,83.0984677782785,61.0,132.0,both
4558609924,4/20/2016,4803,3.17000007629395,3.17000007629395,0.0,0.0,0.0,3.17000007629395,0.0,0,0,222,1218,1788,2016-04-20,,,,,Unavailable,Wednesday,3,Weekday,222,3.7,,,1440,Within range,84.58,15.42,21.64,No,Unknown,Under 5k,,,,,,,,left_only,24.0,4803.0,1788.0,15.0,both,5135.0,76.92327166504381,57.0,110.0,both
4558609924,4/21/2016,13743,9.07999992370605,9.07999992370605,0.0,0.419999986886978,0.970000028610229,7.69999980926514,0.0,6,21,432,844,2486,2016-04-21,4/21/2016 12:00:00 AM,1.0,126.0,137.0,Available,Thursday,4,Weekday,459,7.65,2.1,91.97,1303,Within range,64.77,35.23,29.94,Yes,No,10k+,,,,,,,,left_only,24.0,13743.0,2488.0,19.0,both,7867.0,85.66238718698361,54.0,121.0,both
4558609924,4/22/2016,9601,6.34999990463257,6.34999990463257,0.0,1.37000000476837,1.5,3.47000002861023,0.0,20,25,273,1122,2094,2016-04-22,,,,,Unavailable,Friday,5,Weekday,318,5.3,,,1440,Within range,77.92,22.08,30.19,No,Unknown,7.5k-10k,,,,,,,,left_only,24.0,9601.0,2096.0,17.0,both,6277.0,82.56045881790665,57.0,140.0,both
4558609924,4/23/2016,6890,4.55000019073486,4.55000019073486,0.0,0.340000003576279,0.200000002980232,4.01000022888184,0.0,5,5,308,1122,2085,2016-04-23,,,,,Unavailable,Saturday,6,Weekend,318,5.3,,,1440,Within range,77.92,22.08,21.67,No,Unknown,5k-7.5k,,,,,,,,left_only,24.0,6890.0,2082.0,17.0,both,6342.0,85.85146641438033,60.0,133.0,both
4558609924,4/24/2016,8563,5.65999984741211,5.65999984741211,0.0,0.0,0.0,5.65000009536743,0.0,0,0,395,1045,2173,2016-04-24,,,,,Unavailable,Sunday,7,Weekend,395,6.58,,,1440,Within range,72.57,27.43,21.68,No,Unknown,7.5k-10k,,,,,,,,left_only,24.0,8553.0,2167.0,16.0,both,6533.0,83.96923312413898,58.0,121.0,both
4558609924,4/25/2016,8095,5.34999990463257,5.34999990463257,0.0,0.589999973773956,0.25,4.51000022888184,0.0,18,10,340,993,2225,2016-04-25,,,,,Unavailable,Monday,1,Weekday,368,6.13,,,1361,Within range,72.96,27.04,22.0,No,Unknown,7.5k-10k,2016-04-25 23:59:59,70.3000030517578,154.984977044029,,27.4599990844727,True,1461628799000.0,both,24.0,8095.0,2227.0,16.0,both,6750.0,82.49422222222222,55.0,163.0,both
4558609924,4/26/2016,9148,6.05000019073486,6.05000019073486,0.0,0.430000007152557,2.02999997138977,3.58999991416931,0.0,12,41,283,1062,2223,2016-04-26,4/26/2016 12:00:00 AM,1.0,103.0,121.0,Available,Tuesday,2,Weekday,336,5.6,1.72,85.12,1398,Within range,75.97,24.03,27.23,No,No,7.5k-10k,,,,,,,,left_only,24.0,9148.0,2220.0,16.0,both,7409.0,91.335402888379,59.0,148.0,both
4558609924,4/27/2016,9557,6.32000017166138,6.32000017166138,0.0,1.96000003814697,0.889999985694885,3.46000003814697,0.0,27,14,312,1087,2098,2016-04-27,,,,,Unavailable,Wednesday,3,Weekday,353,5.88,,,1440,Within range,75.49,24.51,27.07,No,Unknown,7.5k-10k,,,,,,,,left_only,24.0,9557.0,2098.0,15.0,both,6494.0,84.5569756698491,60.0,122.0,both
4558609924,4/28/2016,9451,6.25,6.25,0.0,0.0199999995529652,0.270000010728836,5.94999980926514,0.0,1,11,367,985,2185,2016-04-28,,,,,Unavailable,Thursday,4,Weekday,379,6.32,,,1364,Within range,72.21,27.79,24.94,No,Unknown,7.5k-10k,,,,,,,,left_only,24.0,9451.0,2187.0,18.0,both,7678.0,85.64209429538943,59.0,133.0,both
4558609924,4/29/2016,7833,5.17999982833862,5.17999982833862,0.0,1.01999998092651,1.85000002384186,2.30999994277954,0.0,15,29,197,1096,1918,2016-04-29,4/29/2016 12:00:00 AM,1.0,171.0,179.0,Available,Friday,5,Weekday,241,4.02,2.85,95.53,1337,Within range,81.97,18.03,32.5,No,No,7.5k-10k,,,,,,,,left_only,24.0,7833.0,1921.0,15.0,both,6943.0,80.55509145902347,53.0,139.0,both
4558609924,4/30/2016,10319,6.82000017166138,6.82000017166138,0.0,0.469999998807907,1.88999998569489,4.46000003814697,0.0,7,29,293,1111,2105,2016-04-30,,,,,Unavailable,Saturday,6,Weekend,329,5.48,,,1440,Within range,77.15,22.85,31.36,Yes,Unknown,10k+,,,,,,,,left_only,24.0,10310.0,2106.0,19.0,both,8817.0,79.18702506521493,53.0,134.0,both
4558609924,5/1/2016,3428,2.26999998092651,2.26999998092651,0.0,0.0,0.0,2.26999998092651,0.0,0,0,190,1121,1692,2016-05-01,5/1/2016 12:00:00 AM,1.0,115.0,129.0,Available,Sunday,7,Weekend,190,3.17,1.92,89.15,1311,Within range,85.51,14.49,18.04,No,No,Under 5k,2016-05-01 23:59:59,69.9000015258789,154.103124631302,,27.3199996948242,True,1462147199000.0,both,24.0,3428.0,1692.0,13.0,both,5231.0,70.84190403364558,53.0,127.0,both
4558609924,5/2/2016,7891,5.21999979019165,5.21999979019165,0.0,0.0,0.0,5.21999979019165,0.0,0,0,383,1057,2066,2016-05-02,,,,,Unavailable,Monday,1,Weekday,383,6.38,,,1440,Within range,73.4,26.6,20.6,No,Unknown,7.5k-10k,2016-05-02 23:59:59,69.1999969482422,152.559878704046,,27.0400009155273,True,1462233599000.0,both,24.0,7891.0,2070.0,16.0,both,6589.0,78.66975261799969,55.0,108.0,both
4558609924,5/3/2016,5267,3.48000001907349,3.48000001907349,0.0,0.600000023841858,0.280000001192093,2.59999990463257,0.0,21,10,237,1172,1953,2016-05-03,,,,,Unavailable,Tuesday,2,Weekday,268,4.47,,,1440,Within range,81.39,18.61,19.65,No,Unknown,5k-7.5k,,,,,,,,left_only,24.0,5267.0,1957.0,18.0,both,7355.0,82.52032630863359,52.0,148.0,both
4558609924,5/4/2016,5232,3.46000003814697,3.46000003814697,0.0,0.0,0.0,3.46000003814697,0.0,0,0,252,1188,1842,2016-05-04,,,,,Unavailable,Wednesday,3,Weekday,252,4.2,,,1440,Within range,82.5,17.5,20.76,No,Unknown,5k-7.5k,,,,,,,,left_only,24.0,5232.0,1846.0,14.0,both,5604.0,76.8313704496788,54.0,127.0,both
4558609924,5/5/2016,10611,7.01000022888184,7.01000022888184,0.0,1.00999999046326,0.5,5.51000022888184,0.0,14,8,370,1048,2262,2016-05-05,,,,,Unavailable,Thursday,4,Weekday,392,6.53,,,1440,Within range,72.78,27.22,27.07,Yes,Unknown,10k+,,,,,,,,left_only,24.0,10611.0,2265.0,17.0,both,6702.0,81.93927185914653,48.0,130.0,both
4558609924,5/6/2016,3755,2.48000001907349,2.48000001907349,0.0,0.0,0.0,2.48000001907349,0.0,0,0,202,1238,1722,2016-05-06,,,,,Unavailable,Friday,5,Weekday,202,3.37,,,1440,Within range,85.97,14.03,18.59,No,Unknown,Under 5k,,,,,,,,left_only,24.0,3755.0,1727.0,16.0,both,5429.0,71.94897771228587,51.0,110.0,both
4558609924,5/7/2016,8237,5.44000005722046,5.44000005722046,0.0,1.61000001430511,1.0,2.82999992370605,0.0,23,16,233,1116,1973,2016-05-07,,,,,Unavailable,Saturday,6,Weekend,272,4.53,,,1388,Within range,80.4,19.6,30.28,No,Unknown,7.5k-10k,,,,,,,,left_only,24.0,8237.0,1978.0,16.0,both,5431.0,76.24857300681275,54.0,116.0,both
4558609924,5/8/2016,6543,4.32999992370605,4.32999992370605,0.0,1.79999995231628,0.5,2.01999998092651,0.0,66,35,238,1019,2666,2016-05-08,5/8/2016 12:00:00 AM,1.0,123.0,134.0,Available,Sunday,7,Weekend,339,5.65,2.05,91.79,1358,Within range,75.04,24.96,19.3,No,No,5k-7.5k,,,,,,,,left_only,24.0,6543.0,2672.0,9.0,both,4606.0,104.87147199305254,45.0,199.0,both
4558609924,5/9/2016,11451,7.57000017166138,7.57000017166138,0.0,0.430000007152557,1.62000000476837,5.51999998092651,0.0,6,30,339,1065,2223,2016-05-09,,,,,Unavailable,Monday,1,Weekday,375,6.25,,,1440,Within range,73.96,26.04,30.54,Yes,Unknown,10k+,2016-05-09 23:59:59,69.0999984741211,152.339419805848,,27.0,True,1462838399000.0,both,24.0,11451.0,2228.0,17.0,both,6643.0,79.37543278639168,54.0,110.0,both
4558609924,5/10/2016,6435,4.25,4.25,0.0,0.740000009536743,1.12000000476837,2.39000010490417,0.0,11,18,220,1191,1889,2016-05-10,,,,,Unavailable,Tuesday,2,Weekday,249,4.15,,,1440,Within range,82.71,17.29,25.84,No,Unknown,5k-7.5k,,,,,,,,left_only,24.0,6435.0,1894.0,15.0,both,6322.0,75.78962353685543,50.0,147.0,both
4558609924,5/11/2016,9108,6.01999998092651,6.01999998092651,0.0,0.259999990463257,1.82000005245209,3.94000005722046,0.0,4,31,324,1081,2131,2016-05-11,,,,,Unavailable,Wednesday,3,Weekday,359,5.98,,,1440,Within range,75.07,24.93,25.37,No,Unknown,7.5k-10k,,,,,,,,left_only,24.0,9108.0,2132.0,17.0,both,6441.0,74.92423536717901,44.0,138.0,both
4558609924,5/12/2016,6307,4.17000007629395,4.17000007629395,0.0,0.0,0.0,4.17000007629395,0.0,0,0,247,736,1452,2016-05-12,,,,,Unavailable,Thursday,4,Weekday,247,4.12,,,983,Within range,74.87,25.13,25.53,No,Unknown,5k-7.5k,,,,,,,,left_only,16.0,6020.0,1407.0,9.0,both,3842.0,79.67777199375325,54.0,117.0,both
4702921684,4/12/2016,7213,5.88000011444092,5.88000011444092,0.0,0.0,0.0,5.84999990463257,0.0,0,0,263,718,2947,2016-04-12,4/12/2016 12:00:00 AM,1.0,425.0,439.0,Available,Tuesday,2,Weekday,263,4.38,7.08,96.81,981,Within range,73.19,26.81,27.43,No,Yes,5k-7.5k,,,,,,,,left_only,24.0,7213.0,2949.0,18.0,both,,,,,left_only
4702921684,4/13/2016,6877,5.57999992370605,5.57999992370605,0.0,0.0,0.0,5.57999992370605,0.0,0,0,258,777,2898,2016-04-13,4/13/2016 12:00:00 AM,2.0,400.0,430.0,Available,Wednesday,3,Weekday,258,4.3,6.67,93.02,1035,Within range,75.07,24.93,26.66,No,No,5k-7.5k,,,,,,,,left_only,24.0,6877.0,2894.0,19.0,both,,,,,left_only
4702921684,4/14/2016,7860,6.36999988555908,6.36999988555908,0.0,0.0,0.0,6.36999988555908,0.0,0,0,271,772,2984,2016-04-14,4/14/2016 12:00:00 AM,1.0,384.0,415.0,Available,Thursday,4,Weekday,271,4.52,6.4,92.53,1043,Within range,74.02,25.98,29.0,No,No,7.5k-10k,,,,,,,,left_only,24.0,7860.0,2986.0,17.0,both,,,,,left_only
4702921684,4/15/2016,6506,5.28000020980835,5.28000020980835,0.0,0.0700000002980232,0.419999986886978,4.78999996185303,0.0,1,8,256,944,2896,2016-04-15,4/15/2016 12:00:00 AM,1.0,253.0,257.0,Available,Friday,5,Weekday,265,4.42,4.22,98.44,1209,Within range,78.08,21.92,24.55,No,No,5k-7.5k,,,,,,,,left_only,24.0,6506.0,2896.0,16.0,both,,,,,left_only
4702921684,4/16/2016,11140,9.02999973297119,9.02999973297119,0.0,0.239999994635582,1.25,7.53999996185303,0.0,3,24,335,556,3328,2016-04-16,4/16/2016 12:00:00 AM,2.0,382.0,406.0,Available,Saturday,6,Weekend,362,6.03,6.37,94.09,918,Within range,60.57,39.43,30.77,Yes,No,10k+,,,,,,,,left_only,24.0,11134.0,3321.0,17.0,both,,,,,left_only
4702921684,4/17/2016,12692,10.289999961853,10.289999961853,0.0,0.959999978542328,3.46000003814697,5.88000011444092,0.0,12,66,302,437,3394,2016-04-17,4/17/2016 12:00:00 AM,1.0,591.0,612.0,Available,Sunday,7,Weekend,380,6.33,9.85,96.57,817,Within range,53.49,46.51,33.4,Yes,Yes,10k+,,,,,,,,left_only,24.0,12692.0,3393.0,14.0,both,,,,,left_only
4702921684,4/18/2016,9105,7.38000011444092,7.38000011444092,0.0,1.82000005245209,1.49000000953674,4.07000017166138,0.0,22,30,191,890,3013,2016-04-18,4/18/2016 12:00:00 AM,1.0,293.0,312.0,Available,Monday,1,Weekday,243,4.05,4.88,93.91,1133,Within range,78.55,21.45,37.47,No,No,7.5k-10k,,,,,,,,left_only,24.0,9105.0,3012.0,15.0,both,,,,,left_only
4702921684,4/19/2016,6708,5.44000005722046,5.44000005722046,0.0,0.879999995231628,0.370000004768372,4.19000005722046,0.0,10,8,179,757,2812,2016-04-19,4/19/2016 12:00:00 AM,1.0,457.0,487.0,Available,Tuesday,2,Weekday,197,3.28,7.62,93.84,954,Within range,79.35,20.65,34.05,No,Yes,5k-7.5k,,,,,,,,left_only,24.0,6708.0,2813.0,16.0,both,,,,,left_only
4702921684,4/20/2016,8793,7.13000011444092,7.13000011444092,0.0,0.159999996423721,1.23000001907349,5.73000001907349,0.0,2,29,260,717,3061,2016-04-20,4/20/2016 12:00:00 AM,1.0,454.0,468.0,Available,Wednesday,3,Weekday,291,4.85,7.57,97.01,1008,Within range,71.13,28.87,30.22,No,Yes,7.5k-10k,,,,,,,,left_only,24.0,8793.0,3063.0,19.0,both,,,,,left_only
4702921684,4/21/2016,6530,5.30000019073486,5.30000019073486,0.0,0.310000002384186,2.04999995231628,2.94000005722046,0.0,4,41,144,901,2729,2016-04-21,4/21/2016 12:00:00 AM,1.0,425.0,434.0,Available,Thursday,4,Weekday,189,3.15,7.08,97.93,1090,Within range,82.66,17.34,34.55,No,Yes,5k-7.5k,,,,,,,,left_only,24.0,6530.0,2728.0,14.0,both,,,,,left_only
4702921684,4/22/2016,1664,1.35000002384186,1.35000002384186,0.0,0.0,0.0,1.35000002384186,0.0,0,0,72,1341,2241,2016-04-22,,,,,Unavailable,Friday,5,Weekday,72,1.2,,,1413,Within range,94.9,5.1,23.11,No,Unknown,Under 5k,,,,,,,,left_only,24.0,1664.0,2241.0,3.0,both,,,,,left_only
4702921684,4/23/2016,15126,12.2700004577637,12.2700004577637,0.0,0.759999990463257,3.24000000953674,8.27000045776367,0.0,9,66,408,469,3691,2016-04-23,4/23/2016 12:00:00 AM,1.0,465.0,475.0,Available,Saturday,6,Weekend,483,8.05,7.75,97.89,952,Within range,49.26,50.74,31.32,Yes,Yes,10k+,,,,,,,,left_only,24.0,15126.0,3691.0,16.0,both,,,,,left_only
4702921684,4/24/2016,15050,12.2200002670288,12.2200002670288,0.0,1.20000004768372,5.11999988555908,5.88000011444092,0.0,15,95,281,542,3538,2016-04-24,4/24/2016 12:00:00 AM,1.0,480.0,506.0,Available,Sunday,7,Weekend,391,6.52,8.0,94.86,933,Within range,58.09,41.91,38.49,Yes,Yes,10k+,,,,,,,,left_only,24.0,15050.0,3539.0,18.0,both,,,,,left_only
4702921684,4/25/2016,9167,7.42999982833862,7.42999982833862,0.0,0.490000009536743,0.819999992847443,6.1100001335144,0.0,6,15,270,730,3064,2016-04-25,4/25/2016 12:00:00 AM,1.0,370.0,380.0,Available,Monday,1,Weekday,291,4.85,6.17,97.37,1021,Within range,71.5,28.5,31.5,No,No,7.5k-10k,,,,,,,,left_only,24.0,9140.0,3060.0,18.0,both,,,,,left_only
4702921684,4/26/2016,6108,4.94999980926514,4.94999980926514,0.0,0.0700000002980232,0.349999994039536,4.53999996185303,0.0,1,8,216,765,2784,2016-04-26,4/26/2016 12:00:00 AM,1.0,421.0,429.0,Available,Tuesday,2,Weekday,225,3.75,7.02,98.14,990,Within range,77.27,22.73,27.15,No,Yes,5k-7.5k,,,,,,,,left_only,24.0,6108.0,2784.0,15.0,both,,,,,left_only
4702921684,4/27/2016,7047,5.71999979019165,5.71999979019165,0.0,0.0900000035762787,0.800000011920929,4.78000020980835,0.0,1,16,238,733,2908,2016-04-27,4/27/2016 12:00:00 AM,1.0,432.0,449.0,Available,Wednesday,3,Weekday,255,4.25,7.2,96.21,988,Within range,74.19,25.81,27.64,No,Yes,5k-7.5k,,,,,,,,left_only,24.0,6976.0,2903.0,18.0,both,,,,,left_only
4702921684,4/28/2016,9023,7.32000017166138,7.32000017166138,0.0,1.12999999523163,0.419999986886978,5.76999998092651,0.0,14,9,232,738,3033,2016-04-28,4/28/2016 12:00:00 AM,1.0,442.0,461.0,Available,Thursday,4,Weekday,255,4.25,7.37,95.88,993,Within range,74.32,25.68,35.38,No,Yes,7.5k-10k,,,,,,,,left_only,24.0,9023.0,3033.0,18.0,both,,,,,left_only
4702921684,4/29/2016,9930,8.05000019073486,8.05000019073486,0.0,1.05999994277954,0.920000016689301,6.07000017166138,0.0,12,19,267,692,3165,2016-04-29,4/29/2016 12:00:00 AM,1.0,433.0,447.0,Available,Friday,5,Weekday,298,4.97,7.22,96.87,990,Within range,69.9,30.1,33.32,No,Yes,7.5k-10k,,,,,,,,left_only,24.0,9930.0,3164.0,17.0,both,,,,,left_only
4702921684,4/30/2016,10144,8.22999954223633,8.22999954223633,0.0,0.319999992847443,2.02999997138977,5.88000011444092,0.0,4,36,263,728,3115,2016-04-30,4/30/2016 12:00:00 AM,1.0,479.0,501.0,Available,Saturday,6,Weekend,303,5.05,7.98,95.61,1031,Within range,70.61,29.39,33.48,Yes,Yes,10k+,,,,,,,,left_only,24.0,10144.0,3115.0,12.0,both,,,,,left_only
4702921684,5/1/2016,0,0.0,0.0,0.0,0.0,0.0,0.0,0.0,0,0,0,1440,2017,2016-05-01,,,,,Unavailable,Sunday,7,Weekend,0,0.0,,,1440,Within range,100.0,0.0,,No,Unknown,Under 5k,,,,,,,,left_only,24.0,0.0,2016.0,0.0,both,,,,,left_only
4702921684,5/2/2016,7245,5.92000007629395,5.92000007629395,0.0,0.379999995231628,1.74000000953674,3.75999999046326,0.0,5,40,195,1131,2859,2016-05-02,,,,,Unavailable,Monday,1,Weekday,240,4.0,,,1371,Within range,82.49,17.51,30.19,No,Unknown,5k-7.5k,,,,,,,,left_only,24.0,7245.0,2859.0,11.0,both,,,,,left_only
4702921684,5/3/2016,9454,7.67000007629395,7.67000007629395,0.0,0.0,0.0,7.67000007629395,0.0,0,0,313,729,3145,2016-05-03,5/3/2016 12:00:00 AM,1.0,327.0,373.0,Available,Tuesday,2,Weekday,313,5.22,5.45,87.67,1042,Within range,69.96,30.04,30.2,No,No,7.5k-10k,,,,,,,,left_only,24.0,9454.0,3145.0,20.0,both,,,,,left_only
4702921684,5/4/2016,8161,6.61999988555908,6.61999988555908,0.0,0.340000003576279,0.730000019073486,5.53999996185303,0.0,4,15,251,757,3004,2016-05-04,5/4/2016 12:00:00 AM,1.0,412.0,434.0,Available,Wednesday,3,Weekday,270,4.5,6.87,94.93,1027,Within range,73.71,26.29,30.23,No,No,7.5k-10k,,,,,,,,left_only,24.0,8161.0,3003.0,16.0,both,,,,,left_only
4702921684,5/5/2016,8614,6.98999977111816,6.98999977111816,0.0,0.670000016689301,0.219999998807907,6.09000015258789,0.0,8,5,241,745,3006,2016-05-05,5/5/2016 12:00:00 AM,1.0,414.0,428.0,Available,Thursday,4,Weekday,254,4.23,6.9,96.73,999,Within range,74.57,25.43,33.91,No,No,7.5k-10k,,,,,,,,left_only,24.0,8614.0,3005.0,18.0,both,,,,,left_only
4702921684,5/6/2016,6943,5.63000011444092,5.63000011444092,0.0,0.0799999982118607,0.660000026226044,4.86999988555908,0.0,1,16,207,682,2859,2016-05-06,5/6/2016 12:00:00 AM,1.0,404.0,449.0,Available,Friday,5,Weekday,224,3.73,6.73,89.98,906,Within range,75.28,24.72,31.0,No,No,5k-7.5k,,,,,,,,left_only,24.0,6910.0,2857.0,19.0,both,,,,,left_only
4702921684,5/7/2016,14370,11.6499996185303,11.6499996185303,0.0,0.370000004768372,2.30999994277954,8.97000026702881,0.0,5,46,439,577,3683,2016-05-07,5/7/2016 12:00:00 AM,1.0,520.0,543.0,Available,Saturday,6,Weekend,490,8.17,8.67,95.76,1067,Within range,54.08,45.92,29.33,Yes,Yes,10k+,,,,,,,,left_only,24.0,14370.0,3683.0,18.0,both,,,,,left_only
4702921684,5/8/2016,12857,10.4300003051758,10.4300003051758,0.0,0.680000007152557,6.21000003814697,3.53999996185303,0.0,9,125,192,1019,3287,2016-05-08,,,,,Unavailable,Sunday,7,Weekend,326,5.43,,,1345,Within range,75.76,24.24,39.44,Yes,Unknown,10k+,,,,,,,,left_only,24.0,12857.0,3288.0,14.0,both,,,,,left_only
4702921684,5/9/2016,8232,6.67999982833862,6.67999982833862,0.0,0.0,0.569999992847443,6.09999990463257,0.0,0,12,253,746,2990,2016-05-09,5/9/2016 12:00:00 AM,1.0,435.0,458.0,Available,Monday,1,Weekday,265,4.42,7.25,94.98,1011,Within range,73.79,26.21,31.06,No,Yes,7.5k-10k,,,,,,,,left_only,24.0,8232.0,2991.0,17.0,both,,,,,left_only
4702921684,5/10/2016,10613,8.60999965667725,8.60999965667725,0.0,0.0799999982118607,1.87999999523163,6.65000009536743,0.0,1,37,262,701,3172,2016-05-10,5/10/2016 12:00:00 AM,1.0,416.0,431.0,Available,Tuesday,2,Weekday,300,5.0,6.93,96.52,1001,Within range,70.03,29.97,35.38,Yes,No,10k+,,,,,,,,left_only,24.0,10613.0,3171.0,17.0,both,,,,,left_only
4702921684,5/11/2016,9810,7.96000003814697,7.96000003814697,0.0,0.779999971389771,2.16000008583069,4.98000001907349,0.0,10,41,235,784,3069,2016-05-11,5/11/2016 12:00:00 AM,1.0,354.0,366.0,Available,Wednesday,3,Weekday,286,4.77,5.9,96.72,1070,Within range,73.27,26.73,34.3,No,No,7.5k-10k,,,,,,,,left_only,24.0,9772.0,3068.0,18.0,both,,,,,left_only
4702921684,5/12/2016,2752,2.23000001907349,2.23000001907349,0.0,0.0,0.0,2.23000001907349,0.0,0,0,68,241,1240,2016-05-12,5/12/2016 12:00:00 AM,1.0,404.0,442.0,Available,Thursday,4,Weekday,68,1.13,6.73,91.4,309,Under 10 hours - review,77.99,22.01,40.47,No,No,Under 5k,,,,,,,,left_only,11.0,2752.0,1220.0,7.0,both,,,,,left_only
5553957443,4/12/2016,11596,7.57000017166138,7.57000017166138,0.0,1.37000000476837,0.790000021457672,5.40999984741211,0.0,19,13,277,767,2026,2016-04-12,4/12/2016 12:00:00 AM,1.0,441.0,464.0,Available,Tuesday,2,Weekday,309,5.15,7.35,95.04,1076,Within range,71.28,28.72,37.53,Yes,Yes,10k+,,,,,,,,left_only,24.0,11596.0,2026.0,18.0,both,8370.0,64.36511350059737,50.0,106.0,both
5553957443,4/13/2016,4832,3.16000008583069,3.16000008583069,0.0,0.0,0.0,3.16000008583069,0.0,0,0,226,647,1718,2016-04-13,4/13/2016 12:00:00 AM,2.0,455.0,488.0,Available,Wednesday,3,Weekday,226,3.77,7.58,93.24,873,Within range,74.11,25.89,21.38,No,Yes,Under 5k,,,,,,,,left_only,24.0,4832.0,1718.0,16.0,both,8051.0,61.483418208918145,47.0,95.0,both
5553957443,4/14/2016,17022,11.1199998855591,11.1199998855591,0.0,4.0,2.45000004768372,4.67000007629395,0.0,61,41,256,693,2324,2016-04-14,4/14/2016 12:00:00 AM,1.0,357.0,418.0,Available,Thursday,4,Weekday,358,5.97,5.95,85.41,1051,Within range,65.94,34.06,47.55,Yes,No,10k+,,,,,,,,left_only,24.0,17022.0,2326.0,21.0,both,9922.0,72.56047167909696,51.0,133.0,both
5553957443,4/15/2016,16556,10.8599996566772,10.8599996566772,0.0,4.15999984741211,1.98000001907349,4.71000003814697,0.0,58,38,239,689,2254,2016-04-15,4/15/2016 12:00:00 AM,1.0,377.0,409.0,Available,Friday,5,Weekday,335,5.58,6.28,92.18,1024,Within range,67.29,32.71,49.42,Yes,No,10k+,,,,,,,,left_only,24.0,16556.0,2255.0,20.0,both,9135.0,69.0200328407225,50.0,123.0,both
5553957443,4/16/2016,5771,3.76999998092651,3.76999998092651,0.0,0.0,0.0,3.76999998092651,0.0,0,0,288,521,1831,2016-04-16,4/16/2016 12:00:00 AM,2.0,651.0,686.0,Available,Saturday,6,Weekend,288,4.8,10.85,94.9,809,Within range,64.4,35.6,20.04,No,Yes,5k-7.5k,,,,,,,,left_only,24.0,5771.0,1830.0,21.0,both,8238.0,66.0213644088371,50.0,116.0,both
5553957443,4/17/2016,655,0.430000007152557,0.430000007152557,0.0,0.0,0.0,0.430000007152557,0.0,0,0,46,943,1397,2016-04-17,4/17/2016 12:00:00 AM,1.0,350.0,402.0,Available,Sunday,7,Weekend,46,0.77,5.83,87.06,989,Within range,95.35,4.65,14.24,No,No,Under 5k,,,,,,,,left_only,24.0,655.0,1398.0,7.0,both,1437.0,59.37717466945024,49.0,84.0,both
5553957443,4/18/2016,3727,2.4300000667572,2.4300000667572,0.0,0.0,0.0,2.4300000667572,0.0,0,0,206,622,1683,2016-04-18,4/18/2016 12:00:00 AM,2.0,520.0,541.0,Available,Monday,1,Weekday,206,3.43,8.67,96.12,828,Within range,75.12,24.88,18.09,No,Yes,Under 5k,,,,,,,,left_only,24.0,3727.0,1683.0,18.0,both,7963.0,65.3844028632425,53.0,91.0,both
5553957443,4/19/2016,15482,10.1099996566772,10.1099996566772,0.0,4.28000020980835,1.6599999666214,4.17999982833862,0.0,69,28,249,756,2284,2016-04-19,4/19/2016 12:00:00 AM,1.0,357.0,410.0,Available,Tuesday,2,Weekday,346,5.77,5.95,87.07,1102,Within range,68.6,31.4,44.75,Yes,No,10k+,,,,,,,,left_only,24.0,15482.0,2285.0,19.0,both,10572.0,74.88753310631857,49.0,128.0,both
5553957443,4/20/2016,2713,1.76999998092651,1.76999998092651,0.0,0.0,0.0,1.76999998092651,0.0,0,0,148,598,1570,2016-04-20,4/20/2016 12:00:00 AM,1.0,658.0,678.0,Available,Wednesday,3,Weekday,148,2.47,10.97,97.05,746,Within range,80.16,19.84,18.33,No,Yes,Under 5k,,,,,,,,left_only,24.0,2713.0,1571.0,20.0,both,8239.0,60.040417526398834,48.0,84.0,both
5553957443,4/21/2016,12346,8.0600004196167,8.0600004196167,0.0,2.95000004768372,2.16000008583069,2.96000003814697,0.0,47,42,177,801,2066,2016-04-21,4/21/2016 12:00:00 AM,1.0,399.0,431.0,Available,Thursday,4,Weekday,266,4.43,6.65,92.58,1067,Within range,75.07,24.93,46.41,Yes,No,10k+,,,,,,,,left_only,24.0,12346.0,2067.0,18.0,both,8951.0,71.33225337951068,49.0,127.0,both
5553957443,4/22/2016,11682,7.63000011444092,7.63000011444092,0.0,1.37999999523163,0.629999995231628,5.59999990463257,0.0,25,16,270,781,2105,2016-04-22,4/22/2016 12:00:00 AM,1.0,322.0,353.0,Available,Friday,5,Weekday,311,5.18,5.37,91.22,1092,Within range,71.52,28.48,37.56,Yes,No,10k+,,,,,,,,left_only,24.0,11670.0,2105.0,20.0,both,9088.0,70.42847711267606,51.0,128.0,both
5553957443,4/23/2016,4112,2.69000005722046,2.69000005722046,0.0,0.0,0.0,2.6800000667572,0.0,0,0,272,443,1776,2016-04-23,4/23/2016 12:00:00 AM,2.0,631.0,725.0,Available,Saturday,6,Weekend,272,4.53,10.52,87.03,715,Within range,61.96,38.04,15.12,No,Yes,Under 5k,,,,,,,,left_only,24.0,4110.0,1778.0,19.0,both,8275.0,67.07407854984895,52.0,94.0,both
5553957443,4/24/2016,1807,1.17999994754791,1.17999994754791,0.0,0.0,0.0,1.17999994754791,0.0,0,0,104,582,1507,2016-04-24,4/24/2016 12:00:00 AM,2.0,553.0,640.0,Available,Sunday,7,Weekend,104,1.73,9.22,86.41,686,Within range,84.84,15.16,17.38,No,Yes,Under 5k,,,,,,,,left_only,24.0,1807.0,1508.0,19.0,both,7857.0,63.97276314114802,50.0,92.0,both
5553957443,4/25/2016,10946,7.19000005722046,7.19000005722046,0.0,2.9300000667572,0.569999992847443,3.69000005722046,0.0,51,11,201,732,2033,2016-04-25,4/25/2016 12:00:00 AM,1.0,433.0,468.0,Available,Monday,1,Weekday,263,4.38,7.22,92.52,995,Within range,73.57,26.43,41.62,Yes,Yes,10k+,,,,,,,,left_only,24.0,10946.0,2034.0,18.0,both,9165.0,72.04626295690126,52.0,132.0,both
5553957443,4/26/2016,11886,7.76000022888184,7.76000022888184,0.0,2.36999988555908,0.930000007152557,4.46000003814697,0.0,40,18,238,750,2093,2016-04-26,4/26/2016 12:00:00 AM,1.0,412.0,453.0,Available,Tuesday,2,Weekday,296,4.93,6.87,90.95,1046,Within range,71.7,28.3,40.16,Yes,No,10k+,,,,,,,,left_only,24.0,11886.0,2098.0,19.0,both,8923.0,73.01322425193321,53.0,128.0,both
5553957443,4/27/2016,10538,6.88000011444092,6.88000011444092,0.0,1.13999998569489,1.0,4.73999977111816,0.0,16,16,206,745,1922,2016-04-27,4/27/2016 12:00:00 AM,1.0,347.0,391.0,Available,Wednesday,3,Weekday,238,3.97,5.78,88.75,983,Within range,75.79,24.21,44.28,Yes,No,10k+,,,,,,,,left_only,24.0,10538.0,1922.0,19.0,both,8705.0,65.07076392877657,49.0,104.0,both
5553957443,4/28/2016,11393,7.63000011444092,7.63000011444092,0.0,3.71000003814697,0.75,3.17000007629395,0.0,49,13,165,727,1999,2016-04-28,4/28/2016 12:00:00 AM,1.0,421.0,457.0,Available,Thursday,4,Weekday,227,3.78,7.02,92.12,954,Within range,76.21,23.79,50.19,Yes,Yes,10k+,,,,,,,,left_only,24.0,11393.0,1999.0,19.0,both,9114.0,71.07164801404433,51.0,149.0,both
5553957443,4/29/2016,12764,8.32999992370605,8.32999992370605,0.0,2.78999996185303,0.639999985694885,4.90999984741211,0.0,46,15,270,709,2169,2016-04-29,4/29/2016 12:00:00 AM,1.0,450.0,495.0,Available,Friday,5,Weekday,331,5.52,7.5,90.91,1040,Within range,68.17,31.83,38.56,Yes,Yes,10k+,,,,,,,,left_only,24.0,12764.0,2170.0,20.0,both,11959.0,73.07417008111047,50.0,156.0,both
5553957443,4/30/2016,1202,0.779999971389771,0.779999971389771,0.0,0.0,0.0,0.779999971389771,0.0,0,0,84,506,1463,2016-04-30,4/30/2016 12:00:00 AM,2.0,775.0,843.0,Available,Saturday,6,Weekend,84,1.4,12.92,91.93,590,Under 10 hours - review,85.76,14.24,14.31,No,Yes,Under 5k,,,,,,,,left_only,24.0,1202.0,1463.0,15.0,both,8018.0,65.77999501122474,49.0,89.0,both
5553957443,5/1/2016,5164,3.36999988555908,3.36999988555908,0.0,0.0,0.0,3.36999988555908,0.0,0,0,237,436,1747,2016-05-01,5/1/2016 12:00:00 AM,2.0,622.0,686.0,Available,Sunday,7,Weekend,237,3.95,10.37,90.67,673,Within range,64.78,35.22,21.79,No,Yes,5k-7.5k,,,,,,,,left_only,24.0,5164.0,1746.0,16.0,both,7664.0,66.54344989561586,49.0,116.0,both
5553957443,5/2/2016,9769,6.38000011444092,6.38000011444092,0.0,1.05999994277954,0.409999996423721,4.90000009536743,0.0,23,9,227,724,1996,2016-05-02,5/2/2016 12:00:00 AM,1.0,409.0,471.0,Available,Monday,1,Weekday,259,4.32,6.82,86.84,983,Within range,73.65,26.35,37.72,No,No,7.5k-10k,,,,,,,,left_only,24.0,9769.0,1995.0,19.0,both,9751.0,72.59142652035689,50.0,125.0,both
5553957443,5/3/2016,12848,8.39000034332275,8.39000034332275,0.0,1.5,1.20000004768372,5.67999982833862,0.0,26,29,247,812,2116,2016-05-03,5/3/2016 12:00:00 AM,1.0,380.0,429.0,Available,Tuesday,2,Weekday,302,5.03,6.33,88.58,1114,Within range,72.89,27.11,42.54,Yes,No,10k+,,,,,,,,left_only,24.0,12821.0,2114.0,21.0,both,9365.0,69.95312333155366,50.0,134.0,both
5553957443,5/4/2016,4249,2.76999998092651,2.76999998092651,0.0,0.0,0.0,2.76999998092651,0.0,0,0,224,651,1698,2016-05-04,5/4/2016 12:00:00 AM,1.0,447.0,470.0,Available,Wednesday,3,Weekday,224,3.73,7.45,95.11,875,Within range,74.4,25.6,18.97,No,Yes,Under 5k,,,,,,,,left_only,24.0,4249.0,1698.0,18.0,both,8459.0,61.67218347322378,47.0,108.0,both
5553957443,5/5/2016,14331,9.51000022888184,9.51000022888184,0.0,3.4300000667572,1.6599999666214,4.42999982833862,0.0,44,29,241,692,2156,2016-05-05,5/5/2016 12:00:00 AM,1.0,419.0,464.0,Available,Thursday,4,Weekday,314,5.23,6.98,90.3,1006,Within range,68.79,31.21,45.64,Yes,No,10k+,,,,,,,,left_only,24.0,14331.0,2154.0,20.0,both,9596.0,69.4014172571905,49.0,165.0,both
5553957443,5/6/2016,9632,6.28999996185303,6.28999996185303,0.0,1.51999998092651,0.540000021457672,4.23000001907349,0.0,21,9,229,761,1916,2016-05-06,5/6/2016 12:00:00 AM,1.0,400.0,434.0,Available,Friday,5,Weekday,259,4.32,6.67,92.17,1020,Within range,74.61,25.39,37.19,No,No,7.5k-10k,,,,,,,,left_only,24.0,9632.0,1915.0,19.0,both,7143.0,63.165196696066076,51.0,104.0,both
5553957443,5/7/2016,1868,1.22000002861023,1.22000002861023,0.0,0.0,0.0,1.22000002861023,0.0,0,0,96,902,1494,2016-05-07,5/7/2016 12:00:00 AM,1.0,442.0,470.0,Available,Saturday,6,Weekend,96,1.6,7.37,94.04,998,Within range,90.38,9.62,19.46,No,Yes,Under 5k,,,,,,,,left_only,24.0,1868.0,1495.0,10.0,both,2496.0,63.02644230769231,51.0,140.0,both
5553957443,5/8/2016,6083,4.0,4.0,0.0,0.219999998807907,0.469999998807907,3.29999995231628,0.0,3,8,210,505,1762,2016-05-08,5/8/2016 12:00:00 AM,1.0,568.0,608.0,Available,Sunday,7,Weekend,221,3.68,9.47,93.42,726,Within range,69.56,30.44,27.52,No,Yes,5k-7.5k,,,,,,,,left_only,24.0,6083.0,1763.0,17.0,both,8317.0,65.5694360947457,51.0,110.0,both
5553957443,5/9/2016,11611,7.57999992370605,7.57999992370605,0.0,2.13000011444092,0.889999985694885,4.55999994277954,0.0,59,22,251,667,2272,2016-05-09,5/9/2016 12:00:00 AM,1.0,453.0,494.0,Available,Monday,1,Weekday,332,5.53,7.55,91.7,999,Within range,66.77,33.23,34.97,Yes,Yes,10k+,,,,,,,,left_only,24.0,11611.0,2271.0,19.0,both,10059.0,76.65612883984491,51.0,149.0,both
5553957443,5/10/2016,16358,10.710000038147,10.710000038147,0.0,3.86999988555908,1.61000001430511,5.19999980926514,0.0,61,40,265,707,2335,2016-05-10,5/10/2016 12:00:00 AM,1.0,418.0,443.0,Available,Tuesday,2,Weekday,366,6.1,6.97,94.36,1073,Within range,65.89,34.11,44.69,Yes,No,10k+,,,,,,,,left_only,24.0,16315.0,2337.0,17.0,both,10173.0,76.83269438710312,53.0,133.0,both
5553957443,5/11/2016,4926,3.22000002861023,3.22000002861023,0.0,0.0,0.0,3.22000002861023,0.0,0,0,195,628,1693,2016-05-11,5/11/2016 12:00:00 AM,1.0,463.0,486.0,Available,Wednesday,3,Weekday,195,3.25,7.72,95.27,823,Within range,76.31,23.69,25.26,No,Yes,Under 5k,,,,,,,,left_only,24.0,4926.0,1694.0,18.0,both,7860.0,65.40050890585242,54.0,103.0,both
5553957443,5/12/2016,3121,2.03999996185303,2.03999996185303,0.0,0.579999983310699,0.400000005960464,1.05999994277954,0.0,8,6,48,222,741,2016-05-12,5/12/2016 12:00:00 AM,1.0,438.0,475.0,Available,Thursday,4,Weekday,62,1.03,7.3,92.21,284,Under 10 hours - review,78.17,21.83,50.34,No,Yes,Under 5k,,,,,,,,left_only,10.0,3121.0,716.0,6.0,both,2309.0,64.19532265049806,54.0,107.0,both
5577150313,4/12/2016,8135,6.07999992370605,6.07999992370605,0.0,3.59999990463257,0.379999995231628,2.09999990463257,0.0,86,16,140,728,3405,2016-04-12,4/12/2016 12:00:00 AM,1.0,419.0,438.0,Available,Tuesday,2,Weekday,242,4.03,6.98,95.66,970,Within range,75.05,24.95,33.62,No,No,7.5k-10k,,,,,,,,left_only,24.0,8135.0,3406.0,18.0,both,8685.0,65.65607369027059,41.0,154.0,both
5577150313,4/13/2016,5077,3.78999996185303,3.78999996185303,0.0,0.319999992847443,0.219999998807907,3.25,0.0,15,11,144,776,2551,2016-04-13,4/13/2016 12:00:00 AM,1.0,432.0,458.0,Available,Wednesday,3,Weekday,170,2.83,7.2,94.32,946,Within range,82.03,17.97,29.86,No,Yes,5k-7.5k,,,,,,,,left_only,24.0,5077.0,2552.0,14.0,both,3829.0,59.7035779576913,44.0,121.0,both
5577150313,4/14/2016,8596,6.42000007629395,6.42000007629395,0.0,3.32999992370605,0.310000002384186,2.77999997138977,0.0,118,30,176,662,4022,2016-04-14,4/14/2016 12:00:00 AM,1.0,477.0,497.0,Available,Thursday,4,Weekday,324,5.4,7.95,95.98,986,Within range,67.14,32.86,26.53,No,Yes,7.5k-10k,,,,,,,,left_only,24.0,8596.0,4097.0,19.0,both,9806.0,76.83571282888028,43.0,172.0,both
5577150313,4/15/2016,12087,9.07999992370605,9.07999992370605,0.0,3.92000007629395,1.60000002384186,3.55999994277954,0.0,115,54,199,695,4005,2016-04-15,4/15/2016 12:00:00 AM,1.0,392.0,413.0,Available,Friday,5,Weekday,368,6.13,6.53,94.92,1063,Within range,65.38,34.62,32.85,Yes,No,10k+,,,,,,,,left_only,24.0,12087.0,4003.0,22.0,both,17001.0,73.68219516499029,39.0,157.0,both
5577150313,4/16/2016,14269,10.6599998474121,10.6599998474121,0.0,6.6399998664856,1.27999997138977,2.73000001907349,0.0,184,56,158,472,4274,2016-04-16,4/16/2016 12:00:00 AM,1.0,406.0,445.0,Available,Saturday,6,Weekend,398,6.63,6.77,91.24,870,Within range,54.25,45.75,35.85,Yes,No,10k+,,,,,,,,left_only,24.0,14261.0,4272.0,20.0,both,29330.0,69.84255028980566,43.0,136.0,both
5577150313,4/17/2016,12231,9.14000034332275,9.14000034332275,0.0,5.98000001907349,0.829999983310699,2.3199999332428,0.0,200,37,159,525,4552,2016-04-17,4/17/2016 12:00:00 AM,1.0,549.0,583.0,Available,Sunday,7,Weekend,396,6.6,9.15,94.17,921,Within range,57.0,43.0,30.89,Yes,Yes,10k+,2016-04-17 09:17:55,90.6999969482422,199.959265073821,,28.0,False,1460884675000.0,both,24.0,12231.0,4551.0,21.0,both,8950.0,71.11754189944133,40.0,174.0,both
5577150313,4/18/2016,9893,7.3899998664856,7.3899998664856,0.0,4.8600001335144,0.720000028610229,1.82000005245209,0.0,114,32,130,623,3625,2016-04-18,4/18/2016 12:00:00 AM,1.0,527.0,553.0,Available,Monday,1,Weekday,276,4.6,8.78,95.3,899,Within range,69.3,30.7,35.84,No,Yes,7.5k-10k,,,,,,,,left_only,24.0,9893.0,3625.0,17.0,both,8629.0,68.649090276973,41.0,165.0,both
5577150313,4/19/2016,12574,9.42000007629395,9.42000007629395,0.0,7.01999998092651,0.639999985694885,1.75999999046326,0.0,108,23,111,733,3501,2016-04-19,4/19/2016 12:00:00 AM,1.0,449.0,465.0,Available,Tuesday,2,Weekday,242,4.03,7.48,96.56,975,Within range,75.18,24.82,51.96,Yes,Yes,10k+,,,,,,,,left_only,24.0,12574.0,3500.0,17.0,both,8667.0,70.46025152878735,42.0,159.0,both
5577150313,4/20/2016,8330,6.21999979019165,6.21999979019165,0.0,4.11999988555908,0.340000003576279,1.75999999046326,0.0,87,16,113,773,3192,2016-04-20,4/20/2016 12:00:00 AM,1.0,447.0,480.0,Available,Wednesday,3,Weekday,216,3.6,7.45,93.12,989,Within range,78.16,21.84,38.56,No,Yes,7.5k-10k,,,,,,,,left_only,24.0,8330.0,3191.0,19.0,both,6535.0,69.17306809487376,45.0,135.0,both
5577150313,4/21/2016,10830,8.09000015258789,8.09000015258789,0.0,3.65000009536743,1.6599999666214,2.77999997138977,0.0,110,74,175,670,4018,2016-04-21,4/21/2016 12:00:00 AM,1.0,414.0,437.0,Available,Thursday,4,Weekday,359,5.98,6.9,94.74,1029,Within range,65.11,34.89,30.17,Yes,No,10k+,,,,,,,,left_only,24.0,10830.0,4019.0,19.0,both,10106.0,72.31130021769246,43.0,168.0,both
5577150313,4/22/2016,9172,6.84999990463257,6.84999990463257,0.0,2.42000007629395,0.790000021457672,3.29999995231628,0.0,62,30,200,823,3329,2016-04-22,4/22/2016 12:00:00 AM,1.0,338.0,366.0,Available,Friday,5,Weekday,292,4.87,5.63,92.35,1115,Within range,73.81,26.19,31.41,No,No,7.5k-10k,,,,,,,,left_only,24.0,8700.0,3283.0,21.0,both,8361.0,64.64848702308336,43.0,132.0,both
5577150313,4/23/2016,7638,5.71000003814697,5.71000003814697,0.0,1.21000003814697,0.360000014305115,4.1399998664856,0.0,24,24,223,627,3152,2016-04-23,4/23/2016 12:00:00 AM,1.0,384.0,402.0,Available,Saturday,6,Weekend,271,4.52,6.4,95.52,898,Within range,69.82,30.18,28.18,No,No,7.5k-10k,,,,,,,,left_only,24.0,7638.0,3153.0,21.0,both,8519.0,65.07899988261534,40.0,171.0,both
5577150313,4/24/2016,15764,11.7799997329712,11.7799997329712,0.0,7.65000009536743,2.15000009536743,1.98000001907349,0.0,210,65,141,425,4392,2016-04-24,4/24/2016 12:00:00 AM,1.0,543.0,615.0,Available,Sunday,7,Weekend,416,6.93,9.05,88.29,841,Within range,50.54,49.46,37.89,Yes,Yes,10k+,,,,,,,,left_only,24.0,15764.0,4392.0,20.0,both,8338.0,72.2686495562485,40.0,131.0,both
5577150313,4/25/2016,6393,4.78000020980835,4.78000020980835,0.0,1.35000002384186,0.670000016689301,2.75999999046326,0.0,61,38,214,743,3374,2016-04-25,4/25/2016 12:00:00 AM,1.0,421.0,461.0,Available,Monday,1,Weekday,313,5.22,7.02,91.32,1056,Within range,70.36,29.64,20.42,No,Yes,5k-7.5k,,,,,,,,left_only,24.0,6393.0,3374.0,21.0,both,8877.0,67.54545454545455,43.0,125.0,both
5577150313,4/26/2016,5325,3.98000001907349,3.98000001907349,0.0,0.850000023841858,0.649999976158142,2.47000002861023,0.0,38,32,181,759,3088,2016-04-26,4/26/2016 12:00:00 AM,1.0,354.0,377.0,Available,Tuesday,2,Weekday,251,4.18,5.9,93.9,1010,Within range,75.15,24.85,21.22,No,No,5k-7.5k,,,,,,,,left_only,24.0,5325.0,3088.0,19.0,both,8764.0,65.35988133272478,40.0,122.0,both
5577150313,4/27/2016,6805,5.1399998664856,5.1399998664856,0.0,1.80999994277954,0.400000005960464,2.9300000667572,0.0,63,16,190,773,3294,2016-04-27,4/27/2016 12:00:00 AM,1.0,424.0,452.0,Available,Wednesday,3,Weekday,269,4.48,7.07,93.81,1042,Within range,74.18,25.82,25.3,No,Yes,5k-7.5k,,,,,,,,left_only,24.0,6805.0,3292.0,20.0,both,8756.0,66.42827775239836,42.0,130.0,both
5577150313,4/28/2016,9841,7.42999982833862,7.42999982833862,0.0,3.25,1.16999995708466,3.00999999046326,0.0,99,51,141,692,3580,2016-04-28,4/28/2016 12:00:00 AM,1.0,361.0,372.0,Available,Thursday,4,Weekday,291,4.85,6.02,97.04,983,Within range,70.4,29.6,33.82,No,No,7.5k-10k,,,,,,,,left_only,24.0,9841.0,3581.0,18.0,both,9062.0,70.68770690796734,40.0,171.0,both
5577150313,4/29/2016,7924,5.92000007629395,5.92000007629395,0.0,2.83999991416931,0.610000014305115,2.47000002861023,0.0,97,36,165,739,3544,2016-04-29,4/29/2016 12:00:00 AM,1.0,459.0,485.0,Available,Friday,5,Weekday,298,4.97,7.65,94.64,1037,Within range,71.26,28.74,26.59,No,Yes,7.5k-10k,,,,,,,,left_only,24.0,7924.0,3543.0,19.0,both,8712.0,66.26641414141415,42.0,141.0,both
5577150313,4/30/2016,12363,9.23999977111816,9.23999977111816,0.0,5.82999992370605,0.790000021457672,2.60999989509583,0.0,207,45,163,621,4501,2016-04-30,4/30/2016 12:00:00 AM,1.0,412.0,433.0,Available,Saturday,6,Weekend,415,6.92,6.87,95.15,1036,Within range,59.94,40.06,29.79,Yes,No,10k+,,,,,,,,left_only,24.0,12363.0,4502.0,19.0,both,9037.0,71.55549407989378,41.0,138.0,both
5577150313,5/1/2016,13368,9.98999977111816,9.98999977111816,0.0,5.30999994277954,1.44000005722046,3.24000000953674,0.0,194,72,178,499,4546,2016-05-01,5/1/2016 12:00:00 AM,1.0,379.0,398.0,Available,Sunday,7,Weekend,444,7.4,6.32,95.23,943,Within range,52.92,47.08,30.11,Yes,No,10k+,,,,,,,,left_only,24.0,13368.0,4545.0,19.0,both,8923.0,73.70357503081924,44.0,140.0,both
5577150313,5/2/2016,7439,5.55999994277954,5.55999994277954,0.0,1.12000000476837,0.349999994039536,4.07000017166138,0.0,37,20,235,732,3014,2016-05-02,5/2/2016 12:00:00 AM,2.0,525.0,553.0,Available,Monday,1,Weekday,292,4.87,8.75,94.94,1024,Within range,71.48,28.52,25.48,No,Yes,5k-7.5k,,,,,,,,left_only,24.0,7414.0,3011.0,20.0,both,4120.0,64.60946601941748,43.0,128.0,both
5577150313,5/3/2016,11045,8.25,8.25,0.0,4.51999998092651,0.150000005960464,3.5699999332428,0.0,97,8,212,580,3795,2016-05-03,5/3/2016 12:00:00 AM,1.0,508.0,543.0,Available,Tuesday,2,Weekday,317,5.28,8.47,93.55,897,Within range,64.66,35.34,34.84,Yes,Yes,10k+,,,,,,,,left_only,24.0,11045.0,3796.0,20.0,both,8690.0,70.00069044879172,42.0,154.0,both
5577150313,5/4/2016,5206,3.89000010490417,3.89000010490417,0.0,1.55999994277954,0.25,2.07999992370605,0.0,25,9,141,631,2755,2016-05-04,5/4/2016 12:00:00 AM,1.0,603.0,634.0,Available,Wednesday,3,Weekday,175,2.92,10.05,95.11,806,Within range,78.29,21.71,29.75,No,Yes,5k-7.5k,,,,,,,,left_only,24.0,5206.0,2757.0,16.0,both,8195.0,62.24588163514338,36.0,143.0,both
5577150313,5/5/2016,7550,5.6399998664856,5.6399998664856,0.0,2.5,0.469999998807907,2.67000007629395,0.0,45,21,143,1153,3004,2016-05-05,5/5/2016 12:00:00 AM,1.0,74.0,78.0,Available,Thursday,4,Weekday,209,3.48,1.23,94.87,1362,Within range,84.65,15.35,36.12,No,No,7.5k-10k,,,,,,,,left_only,24.0,7550.0,3008.0,13.0,both,4934.0,72.21057965139846,50.0,141.0,both
5577150313,5/6/2016,4950,3.70000004768372,3.70000004768372,0.0,1.92999994754791,0.319999992847443,1.45000004768372,0.0,41,16,79,1304,2643,2016-05-06,,,,,Unavailable,Friday,5,Weekday,136,2.27,,,1440,Within range,90.56,9.44,36.4,No,Unknown,Under 5k,,,,,,,,left_only,24.0,4950.0,2645.0,10.0,both,3714.0,70.48196015078084,48.0,134.0,both
5577150313,5/7/2016,0,0.0,0.0,0.0,0.0,0.0,0.0,0.0,0,0,0,1440,1819,2016-05-07,,,,,Unavailable,Saturday,6,Weekend,0,0.0,,,1440,Within range,100.0,0.0,,No,Unknown,Under 5k,,,,,,,,left_only,24.0,0.0,1824.0,0.0,both,,,,,left_only
5577150313,5/8/2016,0,0.0,0.0,0.0,0.0,0.0,0.0,0.0,0,0,0,1440,1819,2016-05-08,,,,,Unavailable,Sunday,7,Weekend,0,0.0,,,1440,Within range,100.0,0.0,,No,Unknown,Under 5k,,,,,,,,left_only,24.0,0.0,1824.0,0.0,both,,,,,left_only
5577150313,5/9/2016,3421,2.55999994277954,2.55999994277954,0.0,1.42999994754791,0.140000000596046,0.990000009536743,0.0,34,11,70,1099,2489,2016-05-09,,,,,Unavailable,Monday,1,Weekday,115,1.92,,,1214,Within range,90.53,9.47,29.75,No,Unknown,Under 5k,,,,,,,,left_only,24.0,3421.0,2490.0,12.0,both,4373.0,68.04024697004346,51.0,130.0,both
5577150313,5/10/2016,8869,6.65000009536743,6.65000009536743,0.0,2.55999994277954,0.75,3.34999990463257,0.0,104,37,194,639,3841,2016-05-10,5/10/2016 12:00:00 AM,1.0,504.0,562.0,Available,Tuesday,2,Weekday,335,5.58,8.4,89.68,974,Within range,65.61,34.39,26.47,No,Yes,7.5k-10k,,,,,,,,left_only,24.0,8869.0,3842.0,21.0,both,11173.0,75.29284883200573,42.0,172.0,both
5577150313,5/11/2016,4038,3.03999996185303,3.03999996185303,0.0,1.83000004291534,0.300000011920929,0.889999985694885,0.0,45,15,63,257,1665,2016-05-11,5/11/2016 12:00:00 AM,1.0,431.0,476.0,Available,Wednesday,3,Weekday,123,2.05,7.18,90.55,380,Under 10 hours - review,67.63,32.37,32.83,No,Yes,Under 5k,,,,,,,,left_only,12.0,3929.0,1650.0,9.0,both,4474.0,67.04067948144836,45.0,173.0,both
6117666160,4/12/2016,0,0.0,0.0,0.0,0.0,0.0,0.0,0.0,0,0,0,1440,1496,2016-04-12,,,,,Unavailable,Tuesday,2,Weekday,0,0.0,,,1440,Within range,100.0,0.0,,No,Unknown,Under 5k,,,,,,,,left_only,24.0,0.0,1488.0,0.0,both,,,,,left_only
6117666160,4/13/2016,0,0.0,0.0,0.0,0.0,0.0,0.0,0.0,0,0,0,1440,1496,2016-04-13,,,,,Unavailable,Wednesday,3,Weekday,0,0.0,,,1440,Within range,100.0,0.0,,No,Unknown,Under 5k,,,,,,,,left_only,24.0,0.0,1488.0,0.0,both,,,,,left_only
6117666160,4/14/2016,0,0.0,0.0,0.0,0.0,0.0,0.0,0.0,0,0,0,1440,1496,2016-04-14,,,,,Unavailable,Thursday,4,Weekday,0,0.0,,,1440,Within range,100.0,0.0,,No,Unknown,Under 5k,,,,,,,,left_only,24.0,0.0,1488.0,0.0,both,,,,,left_only
6117666160,4/15/2016,14019,10.5900001525879,10.5900001525879,0.0,0.0,0.280000001192093,10.3000001907349,0.0,0,6,513,921,2865,2016-04-15,,,,,Unavailable,Friday,5,Weekday,519,8.65,,,1440,Within range,63.96,36.04,27.01,Yes,Unknown,10k+,,,,,,,,left_only,24.0,14019.0,2861.0,13.0,both,5443.0,97.94359728091126,57.0,137.0,both
6117666160,4/16/2016,14450,10.9099998474121,10.9099998474121,0.0,0.579999983310699,0.850000023841858,9.47999954223633,0.0,7,15,518,502,2828,2016-04-16,4/16/2016 12:00:00 AM,1.0,380.0,398.0,Available,Saturday,6,Weekend,540,9.0,6.33,95.48,1042,Within range,48.18,51.82,26.76,Yes,No,10k+,,,,,,,,left_only,24.0,14450.0,2829.0,20.0,both,9688.0,87.02745664739885,54.0,155.0,both
6117666160,4/17/2016,7150,5.40000009536743,5.40000009536743,0.0,0.0,0.0,5.40000009536743,0.0,0,0,312,702,2225,2016-04-17,4/17/2016 12:00:00 AM,2.0,336.0,350.0,Available,Sunday,7,Weekend,312,5.2,5.6,96.0,1014,Within range,69.23,30.77,22.92,No,No,5k-7.5k,,,,,,,,left_only,24.0,7150.0,2222.0,19.0,both,5824.0,85.35302197802197,59.0,130.0,both
6117666160,4/18/2016,5153,3.91000008583069,3.91000008583069,0.0,0.0,0.0,3.89000010490417,0.0,0,0,241,759,2018,2016-04-18,4/18/2016 12:00:00 AM,2.0,493.0,510.0,Available,Monday,1,Weekday,241,4.02,8.22,96.67,1000,Within range,75.9,24.1,21.38,No,Yes,5k-7.5k,,,,,,,,left_only,24.0,5153.0,2018.0,16.0,both,4125.0,82.91442424242425,61.0,116.0,both
6117666160,4/19/2016,11135,8.40999984741211,8.40999984741211,0.0,0.0,0.0,8.40999984741211,0.0,0,0,480,425,2606,2016-04-19,4/19/2016 12:00:00 AM,1.0,465.0,492.0,Available,Tuesday,2,Weekday,480,8.0,7.75,94.51,905,Within range,46.96,53.04,23.2,Yes,Yes,10k+,,,,,,,,left_only,24.0,11135.0,2604.0,18.0,both,9169.0,83.5081252044934,53.0,124.0,both
6117666160,4/20/2016,10449,8.02000045776367,8.02000045776367,0.0,2.02999997138977,0.479999989271164,5.51999998092651,0.0,26,10,349,587,2536,2016-04-20,4/20/2016 12:00:00 AM,1.0,474.0,502.0,Available,Wednesday,3,Weekday,385,6.42,7.9,94.42,972,Within range,60.39,39.61,27.14,Yes,Yes,10k+,,,,,,,,left_only,24.0,10449.0,2534.0,18.0,both,9182.0,85.50435634937922,52.0,181.0,both
6117666160,4/21/2016,19542,15.0100002288818,15.0100002288818,0.0,0.980000019073486,0.400000005960464,5.61999988555908,0.0,11,19,294,579,4900,2016-04-21,4/21/2016 12:00:00 AM,1.0,508.0,550.0,Available,Thursday,4,Weekday,324,5.4,8.47,92.36,903,Within range,64.12,35.88,60.31,Yes,Yes,10k+,,,,,,,,left_only,24.0,9093.0,2365.0,17.0,both,7416.0,79.40156418554477,52.0,154.0,both
6117666160,4/22/2016,8206,6.19999980926514,6.19999980926514,0.0,0.0,0.0,6.19999980926514,0.0,0,0,402,413,2409,2016-04-22,4/22/2016 12:00:00 AM,1.0,480.0,546.0,Available,Friday,5,Weekday,402,6.7,8.0,87.91,815,Within range,50.67,49.33,20.41,No,Yes,7.5k-10k,,,,,,,,left_only,24.0,8206.0,2410.0,19.0,both,9012.0,81.7020639147803,53.0,139.0,both
6117666160,4/23/2016,11495,8.68000030517578,8.68000030517578,0.0,0.0,0.0,8.68000030517578,0.0,0,0,512,468,2651,2016-04-23,4/23/2016 12:00:00 AM,1.0,492.0,539.0,Available,Saturday,6,Weekend,512,8.53,8.2,91.28,980,Within range,47.76,52.24,22.45,Yes,Yes,10k+,,,,,,,,left_only,24.0,11495.0,2652.0,20.0,both,9450.0,81.79523809523809,54.0,121.0,both
6117666160,4/24/2016,7623,5.76000022888184,5.76000022888184,0.0,0.0,0.0,5.76000022888184,0.0,0,0,362,711,2305,2016-04-24,4/24/2016 12:00:00 AM,1.0,353.0,367.0,Available,Sunday,7,Weekend,362,6.03,5.88,96.19,1073,Within range,66.26,33.74,21.06,No,No,7.5k-10k,,,,,,,,left_only,24.0,7623.0,2302.0,15.0,both,5331.0,84.20596510973552,55.0,129.0,both
6117666160,4/25/2016,0,0.0,0.0,0.0,0.0,0.0,0.0,0.0,0,0,0,1440,1497,2016-04-25,,,,,Unavailable,Monday,1,Weekday,0,0.0,,,1440,Within range,100.0,0.0,,No,Unknown,Under 5k,,,,,,,,left_only,24.0,0.0,1488.0,0.0,both,,,,,left_only
6117666160,4/26/2016,9543,7.21000003814697,7.21000003814697,0.0,0.0,0.340000003576279,6.86999988555908,0.0,0,7,352,1077,2450,2016-04-26,,,,,Unavailable,Tuesday,2,Weekday,359,5.98,,,1436,Within range,75.0,25.0,26.58,No,Unknown,7.5k-10k,,,,,,,,left_only,24.0,9543.0,2448.0,17.0,both,6372.0,90.57266164469554,60.0,136.0,both
6117666160,4/27/2016,9411,7.1100001335144,7.1100001335144,0.0,0.0,0.0,7.1100001335144,0.0,0,0,458,417,2576,2016-04-27,4/27/2016 12:00:00 AM,1.0,542.0,557.0,Available,Wednesday,3,Weekday,458,7.63,9.03,97.31,875,Within range,47.66,52.34,20.55,No,Yes,7.5k-10k,,,,,,,,left_only,24.0,9411.0,2580.0,16.0,both,9172.0,83.14904055822068,52.0,126.0,both
6117666160,4/28/2016,3403,2.59999990463257,2.59999990463257,0.0,0.0,0.0,2.59999990463257,0.0,0,0,141,758,1879,2016-04-28,4/28/2016 12:00:00 AM,1.0,393.0,416.0,Available,Thursday,4,Weekday,141,2.35,6.55,94.47,899,Within range,84.32,15.68,24.13,No,No,Under 5k,,,,,,,,left_only,24.0,3403.0,1880.0,13.0,both,8044.0,80.09522625559423,54.0,145.0,both
6117666160,4/29/2016,9592,7.23999977111816,7.23999977111816,0.0,0.0,0.0,7.23999977111816,0.0,0,0,461,479,2560,2016-04-29,4/29/2016 12:00:00 AM,1.0,600.0,636.0,Available,Friday,5,Weekday,461,7.68,10.0,94.34,940,Within range,50.96,49.04,20.81,No,Yes,7.5k-10k,,,,,,,,left_only,24.0,9592.0,2563.0,16.0,both,9180.0,82.1624183006536,55.0,121.0,both
6117666160,4/30/2016,6987,5.28000020980835,5.28000020980835,0.0,0.0,0.0,5.28000020980835,0.0,0,0,343,1040,2275,2016-04-30,,,,,Unavailable,Saturday,6,Weekend,343,5.72,,,1383,Within range,75.2,24.8,20.37,No,Unknown,5k-7.5k,,,,,,,,left_only,24.0,6987.0,2274.0,14.0,both,5683.0,85.34524019004047,53.0,189.0,both
6117666160,5/1/2016,8915,6.73000001907349,6.73000001907349,0.0,0.0,0.0,6.73000001907349,0.0,0,0,397,525,2361,2016-05-01,5/1/2016 12:00:00 AM,1.0,507.0,575.0,Available,Sunday,7,Weekend,397,6.62,8.45,88.17,922,Within range,56.94,43.06,22.46,No,Yes,7.5k-10k,,,,,,,,left_only,24.0,8915.0,2359.0,15.0,both,4946.0,77.43914274160939,55.0,114.0,both
6117666160,5/2/2016,4933,3.73000001907349,3.73000001907349,0.0,0.0,0.0,3.73000001907349,0.0,0,0,236,1204,2044,2016-05-02,,,,,Unavailable,Monday,1,Weekday,236,3.93,,,1440,Within range,83.61,16.39,20.9,No,Unknown,Under 5k,,,,,,,,left_only,24.0,4927.0,2036.0,7.0,both,2529.0,91.67101621194148,61.0,123.0,both
6117666160,5/3/2016,0,0.0,0.0,0.0,0.0,0.0,0.0,0.0,0,0,0,1440,1496,2016-05-03,,,,,Unavailable,Tuesday,2,Weekday,0,0.0,,,1440,Within range,100.0,0.0,,No,Unknown,Under 5k,,,,,,,,left_only,24.0,0.0,1488.0,0.0,both,,,,,left_only
6117666160,5/4/2016,2997,2.25999999046326,2.25999999046326,0.0,0.0,0.0,2.25999999046326,0.0,0,0,156,1279,1902,2016-05-04,,,,,Unavailable,Wednesday,3,Weekday,156,2.6,,,1435,Within range,89.13,10.87,19.21,No,Unknown,Under 5k,,,,,,,,left_only,24.0,2997.0,1896.0,6.0,both,2270.0,92.89779735682819,62.0,124.0,both
6117666160,5/5/2016,9799,7.40000009536743,7.40000009536743,0.0,0.0,0.0,7.40000009536743,0.0,0,0,487,479,2636,2016-05-05,5/5/2016 12:00:00 AM,1.0,392.0,415.0,Available,Thursday,4,Weekday,487,8.12,6.53,94.46,966,Within range,49.59,50.41,20.12,No,No,7.5k-10k,,,,,,,,left_only,24.0,9799.0,2637.0,18.0,both,9413.0,84.71879315839796,52.0,120.0,both
6117666160,5/6/2016,3365,2.6800000667572,2.6800000667572,0.0,0.0,0.0,2.6800000667572,0.0,0,0,133,673,1838,2016-05-06,5/6/2016 12:00:00 AM,2.0,658.0,698.0,Available,Friday,5,Weekday,133,2.22,10.97,94.27,806,Within range,83.5,16.5,25.3,No,Yes,Under 5k,,,,,,,,left_only,24.0,3365.0,1840.0,11.0,both,3483.0,76.57278208441,54.0,126.0,both
6117666160,5/7/2016,7336,5.53999996185303,5.53999996185303,0.0,0.0,0.0,5.53999996185303,0.0,0,0,412,456,2469,2016-05-07,5/7/2016 12:00:00 AM,2.0,498.0,507.0,Available,Saturday,6,Weekend,412,6.87,8.3,98.22,868,Within range,52.53,47.47,17.81,No,Yes,5k-7.5k,,,,,,,,left_only,24.0,7336.0,2468.0,17.0,both,9044.0,83.87947810703228,54.0,126.0,both
6117666160,5/8/2016,7328,5.53000020980835,5.53000020980835,0.0,0.0,0.0,5.53000020980835,0.0,0,0,318,517,2250,2016-05-08,5/8/2016 12:00:00 AM,1.0,555.0,603.0,Available,Sunday,7,Weekend,318,5.3,9.25,92.04,835,Within range,61.92,38.08,23.04,No,Yes,5k-7.5k,,,,,,,,left_only,24.0,7328.0,2255.0,16.0,both,9173.0,81.14073912569498,52.0,118.0,both
6117666160,5/9/2016,4477,3.38000011444092,3.38000011444092,0.0,0.0,0.0,3.38000011444092,0.0,0,0,197,125,1248,2016-05-09,5/9/2016 12:00:00 AM,1.0,492.0,522.0,Available,Monday,1,Weekday,197,3.28,8.2,94.25,322,Under 10 hours - review,38.82,61.18,22.73,No,Yes,Under 5k,,,,,,,,left_only,12.0,3297.0,1085.0,8.0,both,4950.0,76.46606060606061,52.0,113.0,both
6290855005,4/12/2016,4562,3.45000004768372,3.45000004768372,0.0,0.0,0.0,3.45000004768372,0.0,0,0,199,1241,2560,2016-04-12,,,,,Unavailable,Tuesday,2,Weekday,199,3.32,,,1440,Within range,86.18,13.82,22.92,No,Unknown,Under 5k,,,,,,,,left_only,24.0,4562.0,2563.0,11.0,both,,,,,left_only
6290855005,4/13/2016,7142,5.40000009536743,5.40000009536743,0.0,0.0,0.0,5.3899998664856,0.0099999997764825,0,0,350,1090,2905,2016-04-13,,,,,Unavailable,Wednesday,3,Weekday,350,5.83,,,1440,Within range,75.69,24.31,20.41,No,Unknown,5k-7.5k,,,,,,,,left_only,24.0,7142.0,2908.0,15.0,both,,,,,left_only
6290855005,4/14/2016,7671,5.80000019073486,5.80000019073486,0.0,0.0,0.0,5.76999998092651,0.0299999993294477,0,0,363,1077,2952,2016-04-14,,,,,Unavailable,Thursday,4,Weekday,363,6.05,,,1440,Within range,74.79,25.21,21.13,No,Unknown,7.5k-10k,,,,,,,,left_only,24.0,7671.0,2952.0,17.0,both,,,,,left_only
6290855005,4/15/2016,9501,7.17999982833862,7.17999982833862,0.0,0.0,0.0,7.17000007629395,0.0099999997764825,0,0,328,1112,2896,2016-04-15,,,,,Unavailable,Friday,5,Weekday,328,5.47,,,1440,Within range,77.22,22.78,28.97,No,Unknown,7.5k-10k,,,,,,,,left_only,24.0,9501.0,2897.0,17.0,both,,,,,left_only
6290855005,4/16/2016,8301,6.28000020980835,6.28000020980835,0.0,0.0,0.0,6.26999998092651,0.0099999997764825,0,0,258,1182,2783,2016-04-16,,,,,Unavailable,Saturday,6,Weekend,258,4.3,,,1440,Within range,82.08,17.92,32.17,No,Unknown,7.5k-10k,,,,,,,,left_only,24.0,8301.0,2787.0,12.0,both,,,,,left_only
6290855005,4/17/2016,7851,5.94000005722046,5.94000005722046,0.0,1.13999998569489,0.790000021457672,4.0,0.0,31,12,225,1172,3171,2016-04-17,,,,,Unavailable,Sunday,7,Weekend,268,4.47,,,1440,Within range,81.39,18.61,29.29,No,Unknown,7.5k-10k,,,,,,,,left_only,24.0,7851.0,3173.0,13.0,both,,,,,left_only
6290855005,4/18/2016,6885,5.21000003814697,5.21000003814697,0.0,0.0,0.0,5.19000005722046,0.0199999995529652,0,0,271,1169,2766,2016-04-18,,,,,Unavailable,Monday,1,Weekday,271,4.52,,,1440,Within range,81.18,18.82,25.41,No,Unknown,5k-7.5k,,,,,,,,left_only,24.0,6885.0,2767.0,12.0,both,,,,,left_only
6290855005,4/19/2016,7142,5.40000009536743,5.40000009536743,0.0,0.0,0.0,5.3899998664856,0.0099999997764825,0,0,321,1119,2839,2016-04-19,,,,,Unavailable,Tuesday,2,Weekday,321,5.35,,,1440,Within range,77.71,22.29,22.25,No,Unknown,5k-7.5k,,,,,,,,left_only,24.0,7142.0,2843.0,15.0,both,,,,,left_only
6290855005,4/20/2016,6361,4.80999994277954,4.80999994277954,0.0,0.0,0.0,4.80000019073486,0.0099999997764825,0,0,258,1182,2701,2016-04-20,,,,,Unavailable,Wednesday,3,Weekday,258,4.3,,,1440,Within range,82.08,17.92,24.66,No,Unknown,5k-7.5k,,,,,,,,left_only,24.0,6361.0,2703.0,12.0,both,,,,,left_only
6290855005,4/21/2016,0,0.0,0.0,0.0,0.0,0.0,0.0,0.0,0,0,0,1440,2060,2016-04-21,,,,,Unavailable,Thursday,4,Weekday,0,0.0,,,1440,Within range,100.0,0.0,,No,Unknown,Under 5k,,,,,,,,left_only,24.0,0.0,2064.0,0.0,both,,,,,left_only
6290855005,4/22/2016,6238,4.71999979019165,4.71999979019165,0.0,0.0,0.0,4.71999979019165,0.0,0,0,302,1138,2796,2016-04-22,,,,,Unavailable,Friday,5,Weekday,302,5.03,,,1440,Within range,79.03,20.97,20.66,No,Unknown,5k-7.5k,,,,,,,,left_only,24.0,6238.0,2798.0,13.0,both,,,,,left_only
6290855005,4/23/2016,0,0.0,0.0,0.0,0.0,0.0,0.0,0.0,33,0,0,1407,2664,2016-04-23,,,,,Unavailable,Saturday,6,Weekend,33,0.55,,,1440,Within range,97.71,2.29,0.0,No,Unknown,Under 5k,,,,,,,,left_only,24.0,0.0,2668.0,0.0,both,,,,,left_only
6290855005,4/24/2016,5896,4.46000003814697,4.46000003814697,0.0,0.0,0.0,4.46000003814697,0.0,0,0,258,1182,2703,2016-04-24,,,,,Unavailable,Sunday,7,Weekend,258,4.3,,,1440,Within range,82.08,17.92,22.85,No,Unknown,5k-7.5k,,,,,,,,left_only,24.0,5896.0,2705.0,13.0,both,,,,,left_only
6290855005,4/25/2016,7802,5.90000009536743,5.90000009536743,0.0,0.680000007152557,0.180000007152557,5.03000020980835,0.0099999997764825,8,3,249,1180,2771,2016-04-25,,,,,Unavailable,Monday,1,Weekday,260,4.33,,,1440,Within range,81.94,18.06,30.01,No,Unknown,7.5k-10k,,,,,,,,left_only,24.0,7802.0,2774.0,12.0,both,,,,,left_only
6290855005,4/26/2016,0,0.0,0.0,0.0,0.0,0.0,0.0,0.0,0,0,0,1440,2060,2016-04-26,,,,,Unavailable,Tuesday,2,Weekday,0,0.0,,,1440,Within range,100.0,0.0,,No,Unknown,Under 5k,,,,,,,,left_only,24.0,0.0,2064.0,0.0,both,,,,,left_only
6290855005,4/27/2016,5565,4.21000003814697,4.21000003814697,0.0,0.0,0.0,4.17999982833862,0.0299999993294477,0,0,287,1153,2743,2016-04-27,,,,,Unavailable,Wednesday,3,Weekday,287,4.78,,,1440,Within range,80.07,19.93,19.39,No,Unknown,5k-7.5k,,,,,,,,left_only,24.0,5565.0,2746.0,13.0,both,,,,,left_only
6290855005,4/28/2016,5731,4.32999992370605,4.32999992370605,0.0,0.0,0.0,4.32999992370605,0.0,0,0,255,1185,2687,2016-04-28,,,,,Unavailable,Thursday,4,Weekday,255,4.25,,,1440,Within range,82.29,17.71,22.47,No,Unknown,5k-7.5k,,,,,,,,left_only,24.0,5731.0,2690.0,12.0,both,,,,,left_only
6290855005,4/29/2016,0,0.0,0.0,0.0,0.0,0.0,0.0,0.0,0,0,0,1440,2060,2016-04-29,,,,,Unavailable,Friday,5,Weekday,0,0.0,,,1440,Within range,100.0,0.0,,No,Unknown,Under 5k,,,,,,,,left_only,24.0,0.0,2064.0,0.0,both,,,,,left_only
6290855005,4/30/2016,6744,5.09999990463257,5.09999990463257,0.0,0.0,0.0,5.09000015258789,0.0099999997764825,0,0,324,1116,2843,2016-04-30,,,,,Unavailable,Saturday,6,Weekend,324,5.4,,,1440,Within range,77.5,22.5,20.81,No,Unknown,5k-7.5k,,,,,,,,left_only,24.0,6744.0,2846.0,10.0,both,,,,,left_only
6290855005,5/1/2016,9837,7.44000005722046,7.44000005722046,0.0,0.660000026226044,2.75,4.0,0.0199999995529652,8,95,282,1055,3327,2016-05-01,,,,,Unavailable,Sunday,7,Weekend,385,6.42,,,1440,Within range,73.26,26.74,25.55,No,Unknown,7.5k-10k,,,,,,,,left_only,24.0,9837.0,3328.0,12.0,both,,,,,left_only
6290855005,5/2/2016,6781,5.13000011444092,5.13000011444092,0.0,0.0,0.0,5.1100001335144,0.0199999995529652,0,0,268,1172,2725,2016-05-02,,,,,Unavailable,Monday,1,Weekday,268,4.47,,,1440,Within range,81.39,18.61,25.3,No,Unknown,5k-7.5k,,,,,,,,left_only,24.0,6781.0,2725.0,12.0,both,,,,,left_only
6290855005,5/3/2016,6047,4.57000017166138,4.57000017166138,0.0,0.0,0.0,4.57000017166138,0.0,0,0,240,1200,2671,2016-05-03,,,,,Unavailable,Tuesday,2,Weekday,240,4.0,,,1440,Within range,83.33,16.67,25.2,No,Unknown,5k-7.5k,,,,,,,,left_only,24.0,6047.0,2674.0,12.0,both,,,,,left_only
6290855005,5/4/2016,5832,4.40999984741211,4.40999984741211,0.0,0.0,0.0,4.40000009536743,0.0099999997764825,0,0,272,1168,2718,2016-05-04,,,,,Unavailable,Wednesday,3,Weekday,272,4.53,,,1440,Within range,81.11,18.89,21.44,No,Unknown,5k-7.5k,,,,,,,,left_only,24.0,5832.0,2720.0,14.0,both,,,,,left_only
6290855005,5/5/2016,6339,4.78999996185303,4.78999996185303,0.0,0.0,0.0,4.78999996185303,0.0,0,0,239,1201,2682,2016-05-05,,,,,Unavailable,Thursday,4,Weekday,239,3.98,,,1440,Within range,83.4,16.6,26.52,No,Unknown,5k-7.5k,,,,,,,,left_only,24.0,6339.0,2685.0,14.0,both,,,,,left_only
6290855005,5/6/2016,6116,4.61999988555908,4.61999988555908,0.0,0.0,0.0,4.59000015258789,0.0299999993294477,0,0,305,1135,2806,2016-05-06,,,,,Unavailable,Friday,5,Weekday,305,5.08,,,1440,Within range,78.82,21.18,20.05,No,Unknown,5k-7.5k,,,,,,,,left_only,24.0,6116.0,2807.0,16.0,both,,,,,left_only
6290855005,5/7/2016,5510,4.17000007629395,4.17000007629395,0.0,0.0,0.0,4.15999984741211,0.0,0,0,227,1213,2613,2016-05-07,,,,,Unavailable,Saturday,6,Weekend,227,3.78,,,1440,Within range,84.24,15.76,24.27,No,Unknown,5k-7.5k,,,,,,,,left_only,24.0,5510.0,2616.0,10.0,both,,,,,left_only
6290855005,5/8/2016,7706,5.82999992370605,5.82999992370605,0.0,0.0,0.0,5.82000017166138,0.0,0,0,251,1189,2712,2016-05-08,,,,,Unavailable,Sunday,7,Weekend,251,4.18,,,1440,Within range,82.57,17.43,30.7,No,Unknown,7.5k-10k,,,,,,,,left_only,24.0,7706.0,2713.0,11.0,both,,,,,left_only
6290855005,5/9/2016,6277,4.75,4.75,0.0,0.0,0.0,4.73000001907349,0.0199999995529652,0,0,264,800,2175,2016-05-09,,,,,Unavailable,Monday,1,Weekday,264,4.4,,,1064,Within range,75.19,24.81,23.78,No,Unknown,5k-7.5k,,,,,,,,left_only,17.0,6118.0,2097.0,11.0,both,,,,,left_only
6290855005,5/10/2016,0,0.0,0.0,0.0,0.0,0.0,0.0,0.0,0,0,0,1440,0,2016-05-10,,,,,Unavailable,Tuesday,2,Weekday,0,0.0,,,1440,Within range,100.0,0.0,,No,Unknown,Under 5k,,,,,,,,left_only,,,,,left_only,,,,,left_only
6775888955,4/12/2016,0,0.0,0.0,0.0,0.0,0.0,0.0,0.0,0,0,0,1440,1841,2016-04-12,,,,,Unavailable,Tuesday,2,Weekday,0,0.0,,,1440,Within range,100.0,0.0,,No,Unknown,Under 5k,,,,,,,,left_only,24.0,0.0,1848.0,0.0,both,,,,,left_only
6775888955,4/13/2016,4053,2.91000008583069,2.91000008583069,0.0,1.11000001430511,0.579999983310699,1.22000002861023,0.0,17,18,85,1053,2400,2016-04-13,4/13/2016 12:00:00 AM,1.0,235.0,260.0,Available,Wednesday,3,Weekday,120,2.0,3.92,90.38,1173,Within range,89.77,10.23,33.78,No,No,Under 5k,,,,,,,,left_only,24.0,4053.0,2401.0,12.0,both,4371.0,82.71974376572867,55.0,135.0,both
6775888955,4/14/2016,5162,3.70000004768372,3.70000004768372,0.0,0.870000004768372,0.860000014305115,1.97000002861023,0.0,14,24,105,863,2507,2016-04-14,4/14/2016 12:00:00 AM,1.0,423.0,441.0,Available,Thursday,4,Weekday,143,2.38,7.05,95.92,1006,Within range,85.79,14.21,36.1,No,Yes,5k-7.5k,,,,,,,,left_only,24.0,5162.0,2508.0,12.0,both,6099.0,79.26807673389081,57.0,134.0,both
6775888955,4/15/2016,1282,0.920000016689301,0.920000016689301,0.0,0.0,0.0,0.920000016689301,0.0,0,0,58,976,2127,2016-04-15,4/15/2016 12:00:00 AM,1.0,391.0,406.0,Available,Friday,5,Weekday,58,0.97,6.52,96.31,1034,Within range,94.39,5.61,22.1,No,No,Under 5k,,,,,,,,left_only,24.0,1282.0,2131.0,6.0,both,3455.0,80.59450072358901,62.0,126.0,both
6775888955,4/16/2016,4732,3.39000010490417,3.39000010490417,0.0,2.51999998092651,0.810000002384186,0.0599999986588955,0.0,36,18,9,1377,2225,2016-04-16,,,,,Unavailable,Saturday,6,Weekend,63,1.05,,,1440,Within range,95.62,4.38,75.11,No,Unknown,Under 5k,,,,,,,,left_only,24.0,4732.0,2231.0,2.0,both,589.0,108.616298811545,70.0,143.0,both
6775888955,4/17/2016,2497,1.78999996185303,1.78999996185303,0.0,0.349999994039536,1.12999999523163,0.310000002384186,0.0,5,24,19,1392,2067,2016-04-17,,,,,Unavailable,Sunday,7,Weekend,48,0.8,,,1440,Within range,96.67,3.33,52.02,No,Unknown,Under 5k,,,,,,,,left_only,24.0,2497.0,2074.0,2.0,both,469.0,102.36886993603412,70.0,118.0,both
6775888955,4/18/2016,8294,5.94999980926514,5.94999980926514,0.0,2.0,0.769999980926514,3.17000007629395,0.0,30,31,146,1233,2798,2016-04-18,,,,,Unavailable,Monday,1,Weekday,207,3.45,,,1440,Within range,85.62,14.38,40.07,No,Unknown,7.5k-10k,,,,,,,,left_only,24.0,8294.0,2803.0,7.0,both,2549.0,97.71949784229109,66.0,177.0,both
6775888955,4/19/2016,0,0.0,0.0,0.0,0.0,0.0,0.0,0.0,0,0,0,1440,1841,2016-04-19,,,,,Unavailable,Tuesday,2,Weekday,0,0.0,,,1440,Within range,100.0,0.0,,No,Unknown,Under 5k,,,,,,,,left_only,24.0,0.0,1848.0,0.0,both,26.0,99.46153846153847,66.0,177.0,both
6775888955,4/20/2016,10771,7.71999979019165,7.71999979019165,0.0,3.76999998092651,1.74000000953674,2.22000002861023,0.0,70,113,178,1079,3727,2016-04-20,,,,,Unavailable,Wednesday,3,Weekday,361,6.02,,,1440,Within range,74.93,25.07,29.84,Yes,Unknown,10k+,,,,,,,,left_only,24.0,10771.0,3731.0,13.0,both,4389.0,105.63590795169742,70.0,155.0,both
6775888955,4/21/2016,0,0.0,0.0,0.0,0.0,0.0,0.0,0.0,0,0,0,1440,1841,2016-04-21,,,,,Unavailable,Thursday,4,Weekday,0,0.0,,,1440,Within range,100.0,0.0,,No,Unknown,Under 5k,,,,,,,,left_only,24.0,0.0,1848.0,0.0,both,,,,,left_only
6775888955,4/22/2016,637,0.46000000834465,0.46000000834465,0.0,0.0,0.0,0.46000000834465,0.0,0,0,20,1420,1922,2016-04-22,,,,,Unavailable,Friday,5,Weekday,20,0.33,,,1440,Within range,98.61,1.39,31.85,No,Unknown,Under 5k,,,,,,,,left_only,24.0,637.0,1929.0,2.0,both,340.0,90.88823529411765,66.0,123.0,both
6775888955,4/23/2016,0,0.0,0.0,0.0,0.0,0.0,0.0,0.0,0,0,0,1440,1841,2016-04-23,,,,,Unavailable,Saturday,6,Weekend,0,0.0,,,1440,Within range,100.0,0.0,,No,Unknown,Under 5k,,,,,,,,left_only,24.0,0.0,1848.0,0.0,both,,,,,left_only
6775888955,4/24/2016,2153,1.53999996185303,1.53999996185303,0.0,0.769999980926514,0.620000004768372,0.150000005960464,0.0,11,18,11,1400,2053,2016-04-24,,,,,Unavailable,Sunday,7,Weekend,40,0.67,,,1440,Within range,97.22,2.78,53.82,No,Unknown,Under 5k,,,,,,,,left_only,24.0,2153.0,2059.0,2.0,both,347.0,109.78962536023054,70.0,140.0,both
6775888955,4/25/2016,6474,4.6399998664856,4.6399998664856,0.0,2.26999998092651,0.46000000834465,1.89999997615814,0.0,33,13,92,1302,2484,2016-04-25,,,,,Unavailable,Monday,1,Weekday,138,2.3,,,1440,Within range,90.42,9.58,46.91,No,Unknown,5k-7.5k,,,,,,,,left_only,24.0,6463.0,2487.0,5.0,both,1805.0,94.66481994459834,58.0,131.0,both
6775888955,4/26/2016,7091,5.26999998092651,5.26999998092651,1.95959603786469,3.48000001907349,0.870000004768372,0.730000019073486,0.0,42,30,47,1321,2584,2016-04-26,,,,,Unavailable,Tuesday,2,Weekday,119,1.98,,,1440,Within range,91.74,8.26,59.59,No,Unknown,5k-7.5k,,,,,,,,left_only,24.0,7091.0,2590.0,6.0,both,1651.0,99.66020593579648,56.0,143.0,both
6775888955,4/27/2016,0,0.0,0.0,0.0,0.0,0.0,0.0,0.0,0,0,0,1440,1841,2016-04-27,,,,,Unavailable,Wednesday,3,Weekday,0,0.0,,,1440,Within range,100.0,0.0,,No,Unknown,Under 5k,,,,,,,,left_only,24.0,0.0,1848.0,0.0,both,,,,,left_only
6775888955,4/28/2016,703,0.5,0.5,0.0,0.0599999986588955,0.200000002980232,0.239999994635582,0.0,2,13,15,1410,1993,2016-04-28,,,,,Unavailable,Thursday,4,Weekday,30,0.5,,,1440,Within range,97.92,2.08,23.43,No,Unknown,Under 5k,,,,,,,,left_only,24.0,703.0,2000.0,2.0,both,309.0,104.70873786407768,70.0,134.0,both
6775888955,4/29/2016,0,0.0,0.0,0.0,0.0,0.0,0.0,0.0,0,0,0,1440,1841,2016-04-29,,,,,Unavailable,Friday,5,Weekday,0,0.0,,,1440,Within range,100.0,0.0,,No,Unknown,Under 5k,,,,,,,,left_only,24.0,0.0,1848.0,0.0,both,19.0,81.78947368421052,70.0,109.0,both
6775888955,4/30/2016,2503,1.78999996185303,1.78999996185303,0.0,0.159999996423721,0.159999996423721,1.48000001907349,0.0,3,9,84,1344,2280,2016-04-30,,,,,Unavailable,Saturday,6,Weekend,96,1.6,,,1440,Within range,93.33,6.67,26.07,No,Unknown,Under 5k,,,,,,,,left_only,24.0,2503.0,2286.0,5.0,both,1811.0,96.10215350635008,68.0,125.0,both
6775888955,5/1/2016,2487,1.77999997138977,1.77999997138977,0.0,0.479999989271164,0.620000004768372,0.680000007152557,0.0,9,34,50,1347,2319,2016-05-01,,,,,Unavailable,Sunday,7,Weekend,93,1.55,,,1440,Within range,93.54,6.46,26.74,No,Unknown,Under 5k,,,,,,,,left_only,24.0,2487.0,2325.0,5.0,both,1085.0,107.13917050691244,70.0,129.0,both
6775888955,5/2/2016,0,0.0,0.0,0.0,0.0,0.0,0.0,0.0,0,0,0,1440,1841,2016-05-02,,,,,Unavailable,Monday,1,Weekday,0,0.0,,,1440,Within range,100.0,0.0,,No,Unknown,Under 5k,,,,,,,,left_only,24.0,0.0,1848.0,0.0,both,,,,,left_only
6775888955,5/3/2016,9,0.0099999997764825,0.0099999997764825,0.0,0.0,0.0,0.0099999997764825,0.0,0,0,1,1439,1843,2016-05-03,,,,,Unavailable,Tuesday,2,Weekday,1,0.02,,,1440,Within range,99.93,0.07,9.0,No,Unknown,Under 5k,,,,,,,,left_only,24.0,9.0,1850.0,1.0,both,,,,,left_only
6775888955,5/4/2016,0,0.0,0.0,0.0,0.0,0.0,0.0,0.0,0,0,0,1440,1841,2016-05-04,,,,,Unavailable,Wednesday,3,Weekday,0,0.0,,,1440,Within range,100.0,0.0,,No,Unknown,Under 5k,,,,,,,,left_only,24.0,0.0,1848.0,0.0,both,,,,,left_only
6775888955,5/5/2016,0,0.0,0.0,0.0,0.0,0.0,0.0,0.0,0,0,0,1440,1841,2016-05-05,,,,,Unavailable,Thursday,4,Weekday,0,0.0,,,1440,Within range,100.0,0.0,,No,Unknown,Under 5k,,,,,,,,left_only,24.0,0.0,1848.0,0.0,both,,,,,left_only
6775888955,5/6/2016,4697,3.36999988555908,3.36999988555908,0.0,0.469999998807907,0.930000007152557,1.92999994754791,0.0,12,35,75,1318,2496,2016-05-06,,,,,Unavailable,Friday,5,Weekday,122,2.03,,,1440,Within range,91.53,8.47,38.5,No,Unknown,Under 5k,,,,,,,,left_only,24.0,4642.0,2501.0,6.0,both,2330.0,98.85751072961374,71.0,135.0,both
6775888955,5/7/2016,1967,1.4099999666214,1.4099999666214,0.0,0.129999995231628,0.239999994635582,1.04999995231628,0.0,2,5,49,551,1032,2016-05-07,,,,,Unavailable,Saturday,6,Weekend,56,0.93,,,607,Within range,90.77,9.23,35.12,No,Unknown,Under 5k,,,,,,,,left_only,10.0,1892.0,1013.0,4.0,both,1127.0,94.22182786157941,70.0,118.0,both
6962181067,4/12/2016,10199,6.73999977111816,6.73999977111816,0.0,3.40000009536743,0.829999983310699,2.50999999046326,0.0,50,14,189,796,1994,2016-04-12,4/12/2016 12:00:00 AM,1.0,366.0,387.0,Available,Tuesday,2,Weekday,253,4.22,6.1,94.57,1049,Within range,75.88,24.12,40.31,Yes,No,10k+,2016-04-12 23:59:59,62.5,137.788913865625,,24.3899993896484,True,1460505599000.0,both,24.0,10199.0,1998.0,17.0,both,9196.0,85.03632013919095,47.0,176.0,both
6962181067,4/13/2016,5652,3.74000000953674,3.74000000953674,0.0,0.569999992847443,1.21000003814697,1.96000003814697,0.0,8,24,142,548,1718,2016-04-13,4/13/2016 12:00:00 AM,3.0,630.0,679.0,Available,Wednesday,3,Weekday,174,2.9,10.5,92.78,722,Within range,75.9,24.1,32.48,No,Yes,5k-7.5k,2016-04-13 23:59:59,62.0999984741211,136.907061452898,,24.2399997711182,True,1460591999000.0,both,24.0,5652.0,1717.0,18.0,both,8266.0,80.51959835470602,59.0,149.0,both
6962181067,4/14/2016,1551,1.02999997138977,1.02999997138977,0.0,0.0,0.0,1.02999997138977,0.0,0,0,86,862,1466,2016-04-14,4/14/2016 12:00:00 AM,2.0,508.0,535.0,Available,Thursday,4,Weekday,86,1.43,8.47,94.95,948,Within range,90.93,9.07,18.03,No,Yes,Under 5k,2016-04-14 23:59:59,61.7000007629395,136.025217450139,,24.1000003814697,True,1460678399000.0,both,24.0,1551.0,1468.0,18.0,both,8089.0,70.12622079367041,55.0,131.0,both
6962181067,4/15/2016,5563,3.6800000667572,3.6800000667572,0.0,0.0,0.0,3.6800000667572,0.0,0,0,217,837,1756,2016-04-15,4/15/2016 12:00:00 AM,1.0,370.0,386.0,Available,Friday,5,Weekday,217,3.62,6.17,95.85,1054,Within range,79.41,20.59,25.64,No,No,5k-7.5k,2016-04-15 23:59:59,61.5,135.584291243775,,24.0,True,1460764799000.0,both,24.0,5563.0,1755.0,17.0,both,8355.0,72.99198084979055,54.0,115.0,both
6962181067,4/16/2016,13217,8.73999977111816,8.73999977111816,0.0,3.66000008583069,0.189999997615814,4.88000011444092,0.0,50,3,280,741,2173,2016-04-16,4/16/2016 12:00:00 AM,1.0,357.0,366.0,Available,Saturday,6,Weekend,333,5.55,5.95,97.54,1074,Within range,68.99,31.01,39.69,Yes,No,10k+,2016-04-16 23:59:59,62.0,136.6866025547,,24.2099990844727,True,1460851199000.0,both,24.0,13217.0,2171.0,19.0,both,9880.0,82.04018218623482,55.0,142.0,both
6962181067,4/17/2016,10145,6.71000003814697,6.71000003814697,0.0,0.330000013113022,0.680000007152557,5.69000005722046,0.0,5,13,295,634,2027,2016-04-17,4/17/2016 12:00:00 AM,1.0,427.0,446.0,Available,Sunday,7,Weekend,313,5.22,7.12,95.74,947,Within range,66.95,33.05,32.41,Yes,Yes,10k+,2016-04-17 23:59:59,61.4000015258789,135.363832345577,,23.9599990844727,True,1460937599000.0,both,24.0,10145.0,2028.0,16.0,both,8265.0,76.66448880822746,58.0,139.0,both
6962181067,4/18/2016,11404,7.53999996185303,7.53999996185303,0.0,0.829999983310699,2.39000010490417,4.32000017166138,0.0,13,42,238,689,2039,2016-04-18,4/18/2016 12:00:00 AM,1.0,442.0,458.0,Available,Monday,1,Weekday,293,4.88,7.37,96.51,982,Within range,70.16,29.84,38.92,Yes,Yes,10k+,2016-04-18 23:59:59,61.2000007629395,134.922906139214,,23.8899993896484,True,1461023999000.0,both,24.0,11404.0,2040.0,16.0,both,7963.0,76.9169910837624,55.0,134.0,both
6962181067,4/19/2016,10742,7.09999990463257,7.09999990463257,0.0,2.09999990463257,2.13000011444092,2.86999988555908,0.0,35,41,195,659,2046,2016-04-19,4/19/2016 12:00:00 AM,1.0,476.0,535.0,Available,Tuesday,2,Weekday,271,4.52,7.93,88.97,930,Within range,70.86,29.14,39.64,Yes,Yes,10k+,2016-04-19 23:59:59,61.4000015258789,135.363832345577,,23.9599990844727,True,1461110399000.0,both,24.0,10742.0,2046.0,18.0,both,8612.0,77.42858801672085,58.0,135.0,both
6962181067,4/20/2016,13928,9.55000019073486,9.55000019073486,0.0,4.28000020980835,0.189999997615814,5.09000015258789,0.0,48,4,297,639,2174,2016-04-20,4/20/2016 12:00:00 AM,1.0,418.0,424.0,Available,Wednesday,3,Weekday,349,5.82,6.97,98.58,988,Within range,64.68,35.32,39.91,Yes,No,10k+,2016-04-20 23:59:59,61.7000007629395,136.025217450139,,24.1000003814697,True,1461196799000.0,both,24.0,13928.0,2174.0,16.0,both,8884.0,74.90601080594327,50.0,137.0,both
6962181067,4/21/2016,11835,9.71000003814697,7.88000011444092,4.08169221878052,3.99000000953674,2.09999990463257,3.50999999046326,0.109999999403954,53,27,214,708,2179,2016-04-21,4/21/2016 12:00:00 AM,1.0,451.0,457.0,Available,Thursday,4,Weekday,294,4.9,7.52,98.69,1002,Within range,70.66,29.34,40.26,Yes,Yes,10k+,2016-04-21 23:59:59,61.4000015258789,135.363832345577,,23.9599990844727,True,1461283199000.0,both,24.0,11835.0,2179.0,15.0,both,9147.0,83.47130206625123,49.0,173.0,both
6962181067,4/22/2016,10725,7.09000015258789,7.09000015258789,0.0,1.76999998092651,1.54999995231628,3.76999998092651,0.0,30,33,240,659,2086,2016-04-22,4/22/2016 12:00:00 AM,1.0,425.0,435.0,Available,Friday,5,Weekday,303,5.05,7.08,97.7,962,Within range,68.5,31.5,35.4,Yes,Yes,10k+,2016-04-22 23:59:59,61.4000015258789,135.363832345577,,23.9599990844727,True,1461369599000.0,both,24.0,10725.0,2088.0,17.0,both,9065.0,79.11627137341424,55.0,169.0,both
6962181067,4/23/2016,20031,13.2399997711182,13.2399997711182,0.0,4.19999980926514,2.0,7.03999996185303,0.0,58,41,347,484,2571,2016-04-23,4/23/2016 12:00:00 AM,1.0,528.0,546.0,Available,Saturday,6,Weekend,446,7.43,8.8,96.7,930,Within range,52.04,47.96,44.91,Yes,Yes,10k+,2016-04-23 23:59:59,61.5,135.584291243775,,24.0,True,1461455999000.0,both,24.0,20031.0,2572.0,17.0,both,9856.0,84.64590097402598,52.0,152.0,both
6962181067,4/24/2016,5029,3.3199999332428,3.3199999332428,0.0,0.0,0.0,3.3199999332428,0.0,0,0,199,720,1705,2016-04-24,4/24/2016 12:00:00 AM,1.0,511.0,514.0,Available,Sunday,7,Weekend,199,3.32,8.52,99.42,919,Within range,78.35,21.65,25.27,No,Yes,5k-7.5k,2016-04-24 23:59:59,61.5,135.584291243775,,24.0,True,1461542399000.0,both,24.0,5029.0,1705.0,16.0,both,8643.0,68.82344093486059,49.0,114.0,both
6962181067,4/25/2016,13239,9.27000045776367,9.07999992370605,2.78517508506775,3.01999998092651,1.67999994754791,4.46000003814697,0.100000001490116,35,31,282,637,2194,2016-04-25,4/25/2016 12:00:00 AM,1.0,400.0,415.0,Available,Monday,1,Weekday,348,5.8,6.67,96.39,985,Within range,64.67,35.33,38.04,Yes,No,10k+,2016-04-25 23:59:59,61.7000007629395,136.025217450139,,24.1000003814697,True,1461628799000.0,both,24.0,13239.0,2193.0,16.0,both,9093.0,73.98988232706478,51.0,142.0,both
6962181067,4/26/2016,10433,6.90000009536743,6.90000009536743,0.0,2.57999992370605,0.419999986886978,3.90000009536743,0.0,36,7,254,680,2012,2016-04-26,4/26/2016 12:00:00 AM,1.0,441.0,446.0,Available,Tuesday,2,Weekday,297,4.95,7.35,98.88,977,Within range,69.6,30.4,35.13,Yes,Yes,10k+,,,,,,,,left_only,24.0,10433.0,2018.0,16.0,both,8917.0,77.07536166872266,51.0,140.0,both
6962181067,4/27/2016,10320,6.82000017166138,6.82000017166138,0.0,0.550000011920929,2.01999998092651,4.25,0.0,7,38,279,697,2034,2016-04-27,4/27/2016 12:00:00 AM,1.0,455.0,467.0,Available,Wednesday,3,Weekday,324,5.4,7.58,97.43,1021,Within range,68.27,31.73,31.85,Yes,Yes,10k+,2016-04-27 23:59:59,61.2000007629395,134.922906139214,,23.8899993896484,True,1461801599000.0,both,24.0,10320.0,2036.0,18.0,both,8595.0,72.99697498545666,53.0,142.0,both
6962181067,4/28/2016,12627,8.35000038146973,8.35000038146973,0.0,2.50999999046326,0.239999994635582,5.59000015258789,0.0,38,8,288,621,2182,2016-04-28,4/28/2016 12:00:00 AM,1.0,440.0,453.0,Available,Thursday,4,Weekday,334,5.57,7.33,97.13,955,Within range,65.03,34.97,37.81,Yes,Yes,10k+,2016-04-28 23:59:59,61.2000007629395,134.922906139214,,23.8899993896484,True,1461887999000.0,both,24.0,12627.0,2185.0,15.0,both,8928.0,82.0752688172043,54.0,174.0,both
6962181067,4/29/2016,10762,7.1100001335144,7.1100001335144,0.0,0.819999992847443,0.479999989271164,5.80999994277954,0.0,12,15,369,645,2254,2016-04-29,4/29/2016 12:00:00 AM,1.0,433.0,447.0,Available,Friday,5,Weekday,396,6.6,7.22,96.87,1041,Within range,61.96,38.04,27.18,Yes,Yes,10k+,2016-04-29 23:59:59,61.4000015258789,135.363832345577,,23.9599990844727,True,1461974399000.0,both,24.0,10762.0,2253.0,17.0,both,9101.0,80.9635204922536,56.0,141.0,both
6962181067,4/30/2016,10081,6.65999984741211,6.65999984741211,0.0,2.24000000953674,0.759999990463257,3.67000007629395,0.0,32,16,237,731,2002,2016-04-30,4/30/2016 12:00:00 AM,1.0,422.0,424.0,Available,Saturday,6,Weekend,285,4.75,7.03,99.53,1016,Within range,71.95,28.05,35.37,Yes,Yes,10k+,2016-04-30 23:59:59,61.0,134.48197993285,,23.8199996948242,True,1462060799000.0,both,24.0,10081.0,2004.0,13.0,both,8496.0,80.1626647834275,53.0,141.0,both
6962181067,5/1/2016,5454,3.60999989509583,3.60999989509583,0.0,0.0,0.0,3.60999989509583,0.0,0,0,215,722,1740,2016-05-01,5/1/2016 12:00:00 AM,1.0,411.0,426.0,Available,Sunday,7,Weekend,215,3.58,6.85,96.48,937,Within range,77.05,22.95,25.37,No,No,5k-7.5k,2016-05-01 23:59:59,61.7000007629395,136.025217450139,,24.1000003814697,True,1462147199000.0,both,24.0,5454.0,1741.0,16.0,both,8096.0,73.29039031620553,56.0,127.0,both
6962181067,5/2/2016,12912,8.53999996185303,8.53999996185303,0.0,1.20000004768372,2.0,5.34000015258789,0.0,18,39,313,655,2162,2016-05-02,5/2/2016 12:00:00 AM,1.0,466.0,482.0,Available,Monday,1,Weekday,370,6.17,7.77,96.68,1025,Within range,63.9,36.1,34.9,Yes,Yes,10k+,2016-05-02 23:59:59,61.5,135.584291243775,,24.0,True,1462233599000.0,both,24.0,12912.0,2161.0,20.0,both,9518.0,79.67409119562933,56.0,140.0,both
6962181067,5/3/2016,12109,8.11999988555908,8.11999988555908,0.0,1.74000000953674,2.03999996185303,4.32999992370605,0.0,21,36,267,654,2072,2016-05-03,5/3/2016 12:00:00 AM,1.0,394.0,418.0,Available,Tuesday,2,Weekday,324,5.4,6.57,94.26,978,Within range,66.87,33.13,37.37,Yes,No,10k+,2016-05-03 23:59:59,61.0,134.48197993285,,23.8199996948242,True,1462319999000.0,both,24.0,12109.0,2074.0,19.0,both,8757.0,75.40436222450612,53.0,157.0,both
6962181067,5/4/2016,10147,6.71000003814697,6.71000003814697,0.0,0.469999998807907,1.67999994754791,4.55000019073486,0.0,15,36,284,683,2086,2016-05-04,5/4/2016 12:00:00 AM,1.0,442.0,455.0,Available,Wednesday,3,Weekday,335,5.58,7.37,97.14,1018,Within range,67.09,32.91,30.29,Yes,Yes,10k+,2016-05-04 23:59:59,61.0999984741211,134.702438831048,,23.8500003814697,True,1462406399000.0,both,24.0,10147.0,2086.0,19.0,both,9170.0,79.47459105779717,55.0,174.0,both
6962181067,5/5/2016,10524,6.96000003814697,6.96000003814697,0.0,0.990000009536743,1.1599999666214,4.80999994277954,0.0,14,22,305,591,2066,2016-05-05,5/5/2016 12:00:00 AM,1.0,467.0,491.0,Available,Thursday,4,Weekday,341,5.68,7.78,95.11,932,Within range,63.41,36.59,30.86,Yes,Yes,10k+,2016-05-05 23:59:59,61.2999992370605,135.143365037411,,23.9300003051758,True,1462492799000.0,both,24.0,10524.0,2066.0,16.0,both,7761.0,76.64476227290298,54.0,128.0,both
6962181067,5/6/2016,5908,3.91000008583069,3.91000008583069,0.0,0.0,0.0,3.91000008583069,0.0,0,0,299,717,1850,2016-05-06,5/6/2016 12:00:00 AM,1.0,443.0,462.0,Available,Friday,5,Weekday,299,4.98,7.38,95.89,1016,Within range,70.57,29.43,19.76,No,Yes,5k-7.5k,2016-05-06 23:59:59,61.5,135.584291243775,,24.0,True,1462579199000.0,both,24.0,5908.0,1850.0,18.0,both,9026.0,72.33436738311545,52.0,114.0,both
6962181067,5/7/2016,6815,4.5,4.5,0.0,0.0,0.0,4.5,0.0,0,0,328,745,1947,2016-05-07,5/7/2016 12:00:00 AM,1.0,298.0,334.0,Available,Saturday,6,Weekend,328,5.47,4.97,89.22,1073,Within range,69.43,30.57,20.78,No,No,5k-7.5k,2016-05-07 23:59:59,61.2000007629395,134.922906139214,,23.8899993896484,True,1462665599000.0,both,24.0,6815.0,1947.0,21.0,both,8543.0,76.97600374575676,57.0,125.0,both
6962181067,5/8/2016,4188,2.76999998092651,2.76999998092651,0.0,0.0,0.519999980926514,2.25,0.0,0,14,151,709,1659,2016-05-08,5/8/2016 12:00:00 AM,1.0,541.0,569.0,Available,Sunday,7,Weekend,165,2.75,9.02,95.08,874,Within range,81.12,18.88,25.38,No,Yes,Under 5k,2016-05-08 23:59:59,61.2000007629395,134.922906139214,,23.8899993896484,True,1462751999000.0,both,24.0,4188.0,1660.0,14.0,both,7235.0,74.99709744298549,54.0,116.0,both
6962181067,5/9/2016,12342,8.72000026702881,8.68000030517578,3.16782188415527,3.90000009536743,1.17999994754791,3.65000009536743,0.0,43,21,231,607,2105,2016-05-09,5/9/2016 12:00:00 AM,1.0,489.0,497.0,Available,Monday,1,Weekday,295,4.92,8.15,98.39,902,Within range,67.29,32.71,41.84,Yes,Yes,10k+,2016-05-09 23:59:59,62.4000015258789,137.568454967427,,24.3500003814697,True,1462838399000.0,both,24.0,12342.0,2105.0,16.0,both,8566.0,77.01762783095961,56.0,181.0,both
6962181067,5/10/2016,15448,10.210000038147,10.210000038147,0.0,3.47000002861023,1.75,4.98999977111816,0.0,62,34,275,626,2361,2016-05-10,5/10/2016 12:00:00 AM,1.0,469.0,481.0,Available,Tuesday,2,Weekday,371,6.18,7.82,97.51,997,Within range,62.79,37.21,41.64,Yes,Yes,10k+,2016-05-10 23:59:59,62.0999984741211,136.907061452898,,24.2399997711182,True,1462924799000.0,both,24.0,15448.0,2361.0,20.0,both,9066.0,83.32208250606662,57.0,184.0,both
6962181067,5/11/2016,6722,4.44000005722046,4.44000005722046,0.0,1.49000000953674,0.310000002384186,2.65000009536743,0.0,24,7,199,709,1855,2016-05-11,5/11/2016 12:00:00 AM,1.0,452.0,480.0,Available,Wednesday,3,Weekday,230,3.83,7.53,94.17,939,Within range,75.51,24.49,29.23,No,Yes,5k-7.5k,2016-05-11 23:59:59,61.9000015258789,136.466143656502,,24.1700000762939,True,1463011199000.0,both,24.0,6722.0,1855.0,17.0,both,9114.0,79.25104235242485,53.0,145.0,both
6962181067,5/12/2016,3587,2.36999988555908,2.36999988555908,0.0,0.0,0.25,2.10999989509583,0.0,0,8,105,127,928,2016-05-12,5/12/2016 12:00:00 AM,1.0,516.0,535.0,Available,Thursday,4,Weekday,113,1.88,8.6,96.45,240,Under 10 hours - review,52.92,47.08,31.74,No,Yes,Under 5k,2016-05-12 23:59:59,61.9000015258789,136.466143656502,,24.1700000762939,True,1463097599000.0,both,12.0,3569.0,925.0,5.0,both,4123.0,75.71574096531651,60.0,117.0,both
7007744171,4/12/2016,14172,10.289999961853,9.47999954223633,4.8697829246521,4.5,0.379999995231628,5.40999984741211,0.0,53,8,355,1024,2937,2016-04-12,,,,,Unavailable,Tuesday,2,Weekday,416,6.93,,,1440,Within range,71.11,28.89,34.07,Yes,Unknown,10k+,,,,,,,,left_only,24.0,14172.0,2940.0,14.0,both,5506.0,96.42644387940429,70.0,151.0,both
7007744171,4/13/2016,12862,9.64999961853027,8.60000038146973,4.8513069152832,4.6100001335144,0.560000002384186,4.48000001907349,0.0,56,22,261,1101,2742,2016-04-13,,,,,Unavailable,Wednesday,3,Weekday,339,5.65,,,1440,Within range,76.46,23.54,37.94,Yes,Unknown,10k+,,,,,,,,left_only,24.0,12862.0,2744.0,16.0,both,5936.0,93.00640161725067,70.0,144.0,both
7007744171,4/14/2016,11179,8.23999977111816,7.48000001907349,3.28541493415833,2.95000004768372,0.340000003576279,4.96000003814697,0.0,34,6,304,1096,2668,2016-04-14,,,,,Unavailable,Thursday,4,Weekday,344,5.73,,,1440,Within range,76.11,23.89,32.5,Yes,Unknown,10k+,,,,,,,,left_only,24.0,11179.0,2670.0,16.0,both,5982.0,92.3463724506854,54.0,132.0,both
7007744171,4/15/2016,5273,3.52999997138977,3.52999997138977,0.0,0.0,0.0,3.52999997138977,0.0,0,0,202,1238,2098,2016-04-15,,,,,Unavailable,Friday,5,Weekday,202,3.37,,,1440,Within range,85.97,14.03,26.1,No,Unknown,5k-7.5k,,,,,,,,left_only,24.0,5273.0,2099.0,13.0,both,4249.0,84.83902094610497,60.0,128.0,both
7007744171,4/16/2016,4631,3.09999990463257,3.09999990463257,0.0,0.0,0.0,3.09999990463257,0.0,0,0,203,1155,2076,2016-04-16,4/16/2016 12:00:00 AM,1.0,79.0,82.0,Available,Saturday,6,Weekend,203,3.38,1.32,96.34,1358,Within range,85.05,14.95,22.81,No,No,Under 5k,,,,,,,,left_only,24.0,4631.0,2077.0,15.0,both,5640.0,79.95248226950355,61.0,129.0,both
7007744171,4/17/2016,8059,5.3899998664856,5.3899998664856,0.0,0.0,0.0,5.3899998664856,0.0,0,0,305,1135,2383,2016-04-17,,,,,Unavailable,Sunday,7,Weekend,305,5.08,,,1440,Within range,78.82,21.18,26.42,No,Unknown,7.5k-10k,,,,,,,,left_only,24.0,8059.0,2383.0,14.0,both,5369.0,85.97764946917489,63.0,127.0,both
7007744171,4/18/2016,14816,10.9799995422363,9.90999984741211,4.93055009841919,3.78999996185303,2.11999988555908,5.05000019073486,0.0199999995529652,48,31,284,1077,2832,2016-04-18,,,,,Unavailable,Monday,1,Weekday,363,6.05,,,1440,Within range,74.79,25.21,40.82,Yes,Unknown,10k+,,,,,,,,left_only,24.0,14816.0,2834.0,17.0,both,6137.0,93.21345934495682,65.0,139.0,both
7007744171,4/19/2016,14194,10.4799995422363,9.5,4.94214200973511,4.40999984741211,0.759999990463257,5.30999994277954,0.0,53,17,304,1066,2812,2016-04-19,,,,,Unavailable,Tuesday,2,Weekday,374,6.23,,,1440,Within range,74.03,25.97,37.95,Yes,Unknown,10k+,,,,,,,,left_only,24.0,14194.0,2812.0,15.0,both,5737.0,94.4138051246296,67.0,138.0,both
7007744171,4/20/2016,15566,11.3100004196167,10.4099998474121,4.92484092712402,4.78999996185303,0.670000016689301,5.8600001335144,0.0,60,33,347,1000,3096,2016-04-20,,,,,Unavailable,Wednesday,3,Weekday,440,7.33,,,1440,Within range,69.44,30.56,35.38,Yes,Unknown,10k+,,,,,,,,left_only,24.0,15566.0,3098.0,15.0,both,5886.0,96.79697587495752,70.0,151.0,both
7007744171,4/21/2016,13744,9.1899995803833,9.1899995803833,0.0,2.15000009536743,1.87000000476837,5.17000007629395,0.0,30,34,327,1049,2763,2016-04-21,,,,,Unavailable,Thursday,4,Weekday,391,6.52,,,1440,Within range,72.85,27.15,35.15,Yes,Unknown,10k+,,,,,,,,left_only,24.0,13744.0,2765.0,16.0,both,5820.0,92.19450171821306,64.0,136.0,both
7007744171,4/22/2016,15299,10.2399997711182,10.2399997711182,0.0,4.09999990463257,1.75999999046326,4.36999988555908,0.0,64,50,261,1065,2889,2016-04-22,,,,,Unavailable,Friday,5,Weekday,375,6.25,,,1440,Within range,73.96,26.04,40.8,Yes,Unknown,10k+,,,,,,,,left_only,24.0,15299.0,2891.0,15.0,both,5825.0,93.92858369098713,57.0,156.0,both
7007744171,4/23/2016,8093,5.40999984741211,5.40999984741211,0.0,0.129999995231628,1.12999999523163,4.15000009536743,0.0,2,25,223,1190,2284,2016-04-23,,,,,Unavailable,Saturday,6,Weekend,250,4.17,,,1440,Within range,82.64,17.36,32.37,No,Unknown,7.5k-10k,,,,,,,,left_only,24.0,8093.0,2286.0,8.0,both,3034.0,93.28872775214239,66.0,135.0,both
7007744171,4/24/2016,11085,7.42000007629395,7.42000007629395,0.0,0.0,0.0,7.42000007629395,0.0,0,0,419,1021,2667,2016-04-24,,,,,Unavailable,Sunday,7,Weekend,419,6.98,,,1440,Within range,70.9,29.1,26.46,Yes,Unknown,10k+,,,,,,,,left_only,24.0,11085.0,2667.0,11.0,both,4138.0,95.19453842435959,66.0,122.0,both
7007744171,4/25/2016,18229,13.3400001525879,12.1999998092651,4.86179208755493,4.30999994277954,1.37000000476837,7.67000007629395,0.0,51,24,379,986,3055,2016-04-25,,,,,Unavailable,Monday,1,Weekday,454,7.57,,,1440,Within range,68.47,31.53,40.15,Yes,Unknown,10k+,,,,,,,,left_only,24.0,18229.0,3055.0,15.0,both,6193.0,94.64476021314387,60.0,137.0,both
7007744171,4/26/2016,15090,10.1000003814697,10.1000003814697,0.0,0.930000007152557,0.939999997615814,8.22999954223633,0.0,16,22,424,978,2939,2016-04-26,,,,,Unavailable,Tuesday,2,Weekday,462,7.7,,,1440,Within range,67.92,32.08,32.66,Yes,Unknown,10k+,,,,,,,,left_only,24.0,15090.0,2939.0,18.0,both,7129.0,90.65212512273811,63.0,143.0,both
7007744171,4/27/2016,13541,10.2200002670288,9.0600004196167,4.88560485839844,4.26999998092651,0.660000026226044,5.28999996185303,0.0,50,12,337,1041,2830,2016-04-27,,,,,Unavailable,Wednesday,3,Weekday,399,6.65,,,1440,Within range,72.29,27.71,33.94,Yes,Unknown,10k+,,,,,,,,left_only,24.0,13541.0,2831.0,15.0,both,5761.0,95.18625238673842,71.0,137.0,both
7007744171,4/28/2016,15128,10.1199998855591,10.1199998855591,0.0,1.0900000333786,0.769999980926514,8.26000022888184,0.0,16,16,401,1007,2836,2016-04-28,,,,,Unavailable,Thursday,4,Weekday,433,7.22,,,1440,Within range,69.93,30.07,34.94,Yes,Unknown,10k+,,,,,,,,left_only,24.0,15128.0,2839.0,16.0,both,6310.0,89.45166402535658,58.0,152.0,both
7007744171,4/29/2016,20067,14.3000001907349,13.4200000762939,4.91114616394043,4.30999994277954,2.04999995231628,7.94999980926514,0.0,55,42,382,961,3180,2016-04-29,,,,,Unavailable,Friday,5,Weekday,479,7.98,,,1440,Within range,66.74,33.26,41.89,Yes,Unknown,10k+,,,,,,,,left_only,24.0,20067.0,3183.0,16.0,both,6555.0,93.94141876430206,63.0,145.0,both
7007744171,4/30/2016,3761,2.51999998092651,2.51999998092651,0.0,0.0,0.0,2.51999998092651,0.0,0,0,200,1240,2051,2016-04-30,,,,,Unavailable,Saturday,6,Weekend,200,3.33,,,1440,Within range,86.11,13.89,18.8,No,Unknown,Under 5k,,,,,,,,left_only,24.0,3761.0,2051.0,16.0,both,5225.0,80.32344497607656,61.0,124.0,both
7007744171,5/1/2016,5600,3.75,3.75,0.0,0.0,0.0,3.75,0.0,0,0,237,1142,2225,2016-05-01,5/1/2016 12:00:00 AM,1.0,58.0,61.0,Available,Sunday,7,Weekend,237,3.95,0.97,95.08,1379,Within range,82.81,17.19,23.63,No,No,5k-7.5k,,,,,,,,left_only,24.0,5600.0,2228.0,13.0,both,4655.0,84.96455424274973,57.0,128.0,both
7007744171,5/2/2016,13041,9.18000030517578,8.72000026702881,2.83232593536377,4.6399998664856,0.699999988079071,3.82999992370605,0.0,64,14,250,1112,2642,2016-05-02,,,,,Unavailable,Monday,1,Weekday,328,5.47,,,1440,Within range,77.22,22.78,39.76,Yes,Unknown,10k+,,,,,,,,left_only,24.0,13041.0,2642.0,16.0,both,5761.0,86.10571081409478,58.0,147.0,both
7007744171,5/3/2016,14510,10.8699998855591,9.71000003814697,4.91236782073975,4.48000001907349,1.01999998092651,5.3600001335144,0.0,58,31,330,1021,2976,2016-05-03,,,,,Unavailable,Tuesday,2,Weekday,419,6.98,,,1440,Within range,70.9,29.1,34.63,Yes,Unknown,10k+,,,,,,,,left_only,24.0,14510.0,2980.0,16.0,both,6039.0,93.36198046034112,65.0,138.0,both
7007744171,5/4/2016,0,0.0,0.0,0.0,0.0,0.0,0.0,0.0,0,0,0,1440,1557,2016-05-04,,,,,Unavailable,Wednesday,3,Weekday,0,0.0,,,1440,Within range,100.0,0.0,,No,Unknown,Under 5k,,,,,,,,left_only,24.0,0.0,1560.0,0.0,both,,,,,left_only
7007744171,5/5/2016,15010,11.1000003814697,10.039999961853,4.8782320022583,4.32999992370605,1.28999996185303,5.48000001907349,0.0,53,23,317,1047,2933,2016-05-05,,,,,Unavailable,Thursday,4,Weekday,393,6.55,,,1440,Within range,72.71,27.29,38.19,Yes,Unknown,10k+,,,,,,,,left_only,24.0,15010.0,2935.0,14.0,both,4825.0,97.89637305699482,70.0,133.0,both
7007744171,5/6/2016,11459,7.67000007629395,7.67000007629395,0.0,3.0,0.810000002384186,3.85999989509583,0.0,44,13,247,1136,2553,2016-05-06,,,,,Unavailable,Friday,5,Weekday,304,5.07,,,1440,Within range,78.89,21.11,37.69,Yes,Unknown,10k+,,,,,,,,left_only,24.0,11459.0,2555.0,16.0,both,5880.0,87.15,62.0,166.0,both
7007744171,5/7/2016,0,0.0,0.0,0.0,0.0,0.0,0.0,0.0,0,0,0,111,120,2016-05-07,,,,,Unavailable,Saturday,6,Weekend,0,0.0,,,111,Under 10 hours - review,100.0,0.0,,No,Unknown,Under 5k,,,,,,,,left_only,1.0,0.0,65.0,0.0,both,,,,,left_only
7086361926,4/12/2016,11317,8.40999984741211,8.40999984741211,0.0,5.26999998092651,0.150000005960464,2.97000002861023,0.0,59,6,153,745,2772,2016-04-12,4/12/2016 12:00:00 AM,1.0,514.0,525.0,Available,Tuesday,2,Weekday,218,3.63,8.57,97.9,963,Within range,77.36,22.64,51.91,Yes,Yes,10k+,,,,,,,,left_only,24.0,11309.0,2773.0,14.0,both,,,,,left_only
7086361926,4/13/2016,5813,3.61999988555908,3.61999988555908,0.0,0.560000002384186,0.209999993443489,2.83999991416931,0.0,31,26,155,744,2516,2016-04-13,4/13/2016 12:00:00 AM,1.0,451.0,465.0,Available,Wednesday,3,Weekday,212,3.53,7.52,96.99,956,Within range,77.82,22.18,27.42,No,Yes,5k-7.5k,,,,,,,,left_only,24.0,5813.0,2517.0,15.0,both,,,,,left_only
7086361926,4/14/2016,9123,6.11999988555908,6.11999988555908,0.0,2.02999997138977,0.330000013113022,3.66000008583069,0.0,35,32,189,787,2734,2016-04-14,4/14/2016 12:00:00 AM,1.0,472.0,476.0,Available,Thursday,4,Weekday,256,4.27,7.87,99.16,1043,Within range,75.46,24.54,35.64,No,Yes,7.5k-10k,,,,,,,,left_only,24.0,8998.0,2729.0,18.0,both,,,,,left_only
7086361926,4/15/2016,8585,5.67000007629395,5.67000007629395,0.0,2.03999996185303,1.11000001430511,2.52999997138977,0.0,30,21,139,864,2395,2016-04-15,4/15/2016 12:00:00 AM,1.0,377.0,386.0,Available,Friday,5,Weekday,190,3.17,6.28,97.67,1054,Within range,81.97,18.03,45.18,No,No,7.5k-10k,,,,,,,,left_only,24.0,8585.0,2396.0,15.0,both,,,,,left_only
7086361926,4/16/2016,31,0.0099999997764825,0.0099999997764825,0.0,0.0,0.0,0.0099999997764825,0.0,0,0,3,1437,1635,2016-04-16,,,,,Unavailable,Saturday,6,Weekend,3,0.05,,,1440,Within range,99.79,0.21,10.33,No,Unknown,Under 5k,,,,,,,,left_only,24.0,31.0,1637.0,1.0,both,,,,,left_only
7086361926,4/17/2016,0,0.0,0.0,0.0,0.0,0.0,0.0,0.0,0,0,0,1440,1629,2016-04-17,,,,,Unavailable,Sunday,7,Weekend,0,0.0,,,1440,Within range,100.0,0.0,,No,Unknown,Under 5k,,,,,,,,left_only,24.0,0.0,1632.0,0.0,both,,,,,left_only
7086361926,4/18/2016,9827,6.71000003814697,6.71000003814697,0.0,3.17000007629395,1.22000002861023,2.30999994277954,0.0,61,51,114,1136,2743,2016-04-18,,,,,Unavailable,Monday,1,Weekday,226,3.77,,,1362,Within range,83.41,16.59,43.48,No,Unknown,7.5k-10k,,,,,,,,left_only,24.0,9827.0,2744.0,12.0,both,,,,,left_only
7086361926,4/19/2016,10688,7.28999996185303,7.28999996185303,0.0,3.52999997138977,1.23000001907349,2.50999999046326,0.0,67,69,124,671,2944,2016-04-19,4/19/2016 12:00:00 AM,1.0,472.0,483.0,Available,Tuesday,2,Weekday,260,4.33,7.87,97.72,931,Within range,72.07,27.93,41.11,Yes,Yes,10k+,,,,,,,,left_only,24.0,10688.0,2945.0,15.0,both,,,,,left_only
7086361926,4/20/2016,14365,10.6400003433228,10.6400003433228,0.0,7.6399998664856,0.449999988079071,2.53999996185303,0.0,87,13,145,797,2997,2016-04-20,4/20/2016 12:00:00 AM,1.0,492.0,502.0,Available,Wednesday,3,Weekday,245,4.08,8.2,98.01,1042,Within range,76.49,23.51,58.63,Yes,Yes,10k+,,,,,,,,left_only,24.0,14365.0,2997.0,18.0,both,,,,,left_only
7086361926,4/21/2016,9469,6.17999982833862,6.17999982833862,0.0,1.36000001430511,0.300000011920929,4.51000022888184,0.0,19,6,206,758,2463,2016-04-21,4/21/2016 12:00:00 AM,1.0,390.0,411.0,Available,Thursday,4,Weekday,231,3.85,6.5,94.89,989,Within range,76.64,23.36,40.99,No,No,7.5k-10k,,,,,,,,left_only,24.0,9469.0,2465.0,20.0,both,,,,,left_only
7086361926,4/22/2016,9753,6.53000020980835,6.53000020980835,0.0,2.86999988555908,0.970000028610229,2.67000007629395,0.0,58,59,153,762,2846,2016-04-22,4/22/2016 12:00:00 AM,1.0,428.0,448.0,Available,Friday,5,Weekday,270,4.5,7.13,95.54,1032,Within range,73.84,26.16,36.12,No,Yes,7.5k-10k,,,,,,,,left_only,24.0,9733.0,2842.0,15.0,both,,,,,left_only
7086361926,4/23/2016,2817,1.80999994277954,1.80999994277954,0.0,0.0,0.0,1.79999995231628,0.0,0,0,90,1350,1965,2016-04-23,,,,,Unavailable,Saturday,6,Weekend,90,1.5,,,1440,Within range,93.75,6.25,31.3,No,Unknown,Under 5k,,,,,,,,left_only,24.0,2811.0,1966.0,11.0,both,,,,,left_only
7086361926,4/24/2016,3520,2.16000008583069,2.16000008583069,0.0,0.0,0.0,2.15000009536743,0.0,0,0,125,566,2049,2016-04-24,4/24/2016 12:00:00 AM,1.0,681.0,704.0,Available,Sunday,7,Weekend,125,2.08,11.35,96.73,691,Within range,81.91,18.09,28.16,No,Yes,Under 5k,,,,,,,,left_only,24.0,3520.0,2048.0,10.0,both,,,,,left_only
7086361926,4/25/2016,10091,6.82000017166138,6.82000017166138,0.0,3.75,0.699999988079071,2.36999988555908,0.0,69,39,129,706,2752,2016-04-25,4/25/2016 12:00:00 AM,1.0,446.0,447.0,Available,Monday,1,Weekday,237,3.95,7.43,99.78,943,Within range,74.87,25.13,42.58,Yes,Yes,10k+,,,,,,,,left_only,24.0,10091.0,2754.0,14.0,both,,,,,left_only
7086361926,4/26/2016,10387,7.07000017166138,7.07000017166138,0.0,4.15999984741211,0.769999980926514,2.11999988555908,0.0,70,33,132,726,2781,2016-04-26,4/26/2016 12:00:00 AM,1.0,485.0,500.0,Available,Tuesday,2,Weekday,235,3.92,8.08,97.0,961,Within range,75.55,24.45,44.2,Yes,Yes,10k+,,,,,,,,left_only,24.0,10378.0,2780.0,17.0,both,,,,,left_only
7086361926,4/27/2016,11107,8.34000015258789,8.34000015258789,0.0,5.63000011444092,0.180000007152557,2.52999997138977,0.0,55,6,145,829,2693,2016-04-27,4/27/2016 12:00:00 AM,1.0,469.0,479.0,Available,Wednesday,3,Weekday,206,3.43,7.82,97.91,1035,Within range,80.1,19.9,53.92,Yes,Yes,10k+,,,,,,,,left_only,24.0,11107.0,2693.0,17.0,both,,,,,left_only
7086361926,4/28/2016,11584,7.80000019073486,7.80000019073486,0.0,2.78999996185303,1.63999998569489,3.35999989509583,0.0,54,48,161,810,2862,2016-04-28,4/28/2016 12:00:00 AM,1.0,354.0,367.0,Available,Thursday,4,Weekday,263,4.38,5.9,96.46,1073,Within range,75.49,24.51,44.05,Yes,No,10k+,,,,,,,,left_only,24.0,11575.0,2858.0,17.0,both,,,,,left_only
7086361926,4/29/2016,7881,4.94999980926514,4.94999980926514,0.0,0.490000009536743,0.449999988079071,4.0,0.0,24,36,182,1198,2616,2016-04-29,,,,,Unavailable,Friday,5,Weekday,242,4.03,,,1440,Within range,83.19,16.81,32.57,No,Unknown,7.5k-10k,,,,,,,,left_only,24.0,7881.0,2615.0,15.0,both,,,,,left_only
7086361926,4/30/2016,14560,9.40999984741211,9.40999984741211,0.0,3.11999988555908,1.03999996185303,5.23999977111816,0.0,42,17,308,584,2995,2016-04-30,4/30/2016 12:00:00 AM,1.0,485.0,489.0,Available,Saturday,6,Weekend,367,6.12,8.08,99.18,951,Within range,61.41,38.59,39.67,Yes,Yes,10k+,,,,,,,,left_only,24.0,14560.0,2997.0,16.0,both,,,,,left_only
7086361926,5/1/2016,12390,8.06999969482422,8.06999969482422,0.0,2.29999995231628,0.899999976158142,4.84999990463257,0.0,30,15,258,685,2730,2016-05-01,5/1/2016 12:00:00 AM,1.0,388.0,407.0,Available,Sunday,7,Weekend,303,5.05,6.47,95.33,988,Within range,69.33,30.67,40.89,Yes,No,10k+,,,,,,,,left_only,24.0,12375.0,2727.0,17.0,both,,,,,left_only
7086361926,5/2/2016,10052,6.80999994277954,6.80999994277954,0.0,3.48000001907349,0.660000026226044,2.66000008583069,0.0,66,26,139,737,2754,2016-05-02,5/2/2016 12:00:00 AM,1.0,440.0,459.0,Available,Monday,1,Weekday,231,3.85,7.33,95.86,968,Within range,76.14,23.86,43.52,Yes,Yes,10k+,,,,,,,,left_only,24.0,10052.0,2757.0,15.0,both,,,,,left_only
7086361926,5/3/2016,10288,6.76000022888184,6.76000022888184,0.0,2.74000000953674,0.850000023841858,3.16000008583069,0.0,57,36,152,761,2754,2016-05-03,5/3/2016 12:00:00 AM,1.0,456.0,461.0,Available,Tuesday,2,Weekday,245,4.08,7.6,98.92,1006,Within range,75.65,24.35,41.99,Yes,Yes,10k+,,,,,,,,left_only,24.0,10288.0,2755.0,17.0,both,,,,,left_only
7086361926,5/4/2016,10988,8.3100004196167,8.3100004196167,0.0,5.28000020980835,0.119999997317791,2.90000009536743,0.0,45,12,135,843,2655,2016-05-04,5/4/2016 12:00:00 AM,1.0,420.0,436.0,Available,Wednesday,3,Weekday,192,3.2,7.0,96.33,1035,Within range,81.45,18.55,57.23,Yes,Yes,10k+,,,,,,,,left_only,24.0,10988.0,2655.0,17.0,both,,,,,left_only
7086361926,5/5/2016,8564,5.59999990463257,5.59999990463257,0.0,1.77999997138977,0.829999983310699,2.95000004768372,0.0,24,14,149,1253,2386,2016-05-05,,,,,Unavailable,Thursday,4,Weekday,187,3.12,,,1440,Within range,87.01,12.99,45.8,No,Unknown,7.5k-10k,,,,,,,,left_only,24.0,8525.0,2382.0,16.0,both,,,,,left_only
7086361926,5/6/2016,12461,8.38000011444092,8.38000011444092,0.0,3.8199999332428,1.42999994754791,3.11999988555908,0.0,84,35,154,834,2924,2016-05-06,5/6/2016 12:00:00 AM,1.0,322.0,333.0,Available,Friday,5,Weekday,273,4.55,5.37,96.7,1107,Within range,75.34,24.66,45.64,Yes,No,10k+,,,,,,,,left_only,24.0,12461.0,2924.0,18.0,both,,,,,left_only
7086361926,5/7/2016,12827,8.47999954223633,8.47999954223633,0.0,1.46000003814697,2.32999992370605,4.67999982833862,0.0,20,42,209,621,2739,2016-05-07,5/7/2016 12:00:00 AM,1.0,530.0,548.0,Available,Saturday,6,Weekend,271,4.52,8.83,96.72,892,Within range,69.62,30.38,47.33,Yes,Yes,10k+,,,,,,,,left_only,24.0,12827.0,2738.0,16.0,both,,,,,left_only
7086361926,5/8/2016,10677,7.09999990463257,7.09999990463257,0.0,2.30999994277954,1.52999997138977,3.25,0.0,32,27,147,695,2534,2016-05-08,5/8/2016 12:00:00 AM,1.0,481.0,510.0,Available,Sunday,7,Weekend,206,3.43,8.02,94.31,901,Within range,77.14,22.86,51.83,Yes,Yes,10k+,,,,,,,,left_only,24.0,10677.0,2532.0,15.0,both,,,,,left_only
7086361926,5/9/2016,13566,9.10999965667725,9.10999965667725,0.0,4.26000022888184,1.71000003814697,3.11999988555908,0.0,67,50,171,743,2960,2016-05-09,5/9/2016 12:00:00 AM,1.0,427.0,438.0,Available,Monday,1,Weekday,288,4.8,7.12,97.49,1031,Within range,72.07,27.93,47.1,Yes,Yes,10k+,,,,,,,,left_only,24.0,13558.0,2958.0,16.0,both,,,,,left_only
7086361926,5/10/2016,14433,10.789999961853,10.789999961853,0.0,7.1100001335144,1.20000004768372,2.45000004768372,0.0,72,23,106,1182,2800,2016-05-10,,,,,Unavailable,Tuesday,2,Weekday,201,3.35,,,1383,Within range,85.47,14.53,71.81,Yes,Unknown,10k+,,,,,,,,left_only,24.0,14407.0,2795.0,14.0,both,,,,,left_only
7086361926,5/11/2016,9572,6.51999998092651,6.51999998092651,0.0,2.89000010490417,1.38999998569489,2.23000001907349,0.0,57,40,128,757,2735,2016-05-11,5/11/2016 12:00:00 AM,1.0,451.0,463.0,Available,Wednesday,3,Weekday,225,3.75,7.52,97.41,982,Within range,77.09,22.91,42.54,No,Yes,7.5k-10k,,,,,,,,left_only,24.0,9572.0,2735.0,17.0,both,,,,,left_only
7086361926,5/12/2016,3789,2.55999994277954,2.55999994277954,0.0,0.379999995231628,0.270000010728836,1.88999998569489,0.0,5,4,58,343,1199,2016-05-12,5/12/2016 12:00:00 AM,1.0,444.0,457.0,Available,Thursday,4,Weekday,67,1.12,7.4,97.16,410,Under 10 hours - review,83.66,16.34,56.55,No,Yes,Under 5k,,,,,,,,left_only,13.0,1032.0,995.0,5.0,both,,,,,left_only
8053475328,4/12/2016,18060,14.1199998855591,14.1199998855591,0.0,11.6400003433228,0.389999985694885,2.09999990463257,0.0,116,8,123,1193,3186,2016-04-12,,,,,Unavailable,Tuesday,2,Weekday,247,4.12,,,1440,Within range,82.85,17.15,73.12,Yes,Unknown,10k+,,,,,,,,left_only,24.0,18060.0,3186.0,14.0,both,,,,,left_only
8053475328,4/13/2016,16433,13.3500003814697,13.3500003814697,0.0,10.4300003051758,0.469999998807907,2.45000004768372,0.0,95,12,156,1177,3140,2016-04-13,,,,,Unavailable,Wednesday,3,Weekday,263,4.38,,,1440,Within range,81.74,18.26,62.48,Yes,Unknown,10k+,,,,,,,,left_only,24.0,16433.0,3140.0,15.0,both,,,,,left_only
8053475328,4/14/2016,20159,15.9700002670288,15.9700002670288,0.0,12.3400001525879,0.209999993443489,3.35999989509583,0.0,119,5,193,1123,3411,2016-04-14,,,,,Unavailable,Thursday,4,Weekday,317,5.28,,,1440,Within range,77.99,22.01,63.59,Yes,Unknown,10k+,,,,,,,,left_only,24.0,20089.0,3407.0,16.0,both,,,,,left_only
8053475328,4/15/2016,20669,16.2399997711182,16.2399997711182,0.0,13.2600002288818,0.389999985694885,2.58999991416931,0.0,132,8,158,1142,3410,2016-04-15,,,,,Unavailable,Friday,5,Weekday,298,4.97,,,1440,Within range,79.31,20.69,69.36,Yes,Unknown,10k+,,,,,,,,left_only,24.0,20669.0,3410.0,15.0,both,,,,,left_only
8053475328,4/16/2016,14549,11.1099996566772,11.1099996566772,0.0,9.35999965667725,0.270000010728836,1.49000000953674,0.0,96,6,83,1255,2867,2016-04-16,,,,,Unavailable,Saturday,6,Weekend,185,3.08,,,1440,Within range,87.15,12.85,78.64,Yes,Unknown,10k+,,,,,,,,left_only,24.0,14549.0,2868.0,13.0,both,,,,,left_only
8053475328,4/17/2016,18827,13.6899995803833,13.6899995803833,0.0,9.23999977111816,0.800000011920929,3.64000010490417,0.0,111,21,195,1113,3213,2016-04-17,,,,,Unavailable,Sunday,7,Weekend,327,5.45,,,1440,Within range,77.29,22.71,57.57,Yes,Unknown,10k+,,,,,,,,left_only,24.0,18827.0,3211.0,12.0,both,,,,,left_only
8053475328,4/18/2016,17076,12.6599998474121,12.6599998474121,0.0,9.07999992370605,0.230000004172325,3.34999990463257,0.0,102,6,195,1137,3133,2016-04-18,,,,,Unavailable,Monday,1,Weekday,303,5.05,,,1440,Within range,78.96,21.04,56.36,Yes,Unknown,10k+,,,,,,,,left_only,24.0,17076.0,3134.0,15.0,both,,,,,left_only
8053475328,4/19/2016,15929,12.4799995422363,12.4799995422363,0.0,9.22000026702881,0.310000002384186,2.95000004768372,0.0,90,7,191,1152,3114,2016-04-19,,,,,Unavailable,Tuesday,2,Weekday,288,4.8,,,1440,Within range,80.0,20.0,55.31,Yes,Unknown,10k+,,,,,,,,left_only,24.0,15929.0,3112.0,15.0,both,,,,,left_only
8053475328,4/20/2016,15108,12.1899995803833,12.1899995803833,0.0,9.57999992370605,0.230000004172325,2.38000011444092,0.0,89,5,158,695,3043,2016-04-20,4/20/2016 12:00:00 AM,1.0,486.0,493.0,Available,Wednesday,3,Weekday,252,4.2,8.1,98.58,947,Within range,73.39,26.61,59.95,Yes,Yes,10k+,,,,,,,,left_only,24.0,15108.0,3044.0,17.0,both,,,,,left_only
8053475328,4/21/2016,16057,12.5100002288818,12.5100002288818,0.0,9.67000007629395,0.25,2.57999992370605,0.0,100,6,170,1164,3103,2016-04-21,,,,,Unavailable,Thursday,4,Weekday,276,4.6,,,1440,Within range,80.83,19.17,58.18,Yes,Unknown,10k+,,,,,,,,left_only,24.0,16049.0,3103.0,15.0,both,,,,,left_only
8053475328,4/22/2016,10520,8.28999996185303,8.28999996185303,0.0,6.26000022888184,0.150000005960464,1.87999999523163,0.0,60,3,117,1260,2655,2016-04-22,,,,,Unavailable,Friday,5,Weekday,180,3.0,,,1440,Within range,87.5,12.5,58.44,Yes,Unknown,10k+,,,,,,,,left_only,24.0,10520.0,2655.0,15.0,both,,,,,left_only
8053475328,4/23/2016,22359,17.1900005340576,17.1900005340576,0.0,12.539999961853,0.629999995231628,4.01999998092651,0.0,125,14,223,741,3554,2016-04-23,4/23/2016 12:00:00 AM,1.0,331.0,337.0,Available,Saturday,6,Weekend,362,6.03,5.52,98.22,1103,Within range,67.18,32.82,61.77,Yes,No,10k+,,,,,,,,left_only,24.0,22359.0,3555.0,14.0,both,,,,,left_only
8053475328,4/24/2016,22988,17.9500007629395,17.9500007629395,0.0,13.1300001144409,1.54999995231628,3.25999999046326,0.0,129,33,182,1096,3577,2016-04-24,,,,,Unavailable,Sunday,7,Weekend,344,5.73,,,1440,Within range,76.11,23.89,66.83,Yes,Unknown,10k+,,,,,,,,left_only,24.0,22988.0,3575.0,14.0,both,,,,,left_only
8053475328,4/25/2016,20500,15.6899995803833,15.6899995803833,0.0,11.3699998855591,0.46000000834465,3.85999989509583,0.0,118,9,209,1104,3403,2016-04-25,,,,,Unavailable,Monday,1,Weekday,336,5.6,,,1440,Within range,76.67,23.33,61.01,Yes,Unknown,10k+,,,,,,,,left_only,24.0,20500.0,3402.0,15.0,both,,,,,left_only
8053475328,4/26/2016,12685,9.61999988555908,9.61999988555908,0.0,6.30999994277954,0.200000002980232,3.09999990463257,0.0,68,5,185,1182,2846,2016-04-26,,,,,Unavailable,Tuesday,2,Weekday,258,4.3,,,1440,Within range,82.08,17.92,49.17,Yes,Unknown,10k+,,,,,,,,left_only,24.0,12685.0,2846.0,17.0,both,,,,,left_only
8053475328,4/27/2016,12422,9.81999969482422,9.81999969482422,0.0,6.46000003814697,0.430000007152557,2.9300000667572,0.0,60,10,183,1187,2852,2016-04-27,,,,,Unavailable,Wednesday,3,Weekday,253,4.22,,,1440,Within range,82.43,17.57,49.1,Yes,Unknown,10k+,,,,,,,,left_only,24.0,12422.0,2850.0,14.0,both,,,,,left_only
8053475328,4/28/2016,15447,12.3999996185303,12.3999996185303,0.0,9.67000007629395,0.389999985694885,2.34999990463257,0.0,90,9,153,1188,3062,2016-04-28,,,,,Unavailable,Thursday,4,Weekday,252,4.2,,,1440,Within range,82.5,17.5,61.3,Yes,Unknown,10k+,,,,,,,,left_only,24.0,15447.0,3062.0,13.0,both,,,,,left_only
8053475328,4/29/2016,12315,9.64999961853027,9.64999961853027,0.0,6.17000007629395,0.310000002384186,3.17000007629395,0.0,58,8,159,1215,2794,2016-04-29,,,,,Unavailable,Friday,5,Weekday,225,3.75,,,1440,Within range,84.38,15.62,54.73,Yes,Unknown,10k+,,,,,,,,left_only,24.0,12315.0,2793.0,15.0,both,,,,,left_only
8053475328,4/30/2016,7135,5.59000015258789,5.59000015258789,0.0,2.99000000953674,0.0599999986588955,2.53999996185303,0.0,27,1,131,1281,2408,2016-04-30,,,,,Unavailable,Saturday,6,Weekend,159,2.65,,,1440,Within range,88.96,11.04,44.87,No,Unknown,5k-7.5k,,,,,,,,left_only,24.0,7135.0,2408.0,15.0,both,,,,,left_only
8053475328,5/1/2016,1170,0.850000023841858,0.850000023841858,0.0,0.0,0.0,0.850000023841858,0.0,0,0,51,1389,1886,2016-05-01,,,,,Unavailable,Sunday,7,Weekend,51,0.85,,,1440,Within range,96.46,3.54,22.94,No,Unknown,Under 5k,,,,,,,,left_only,24.0,1170.0,1885.0,4.0,both,,,,,left_only
8053475328,5/2/2016,1969,1.42999994754791,1.42999994754791,0.0,0.0,0.0,1.42999994754791,0.0,0,0,95,1345,1988,2016-05-02,,,,,Unavailable,Monday,1,Weekday,95,1.58,,,1440,Within range,93.4,6.6,20.73,No,Unknown,Under 5k,,,,,,,,left_only,24.0,1969.0,1992.0,8.0,both,,,,,left_only
8053475328,5/3/2016,15484,11.8999996185303,11.8999996185303,0.0,8.39000034332275,0.930000007152557,2.58999991416931,0.0,87,22,165,1166,3023,2016-05-03,,,,,Unavailable,Tuesday,2,Weekday,274,4.57,,,1440,Within range,80.97,19.03,56.51,Yes,Unknown,10k+,,,,,,,,left_only,24.0,15484.0,3022.0,13.0,both,,,,,left_only
8053475328,5/4/2016,14581,11.1499996185303,11.1499996185303,0.0,8.81999969482422,0.400000005960464,1.9099999666214,0.0,89,8,123,1220,2918,2016-05-04,,,,,Unavailable,Wednesday,3,Weekday,220,3.67,,,1440,Within range,84.72,15.28,66.28,Yes,Unknown,10k+,,,,,,,,left_only,24.0,14563.0,2916.0,14.0,both,,,,,left_only
8053475328,5/5/2016,14990,11.5100002288818,11.5100002288818,0.0,8.85000038146973,0.449999988079071,2.21000003814697,0.0,93,9,130,1208,2950,2016-05-05,,,,,Unavailable,Thursday,4,Weekday,232,3.87,,,1440,Within range,83.89,16.11,64.61,Yes,Unknown,10k+,,,,,,,,left_only,24.0,14990.0,2954.0,14.0,both,,,,,left_only
8053475328,5/6/2016,13953,11.0,11.0,0.0,9.10000038146973,0.689999997615814,1.21000003814697,0.0,90,15,90,1245,2859,2016-05-06,,,,,Unavailable,Friday,5,Weekday,195,3.25,,,1440,Within range,86.46,13.54,71.55,Yes,Unknown,10k+,,,,,,,,left_only,24.0,13953.0,2864.0,11.0,both,,,,,left_only
8053475328,5/7/2016,19769,15.6700000762939,15.6700000762939,0.0,12.4399995803833,0.879999995231628,2.34999990463257,0.0,121,20,148,1076,3331,2016-05-07,5/7/2016 12:00:00 AM,1.0,74.0,75.0,Available,Saturday,6,Weekend,289,4.82,1.23,98.67,1365,Within range,78.83,21.17,68.4,Yes,No,10k+,,,,,,,,left_only,24.0,19769.0,3332.0,12.0,both,,,,,left_only
8053475328,5/8/2016,22026,17.6499996185303,17.6499996185303,0.0,13.3999996185303,0.589999973773956,3.66000008583069,0.0,125,14,228,1073,3589,2016-05-08,,,,,Unavailable,Sunday,7,Weekend,367,6.12,,,1440,Within range,74.51,25.49,60.02,Yes,Unknown,10k+,,,,,,,,left_only,24.0,22026.0,3591.0,17.0,both,,,,,left_only
8053475328,5/9/2016,12465,9.38000011444092,9.38000011444092,0.0,6.11999988555908,0.569999992847443,2.69000005722046,0.0,66,12,148,1214,2765,2016-05-09,,,,,Unavailable,Monday,1,Weekday,226,3.77,,,1440,Within range,84.31,15.69,55.15,Yes,Unknown,10k+,,,,,,,,left_only,24.0,12465.0,2767.0,14.0,both,,,,,left_only
8053475328,5/10/2016,14810,11.3599996566772,11.3599996566772,0.0,9.09000015258789,0.419999986886978,1.85000002384186,0.0,96,10,115,1219,2926,2016-05-10,,,,,Unavailable,Tuesday,2,Weekday,221,3.68,,,1440,Within range,84.65,15.35,67.01,Yes,Unknown,10k+,,,,,,,,left_only,24.0,14810.0,2928.0,15.0,both,,,,,left_only
8053475328,5/11/2016,12209,9.39999961853027,9.39999961853027,0.0,6.07999992370605,0.280000001192093,3.03999996185303,0.0,60,7,184,1189,2809,2016-05-11,,,,,Unavailable,Wednesday,3,Weekday,251,4.18,,,1440,Within range,82.57,17.43,48.64,Yes,Unknown,10k+,,,,,,,,left_only,24.0,12209.0,2811.0,17.0,both,,,,,left_only
8053475328,5/12/2016,4998,3.91000008583069,3.91000008583069,0.0,2.95000004768372,0.200000002980232,0.759999990463257,0.0,28,4,39,839,1505,2016-05-12,,,,,Unavailable,Thursday,4,Weekday,71,1.18,,,910,Within range,92.2,7.8,70.39,No,Unknown,Under 5k,,,,,,,,left_only,15.0,4895.0,1487.0,4.0,both,,,,,left_only
8253242879,4/12/2016,9033,7.15999984741211,7.15999984741211,0.0,5.42999982833862,0.140000000596046,1.5900000333786,0.0,40,2,154,1244,2044,2016-04-12,,,,,Unavailable,Tuesday,2,Weekday,196,3.27,,,1440,Within range,86.39,13.61,46.09,No,Unknown,7.5k-10k,,,,,,,,left_only,24.0,9033.0,2039.0,14.0,both,,,,,left_only
8253242879,4/13/2016,8053,6.09999990463257,6.09999990463257,0.0,4.17000007629395,0.629999995231628,1.30999994277954,0.0,35,11,96,1298,1935,2016-04-13,,,,,Unavailable,Wednesday,3,Weekday,142,2.37,,,1440,Within range,90.14,9.86,56.71,No,Unknown,7.5k-10k,,,,,,,,left_only,24.0,8053.0,1930.0,12.0,both,,,,,left_only
8253242879,4/14/2016,5234,3.46000003814697,3.46000003814697,0.0,1.92999994754791,0.990000009536743,0.540000021457672,0.0,29,16,33,1362,1705,2016-04-14,,,,,Unavailable,Thursday,4,Weekday,78,1.3,,,1440,Within range,94.58,5.42,67.1,No,Unknown,5k-7.5k,,,,,,,,left_only,24.0,5234.0,1695.0,4.0,both,,,,,left_only
8253242879,4/15/2016,2672,1.76999998092651,1.76999998092651,0.0,0.0,0.0,1.75999999046326,0.0,0,0,105,1335,1632,2016-04-15,,,,,Unavailable,Friday,5,Weekday,105,1.75,,,1440,Within range,92.71,7.29,25.45,No,Unknown,Under 5k,,,,,,,,left_only,24.0,2672.0,1626.0,11.0,both,,,,,left_only
8253242879,4/16/2016,9256,6.1399998664856,6.1399998664856,0.0,0.430000007152557,3.26999998092651,2.45000004768372,0.0,6,51,115,1268,1880,2016-04-16,,,,,Unavailable,Saturday,6,Weekend,172,2.87,,,1440,Within range,88.06,11.94,53.81,No,Unknown,7.5k-10k,,,,,,,,left_only,24.0,9256.0,1876.0,12.0,both,,,,,left_only
8253242879,4/17/2016,10204,7.90999984741211,7.90999984741211,0.0,5.42999982833862,0.150000005960464,2.32999992370605,0.0,41,5,157,1237,2112,2016-04-17,,,,,Unavailable,Sunday,7,Weekend,203,3.38,,,1440,Within range,85.9,14.1,50.27,Yes,Unknown,10k+,,,,,,,,left_only,24.0,10204.0,2108.0,13.0,both,,,,,left_only
8253242879,4/18/2016,5151,3.48000001907349,3.48000001907349,0.0,1.03999996185303,0.629999995231628,1.79999995231628,0.0,16,16,130,1278,1829,2016-04-18,,,,,Unavailable,Monday,1,Weekday,162,2.7,,,1440,Within range,88.75,11.25,31.8,No,Unknown,5k-7.5k,,,,,,,,left_only,24.0,5151.0,1824.0,12.0,both,,,,,left_only
8253242879,4/19/2016,4212,2.77999997138977,2.77999997138977,0.0,0.0,0.0,2.77999997138977,0.0,0,0,164,1276,1763,2016-04-19,,,,,Unavailable,Tuesday,2,Weekday,164,2.73,,,1440,Within range,88.61,11.39,25.68,No,Unknown,Under 5k,,,,,,,,left_only,24.0,4212.0,1760.0,14.0,both,,,,,left_only
8253242879,4/20/2016,6466,4.26999998092651,4.26999998092651,0.0,0.330000013113022,0.819999992847443,3.10999989509583,0.0099999997764825,5,18,216,1201,1931,2016-04-20,,,,,Unavailable,Wednesday,3,Weekday,239,3.98,,,1440,Within range,83.4,16.6,27.05,No,Unknown,5k-7.5k,,,,,,,,left_only,24.0,6466.0,1927.0,16.0,both,,,,,left_only
8253242879,4/21/2016,11268,8.5600004196167,8.5600004196167,0.0,5.88000011444092,0.930000007152557,1.75,0.0,49,20,172,1199,2218,2016-04-21,,,,,Unavailable,Thursday,4,Weekday,241,4.02,,,1440,Within range,83.26,16.74,46.76,Yes,Unknown,10k+,,,,,,,,left_only,24.0,11268.0,2214.0,15.0,both,,,,,left_only
8253242879,4/22/2016,2824,1.87000000476837,1.87000000476837,0.0,0.0,0.0,1.87000000476837,0.0,0,0,120,1320,1651,2016-04-22,,,,,Unavailable,Friday,5,Weekday,120,2.0,,,1440,Within range,91.67,8.33,23.53,No,Unknown,Under 5k,,,,,,,,left_only,24.0,2824.0,1644.0,11.0,both,,,,,left_only
8253242879,4/23/2016,9282,6.26000022888184,6.26000022888184,0.0,2.08999991416931,1.03999996185303,3.13000011444092,0.0,30,26,191,1193,2132,2016-04-23,,,,,Unavailable,Saturday,6,Weekend,247,4.12,,,1440,Within range,82.85,17.15,37.58,No,Unknown,7.5k-10k,,,,,,,,left_only,24.0,9282.0,2129.0,14.0,both,,,,,left_only
8253242879,4/24/2016,8905,7.13000011444092,7.13000011444092,0.0,5.59999990463257,0.189999997615814,1.3400000333786,0.0,41,4,82,1313,1976,2016-04-24,,,,,Unavailable,Sunday,7,Weekend,127,2.12,,,1440,Within range,91.18,8.82,70.12,No,Unknown,7.5k-10k,,,,,,,,left_only,24.0,8905.0,1972.0,12.0,both,,,,,left_only
8253242879,4/25/2016,6829,4.51000022888184,4.51000022888184,0.0,0.360000014305115,2.39000010490417,1.76999998092651,0.0,7,54,118,1261,1909,2016-04-25,,,,,Unavailable,Monday,1,Weekday,179,2.98,,,1440,Within range,87.57,12.43,38.15,No,Unknown,5k-7.5k,,,,,,,,left_only,24.0,6829.0,1903.0,9.0,both,,,,,left_only
8253242879,4/26/2016,4562,3.03999996185303,3.03999996185303,0.0,1.17999994754791,0.490000009536743,1.37000000476837,0.0,19,14,108,1299,1813,2016-04-26,,,,,Unavailable,Tuesday,2,Weekday,141,2.35,,,1440,Within range,90.21,9.79,32.35,No,Unknown,Under 5k,,,,,,,,left_only,24.0,4562.0,1809.0,12.0,both,,,,,left_only
8253242879,4/27/2016,10232,8.18000030517578,8.18000030517578,0.0,6.23999977111816,0.230000004172325,1.70000004768372,0.0,45,5,104,1286,2008,2016-04-27,,,,,Unavailable,Wednesday,3,Weekday,154,2.57,,,1440,Within range,89.31,10.69,66.44,Yes,Unknown,10k+,,,,,,,,left_only,24.0,10232.0,2005.0,12.0,both,,,,,left_only
8253242879,4/28/2016,2718,1.79999995231628,1.79999995231628,0.0,0.670000016689301,0.779999971389771,0.340000003576279,0.0,11,16,20,1393,1580,2016-04-28,,,,,Unavailable,Thursday,4,Weekday,47,0.78,,,1440,Within range,96.74,3.26,57.83,No,Unknown,Under 5k,,,,,,,,left_only,24.0,2718.0,1570.0,2.0,both,,,,,left_only
8253242879,4/29/2016,6260,4.26000022888184,4.26000022888184,0.0,1.28999996185303,0.540000021457672,2.40000009536743,0.0,16,14,136,1257,1854,2016-04-29,,,,,Unavailable,Friday,5,Weekday,166,2.77,,,1423,Within range,88.33,11.67,37.71,No,Unknown,5k-7.5k,,,,,,,,left_only,23.0,5937.0,1781.0,12.0,both,,,,,left_only
8253242879,4/30/2016,0,0.0,0.0,0.0,0.0,0.0,0.0,0.0,0,0,0,1440,0,2016-04-30,,,,,Unavailable,Saturday,6,Weekend,0,0.0,,,1440,Within range,100.0,0.0,,No,Unknown,Under 5k,,,,,,,,left_only,,,,,left_only,,,,,left_only
8378563200,4/12/2016,7626,6.05000019073486,6.05000019073486,2.25308108329773,0.829999983310699,0.709999978542328,4.5,0.0,65,15,156,723,3635,2016-04-12,4/12/2016 12:00:00 AM,1.0,338.0,356.0,Available,Tuesday,2,Weekday,236,3.93,5.63,94.94,959,Within range,75.39,24.61,32.31,No,No,7.5k-10k,,,,,,,,left_only,24.0,7626.0,3636.0,19.0,both,,,,,left_only
8378563200,4/13/2016,12386,9.81999969482422,9.81999969482422,2.0921471118927,4.96000003814697,0.649999976158142,4.21000003814697,0.0,116,14,169,680,4079,2016-04-13,4/13/2016 12:00:00 AM,2.0,447.0,487.0,Available,Wednesday,3,Weekday,299,4.98,7.45,91.79,979,Within range,69.46,30.54,41.42,Yes,Yes,10k+,,,,,,,,left_only,24.0,12386.0,4080.0,18.0,both,,,,,left_only
8378563200,4/14/2016,13318,10.5600004196167,10.5600004196167,2.25308108329773,5.61999988555908,1.02999997138977,3.91000008583069,0.0,123,21,174,699,4163,2016-04-14,4/14/2016 12:00:00 AM,1.0,424.0,455.0,Available,Thursday,4,Weekday,318,5.3,7.07,93.19,1017,Within range,68.73,31.27,41.88,Yes,Yes,10k+,,,,,,,,left_only,24.0,13318.0,4164.0,20.0,both,,,,,left_only
8378563200,4/15/2016,14461,11.4700002670288,11.4700002670288,0.0,4.90999984741211,1.14999997615814,5.40999984741211,0.0,60,23,190,729,3666,2016-04-15,4/15/2016 12:00:00 AM,1.0,513.0,533.0,Available,Friday,5,Weekday,273,4.55,8.55,96.25,1002,Within range,72.75,27.25,52.97,Yes,Yes,10k+,,,,,,,,left_only,24.0,14461.0,3655.0,20.0,both,,,,,left_only
8378563200,4/16/2016,11207,8.89000034332275,8.89000034332275,0.0,5.36999988555908,1.07000005245209,2.44000005722046,0.0,64,21,142,563,3363,2016-04-16,4/16/2016 12:00:00 AM,2.0,611.0,689.0,Available,Saturday,6,Weekend,227,3.78,10.18,88.68,790,Within range,71.27,28.73,49.37,Yes,Yes,10k+,,,,,,,,left_only,24.0,11196.0,3362.0,21.0,both,,,,,left_only
8378563200,4/17/2016,2132,1.69000005722046,1.69000005722046,0.0,0.0,0.0,1.69000005722046,0.0,0,0,93,599,2572,2016-04-17,4/17/2016 12:00:00 AM,2.0,525.0,591.0,Available,Sunday,7,Weekend,93,1.55,8.75,88.83,692,Within range,86.56,13.44,22.92,No,Yes,Under 5k,,,,,,,,left_only,24.0,2132.0,2571.0,16.0,both,,,,,left_only
8378563200,4/18/2016,13630,10.8100004196167,10.8100004196167,2.0921471118927,5.05000019073486,0.560000002384186,5.19999980926514,0.0,117,10,174,720,4157,2016-04-18,4/18/2016 12:00:00 AM,1.0,398.0,451.0,Available,Monday,1,Weekday,301,5.02,6.63,88.25,1021,Within range,70.52,29.48,45.28,Yes,No,10k+,,,,,,,,left_only,24.0,13630.0,4159.0,20.0,both,,,,,left_only
8378563200,4/19/2016,13070,10.3599996566772,10.3599996566772,2.25308108329773,5.30000019073486,0.879999995231628,4.17999982833862,0.0,120,19,154,737,4092,2016-04-19,4/19/2016 12:00:00 AM,1.0,387.0,421.0,Available,Tuesday,2,Weekday,293,4.88,6.45,91.92,1030,Within range,71.55,28.45,44.61,Yes,No,10k+,,,,,,,,left_only,24.0,13070.0,4091.0,19.0,both,,,,,left_only
8378563200,4/20/2016,9388,7.44000005722046,7.44000005722046,2.0921471118927,2.23000001907349,0.439999997615814,4.78000020980835,0.0,82,8,169,763,3787,2016-04-20,4/20/2016 12:00:00 AM,1.0,381.0,409.0,Available,Wednesday,3,Weekday,259,4.32,6.35,93.15,1022,Within range,74.66,25.34,36.25,No,No,7.5k-10k,,,,,,,,left_only,24.0,9388.0,3787.0,19.0,both,,,,,left_only
8378563200,4/21/2016,15148,12.0100002288818,12.0100002288818,2.25308108329773,6.90000009536743,0.819999992847443,4.28999996185303,0.0,137,16,145,677,4236,2016-04-21,4/21/2016 12:00:00 AM,1.0,396.0,417.0,Available,Thursday,4,Weekday,298,4.97,6.6,94.96,975,Within range,69.44,30.56,50.83,Yes,No,10k+,,,,,,,,left_only,24.0,15148.0,4238.0,17.0,both,,,,,left_only
8378563200,4/22/2016,12200,9.67000007629395,9.67000007629395,2.0921471118927,4.90999984741211,0.589999973773956,4.17999982833862,0.0,113,12,159,769,4044,2016-04-22,4/22/2016 12:00:00 AM,1.0,441.0,469.0,Available,Friday,5,Weekday,284,4.73,7.35,94.03,1053,Within range,73.03,26.97,42.96,Yes,Yes,10k+,,,,,,,,left_only,24.0,12200.0,4046.0,19.0,both,,,,,left_only
8378563200,4/23/2016,5709,4.53000020980835,4.53000020980835,0.0,1.51999998092651,0.519999980926514,2.48000001907349,0.0,19,10,136,740,2908,2016-04-23,4/23/2016 12:00:00 AM,1.0,565.0,591.0,Available,Saturday,6,Weekend,165,2.75,9.42,95.6,905,Within range,81.77,18.23,34.6,No,Yes,5k-7.5k,,,,,,,,left_only,24.0,5709.0,2910.0,19.0,both,,,,,left_only
8378563200,4/24/2016,3703,2.94000005722046,2.94000005722046,0.0,0.0,0.0,2.94000005722046,0.0,0,0,135,734,2741,2016-04-24,4/24/2016 12:00:00 AM,1.0,458.0,492.0,Available,Sunday,7,Weekend,135,2.25,7.63,93.09,869,Within range,84.46,15.54,27.43,No,Yes,Under 5k,,,,,,,,left_only,24.0,3703.0,2743.0,17.0,both,,,,,left_only
8378563200,4/25/2016,12405,9.84000015258789,9.84000015258789,2.0921471118927,5.05000019073486,0.870000004768372,3.92000007629395,0.0,117,16,141,692,4005,2016-04-25,4/25/2016 12:00:00 AM,1.0,388.0,402.0,Available,Monday,1,Weekday,274,4.57,6.47,96.52,966,Within range,71.64,28.36,45.27,Yes,No,10k+,,,,,,,,left_only,24.0,12405.0,4009.0,18.0,both,,,,,left_only
8378563200,4/26/2016,16208,12.8500003814697,12.8500003814697,0.0,7.51000022888184,0.920000016689301,4.42000007629395,0.0,90,18,161,593,3763,2016-04-26,4/26/2016 12:00:00 AM,1.0,550.0,584.0,Available,Tuesday,2,Weekday,269,4.48,9.17,94.18,862,Within range,68.79,31.21,60.25,Yes,Yes,10k+,,,,,,,,left_only,24.0,16208.0,3765.0,19.0,both,,,,,left_only
8378563200,4/27/2016,7359,5.84000015258789,5.84000015258789,0.0,0.330000013113022,0.180000007152557,5.32999992370605,0.0,4,4,192,676,3061,2016-04-27,4/27/2016 12:00:00 AM,1.0,531.0,600.0,Available,Wednesday,3,Weekday,200,3.33,8.85,88.5,876,Within range,77.17,22.83,36.8,No,Yes,5k-7.5k,,,,,,,,left_only,24.0,7359.0,3061.0,20.0,both,,,,,left_only
8378563200,4/28/2016,5417,4.30000019073486,4.30000019073486,0.0,0.899999976158142,0.490000009536743,2.91000008583069,0.0,11,10,139,711,2884,2016-04-28,4/28/2016 12:00:00 AM,1.0,506.0,556.0,Available,Thursday,4,Weekday,160,2.67,8.43,91.01,871,Within range,81.63,18.37,33.86,No,Yes,5k-7.5k,,,,,,,,left_only,24.0,5417.0,2884.0,19.0,both,,,,,left_only
8378563200,4/29/2016,6175,4.90000009536743,4.90000009536743,0.0,0.25,0.360000014305115,4.26999998092651,0.0,3,7,172,767,2982,2016-04-29,4/29/2016 12:00:00 AM,1.0,527.0,562.0,Available,Friday,5,Weekday,182,3.03,8.78,93.77,949,Within range,80.82,19.18,33.93,No,Yes,5k-7.5k,,,,,,,,left_only,24.0,6147.0,2982.0,19.0,both,,,,,left_only
8378563200,4/30/2016,2946,2.33999991416931,2.33999991416931,0.0,0.0,0.0,2.33999991416931,0.0,0,0,121,780,2660,2016-04-30,4/30/2016 12:00:00 AM,1.0,468.0,555.0,Available,Saturday,6,Weekend,121,2.02,7.8,84.32,901,Within range,86.57,13.43,24.35,No,Yes,Under 5k,,,,,,,,left_only,24.0,2946.0,2660.0,20.0,both,,,,,left_only
8378563200,5/1/2016,11419,9.0600004196167,9.0600004196167,0.0,6.03000020980835,0.560000002384186,2.47000002861023,0.0,71,10,127,669,3369,2016-05-01,5/1/2016 12:00:00 AM,1.0,475.0,539.0,Available,Sunday,7,Weekend,208,3.47,7.92,88.13,877,Within range,76.28,23.72,54.9,Yes,Yes,10k+,,,,,,,,left_only,24.0,11419.0,3370.0,18.0,both,,,,,left_only
8378563200,5/2/2016,6064,4.80999994277954,4.80999994277954,2.0921471118927,0.629999995231628,0.170000001788139,4.01000022888184,0.0,63,4,142,802,3491,2016-05-02,5/2/2016 12:00:00 AM,1.0,351.0,385.0,Available,Monday,1,Weekday,209,3.48,5.85,91.17,1011,Within range,79.33,20.67,29.01,No,No,5k-7.5k,,,,,,,,left_only,24.0,6064.0,3491.0,17.0,both,,,,,left_only
8378563200,5/3/2016,8712,6.90999984741211,6.90999984741211,2.25308108329773,1.3400000333786,1.05999994277954,4.5,0.0,71,20,195,822,3784,2016-05-03,5/3/2016 12:00:00 AM,1.0,405.0,429.0,Available,Tuesday,2,Weekday,286,4.77,6.75,94.41,1108,Within range,74.19,25.81,30.46,No,No,7.5k-10k,,,,,,,,left_only,24.0,8712.0,3786.0,20.0,both,,,,,left_only
8378563200,5/4/2016,7875,6.23999977111816,6.23999977111816,0.0,1.55999994277954,0.490000009536743,4.19999980926514,0.0,19,10,167,680,3110,2016-05-04,5/4/2016 12:00:00 AM,1.0,441.0,477.0,Available,Wednesday,3,Weekday,196,3.27,7.35,92.45,876,Within range,77.63,22.37,40.18,No,Yes,7.5k-10k,,,,,,,,left_only,24.0,7875.0,3109.0,20.0,both,,,,,left_only
8378563200,5/5/2016,8567,6.78999996185303,6.78999996185303,2.25308108329773,0.889999985694885,0.159999996423721,5.73999977111816,0.0,66,3,214,764,3783,2016-05-05,5/5/2016 12:00:00 AM,1.0,381.0,417.0,Available,Thursday,4,Weekday,283,4.72,6.35,91.37,1047,Within range,72.97,27.03,30.27,No,No,7.5k-10k,,,,,,,,left_only,24.0,8567.0,3785.0,20.0,both,,,,,left_only
8378563200,5/6/2016,7045,5.59000015258789,5.59000015258789,2.0921471118927,1.54999995231628,0.25,3.77999997138977,0.0,74,5,166,831,3644,2016-05-06,5/6/2016 12:00:00 AM,1.0,323.0,355.0,Available,Friday,5,Weekday,245,4.08,5.38,90.99,1076,Within range,77.23,22.77,28.76,No,No,5k-7.5k,,,,,,,,left_only,24.0,7045.0,3645.0,19.0,both,,,,,left_only
8378563200,5/7/2016,4468,3.53999996185303,3.53999996185303,0.0,0.0,0.0,3.53999996185303,0.0,0,0,158,851,2799,2016-05-07,5/7/2016 12:00:00 AM,2.0,459.0,513.0,Available,Saturday,6,Weekend,158,2.63,7.65,89.47,1009,Within range,84.34,15.66,28.28,No,Yes,Under 5k,,,,,,,,left_only,24.0,4468.0,2800.0,18.0,both,,,,,left_only
8378563200,5/8/2016,2943,2.32999992370605,2.32999992370605,0.0,0.0,0.0,2.32999992370605,0.0,0,0,139,621,2685,2016-05-08,5/8/2016 12:00:00 AM,1.0,545.0,606.0,Available,Sunday,7,Weekend,139,2.32,9.08,89.93,760,Within range,81.71,18.29,21.17,No,Yes,Under 5k,,,,,,,,left_only,24.0,2943.0,2684.0,18.0,both,,,,,left_only
8378563200,5/9/2016,8382,6.65000009536743,6.65000009536743,2.0921471118927,1.26999998092651,0.660000026226044,4.71999979019165,0.0,71,13,171,772,3721,2016-05-09,5/9/2016 12:00:00 AM,1.0,359.0,399.0,Available,Monday,1,Weekday,255,4.25,5.98,89.97,1027,Within range,75.17,24.83,32.87,No,No,7.5k-10k,,,,,,,,left_only,24.0,8382.0,3721.0,20.0,both,,,,,left_only
8378563200,5/10/2016,6582,5.21999979019165,5.21999979019165,2.25308108329773,0.660000026226044,0.639999985694885,3.92000007629395,0.0,63,13,152,840,3586,2016-05-10,5/10/2016 12:00:00 AM,1.0,342.0,391.0,Available,Tuesday,2,Weekday,228,3.8,5.7,87.47,1068,Within range,78.65,21.35,28.87,No,No,5k-7.5k,,,,,,,,left_only,24.0,6582.0,3588.0,17.0,both,,,,,left_only
8378563200,5/11/2016,9143,7.25,7.25,2.0921471118927,1.38999998569489,0.589999973773956,5.26999998092651,0.0,72,10,184,763,3788,2016-05-11,5/11/2016 12:00:00 AM,1.0,368.0,387.0,Available,Wednesday,3,Weekday,266,4.43,6.13,95.09,1029,Within range,74.15,25.85,34.37,No,No,7.5k-10k,,,,,,,,left_only,24.0,9143.0,3788.0,19.0,both,,,,,left_only
8378563200,5/12/2016,4561,3.61999988555908,3.61999988555908,0.0,0.649999976158142,0.270000010728836,2.69000005722046,0.0,8,6,102,433,1976,2016-05-12,5/12/2016 12:00:00 AM,1.0,496.0,546.0,Available,Thursday,4,Weekday,116,1.93,8.27,90.84,549,Under 10 hours - review,78.87,21.13,39.32,No,Yes,Under 5k,,,,,,,,left_only,15.0,4056.0,1857.0,12.0,both,,,,,left_only
8583815059,4/12/2016,5014,3.91000008583069,3.91000008583069,0.0,0.0,0.330000013113022,3.57999992370605,0.0,0,7,196,1237,2650,2016-04-12,,,,,Unavailable,Tuesday,2,Weekday,203,3.38,,,1440,Within range,85.9,14.1,24.7,No,Unknown,5k-7.5k,,,,,,,,left_only,24.0,5014.0,2650.0,14.0,both,,,,,left_only
8583815059,4/13/2016,5571,4.34999990463257,4.34999990463257,0.0,0.150000005960464,0.970000028610229,3.23000001907349,0.0,2,23,163,1252,2654,2016-04-13,,,,,Unavailable,Wednesday,3,Weekday,188,3.13,,,1440,Within range,86.94,13.06,29.63,No,Unknown,5k-7.5k,,,,,,,,left_only,24.0,5571.0,2653.0,14.0,both,,,,,left_only
8583815059,4/14/2016,3135,2.45000004768372,2.45000004768372,0.0,0.0,0.0,2.4300000667572,0.0,0,0,134,1306,2443,2016-04-14,,,,,Unavailable,Thursday,4,Weekday,134,2.23,,,1440,Within range,90.69,9.31,23.4,No,Unknown,Under 5k,,,,,,,,left_only,24.0,3118.0,2442.0,16.0,both,,,,,left_only
8583815059,4/15/2016,3430,2.6800000667572,2.6800000667572,0.0,0.0,0.0,0.899999976158142,0.0,0,0,65,1375,2505,2016-04-15,,,,,Unavailable,Friday,5,Weekday,65,1.08,,,1440,Within range,95.49,4.51,52.77,No,Unknown,Under 5k,,,,,,,,left_only,24.0,1158.0,2207.0,9.0,both,,,,,left_only
8583815059,4/16/2016,5319,4.15000009536743,4.15000009536743,0.0,0.0,0.0,0.0,0.0,0,0,0,1440,2693,2016-04-16,,,,,Unavailable,Saturday,6,Weekend,0,0.0,,,1440,Within range,100.0,0.0,,No,Unknown,5k-7.5k,,,,,,,,left_only,24.0,0.0,2016.0,0.0,both,,,,,left_only
8583815059,4/17/2016,3008,2.34999990463257,2.34999990463257,0.0,0.0,0.0,0.0,0.0,0,0,0,1440,2439,2016-04-17,,,,,Unavailable,Sunday,7,Weekend,0,0.0,,,1440,Within range,100.0,0.0,,No,Unknown,Under 5k,,,,,,,,left_only,24.0,0.0,2016.0,0.0,both,,,,,left_only
8583815059,4/18/2016,3864,3.00999999046326,3.00999999046326,0.0,0.310000002384186,1.05999994277954,1.35000002384186,0.0,4,22,105,1309,2536,2016-04-18,,,,,Unavailable,Monday,1,Weekday,131,2.18,,,1440,Within range,90.9,9.1,29.5,No,Unknown,Under 5k,,,,,,,,left_only,24.0,3481.0,2496.0,15.0,both,,,,,left_only
8583815059,4/19/2016,5697,4.44000005722046,4.44000005722046,0.0,0.529999971389771,0.479999989271164,3.44000005722046,0.0,7,10,166,1257,2668,2016-04-19,,,,,Unavailable,Tuesday,2,Weekday,183,3.05,,,1440,Within range,87.29,12.71,31.13,No,Unknown,5k-7.5k,,,,,,,,left_only,24.0,5697.0,2668.0,13.0,both,,,,,left_only
8583815059,4/20/2016,5273,4.1100001335144,4.1100001335144,0.0,0.0,1.03999996185303,3.0699999332428,0.0,0,27,167,1246,2647,2016-04-20,,,,,Unavailable,Wednesday,3,Weekday,194,3.23,,,1440,Within range,86.53,13.47,27.18,No,Unknown,5k-7.5k,,,,,,,,left_only,24.0,5273.0,2647.0,13.0,both,,,,,left_only
8583815059,4/21/2016,8538,6.65999984741211,6.65999984741211,0.0,2.63000011444092,1.01999998092651,3.00999999046326,0.0,35,18,158,1229,2883,2016-04-21,,,,,Unavailable,Thursday,4,Weekday,211,3.52,,,1440,Within range,85.35,14.65,40.46,No,Unknown,7.5k-10k,,,,,,,,left_only,24.0,8538.0,2883.0,15.0,both,,,,,left_only
8583815059,4/22/2016,8687,6.78000020980835,6.78000020980835,0.0,0.28999999165535,2.41000008583069,4.07999992370605,0.0,4,54,212,1170,2944,2016-04-22,,,,,Unavailable,Friday,5,Weekday,270,4.5,,,1440,Within range,81.25,18.75,32.17,No,Unknown,7.5k-10k,,,,,,,,left_only,24.0,8687.0,2944.0,16.0,both,,,,,left_only
8583815059,4/23/2016,9423,7.34999990463257,7.34999990463257,0.0,0.529999971389771,2.02999997138977,4.75,0.0,7,44,238,1151,3012,2016-04-23,,,,,Unavailable,Saturday,6,Weekend,289,4.82,,,1440,Within range,79.93,20.07,32.61,No,Unknown,7.5k-10k,,,,,,,,left_only,24.0,9381.0,3011.0,15.0,both,,,,,left_only
8583815059,4/24/2016,8286,6.46000003814697,6.46000003814697,0.0,0.150000005960464,2.04999995231628,4.26999998092651,0.0,2,44,206,1188,2889,2016-04-24,,,,,Unavailable,Sunday,7,Weekend,252,4.2,,,1440,Within range,82.5,17.5,32.88,No,Unknown,7.5k-10k,,,,,,,,left_only,24.0,8286.0,2887.0,15.0,both,,,,,left_only
8583815059,4/25/2016,4503,3.50999999046326,3.50999999046326,0.0,1.47000002861023,0.239999994635582,1.80999994277954,0.0,18,6,122,1294,2547,2016-04-25,,,,,Unavailable,Monday,1,Weekday,146,2.43,,,1440,Within range,89.86,10.14,30.84,No,Unknown,Under 5k,,,,,,,,left_only,24.0,4503.0,2547.0,14.0,both,,,,,left_only
8583815059,4/26/2016,10499,8.1899995803833,8.1899995803833,0.0,0.0700000002980232,4.21999979019165,3.89000010490417,0.0,1,91,214,1134,3093,2016-04-26,,,,,Unavailable,Tuesday,2,Weekday,306,5.1,,,1440,Within range,78.75,21.25,34.31,Yes,Unknown,10k+,,,,,,,,left_only,24.0,10499.0,3092.0,14.0,both,,,,,left_only
8583815059,4/27/2016,12474,9.72999954223633,9.72999954223633,0.0,6.59999990463257,0.270000010728836,2.86999988555908,0.0,77,5,129,1229,3142,2016-04-27,,,,,Unavailable,Wednesday,3,Weekday,211,3.52,,,1440,Within range,85.35,14.65,59.12,Yes,Unknown,10k+,,,,,,,,left_only,24.0,12474.0,3140.0,15.0,both,,,,,left_only
8583815059,4/28/2016,6174,4.82000017166138,4.82000017166138,0.0,0.0,1.20000004768372,3.60999989509583,0.0,0,28,203,1209,2757,2016-04-28,,,,,Unavailable,Thursday,4,Weekday,231,3.85,,,1440,Within range,83.96,16.04,26.73,No,Unknown,5k-7.5k,,,,,,,,left_only,24.0,6174.0,2756.0,15.0,both,,,,,left_only
8583815059,4/29/2016,15168,11.8299999237061,11.8299999237061,0.0,3.90000009536743,3.0,4.92000007629395,0.0,46,67,258,1069,3513,2016-04-29,,,,,Unavailable,Friday,5,Weekday,371,6.18,,,1440,Within range,74.24,25.76,40.88,Yes,Unknown,10k+,,,,,,,,left_only,24.0,15156.0,3508.0,17.0,both,,,,,left_only
8583815059,4/30/2016,10085,7.86999988555908,7.86999988555908,0.0,0.150000005960464,1.27999997138977,6.42999982833862,0.0,2,28,317,1093,3164,2016-04-30,,,,,Unavailable,Saturday,6,Weekend,347,5.78,,,1440,Within range,75.9,24.1,29.06,Yes,Unknown,10k+,,,,,,,,left_only,24.0,10085.0,3163.0,16.0,both,,,,,left_only
8583815059,5/1/2016,4512,3.51999998092651,3.51999998092651,0.0,0.779999971389771,0.119999997317791,2.03999996185303,0.0,10,2,117,1311,2596,2016-05-01,,,,,Unavailable,Sunday,7,Weekend,129,2.15,,,1440,Within range,91.04,8.96,34.98,No,Unknown,Under 5k,,,,,,,,left_only,24.0,3773.0,2463.0,7.0,both,,,,,left_only
8583815059,5/2/2016,8469,6.6100001335144,6.6100001335144,0.0,0.0,0.0,0.0,0.0,0,0,0,1440,2894,2016-05-02,,,,,Unavailable,Monday,1,Weekday,0,0.0,,,1440,Within range,100.0,0.0,,No,Unknown,7.5k-10k,,,,,,,,left_only,24.0,0.0,2016.0,0.0,both,,,,,left_only
8583815059,5/3/2016,12015,9.36999988555908,9.36999988555908,0.0,0.0,0.0,0.0,0.0,0,0,0,1440,3212,2016-05-03,,,,,Unavailable,Tuesday,2,Weekday,0,0.0,,,1440,Within range,100.0,0.0,,Yes,Unknown,10k+,,,,,,,,left_only,24.0,0.0,2016.0,0.0,both,,,,,left_only
8583815059,5/4/2016,3588,2.79999995231628,2.79999995231628,0.0,0.0,0.0,0.0,0.0,0,0,0,1440,2516,2016-05-04,,,,,Unavailable,Wednesday,3,Weekday,0,0.0,,,1440,Within range,100.0,0.0,,No,Unknown,Under 5k,,,,,,,,left_only,24.0,0.0,2016.0,0.0,both,,,,,left_only
8583815059,5/5/2016,12427,9.6899995803833,9.6899995803833,0.0,0.0,0.0,1.17999994754791,0.0,0,0,70,1370,3266,2016-05-05,,,,,Unavailable,Thursday,4,Weekday,70,1.17,,,1440,Within range,95.14,4.86,177.53,Yes,Unknown,10k+,,,,,,,,left_only,24.0,1507.0,2230.0,6.0,both,,,,,left_only
8583815059,5/6/2016,5843,4.55999994277954,4.55999994277954,0.0,0.140000000596046,1.19000005722046,3.23000001907349,0.0,2,22,166,1250,2683,2016-05-06,,,,,Unavailable,Friday,5,Weekday,190,3.17,,,1440,Within range,86.81,13.19,30.75,No,Unknown,5k-7.5k,,,,,,,,left_only,24.0,5843.0,2681.0,14.0,both,,,,,left_only
8583815059,5/7/2016,6117,4.76999998092651,4.76999998092651,0.0,0.0,0.0,4.76999998092651,0.0,0,0,250,1190,2810,2016-05-07,,,,,Unavailable,Saturday,6,Weekend,250,4.17,,,1440,Within range,82.64,17.36,24.47,No,Unknown,5k-7.5k,,,,,,,,left_only,24.0,6117.0,2809.0,16.0,both,,,,,left_only
8583815059,5/8/2016,9217,7.19000005722046,7.19000005722046,0.0,0.219999998807907,3.30999994277954,3.66000008583069,0.0,3,72,182,1183,2940,2016-05-08,,,,,Unavailable,Sunday,7,Weekend,257,4.28,,,1440,Within range,82.15,17.85,35.86,No,Unknown,7.5k-10k,,,,,,,,left_only,24.0,9217.0,2939.0,14.0,both,,,,,left_only
8583815059,5/9/2016,9877,7.69999980926514,7.69999980926514,0.0,5.76000022888184,0.170000001788139,1.73000001907349,0.0,66,4,110,1260,2947,2016-05-09,,,,,Unavailable,Monday,1,Weekday,180,3.0,,,1440,Within range,87.5,12.5,54.87,No,Unknown,7.5k-10k,,,,,,,,left_only,24.0,9834.0,2938.0,12.0,both,,,,,left_only
8583815059,5/10/2016,8240,6.42999982833862,6.42999982833862,0.0,0.689999997615814,2.00999999046326,3.72000002861023,0.0,9,43,162,1226,2846,2016-05-10,,,,,Unavailable,Tuesday,2,Weekday,214,3.57,,,1440,Within range,85.14,14.86,38.5,No,Unknown,7.5k-10k,,,,,,,,left_only,24.0,8217.0,2839.0,15.0,both,,,,,left_only
8583815059,5/11/2016,8701,6.78999996185303,6.78999996185303,0.0,0.370000004768372,3.24000000953674,3.17000007629395,0.0,5,71,177,1106,2804,2016-05-11,,,,,Unavailable,Wednesday,3,Weekday,253,4.22,,,1359,Within range,81.38,18.62,34.39,No,Unknown,7.5k-10k,,,,,,,,left_only,22.0,8597.0,2729.0,13.0,both,,,,,left_only
8583815059,5/12/2016,0,0.0,0.0,0.0,0.0,0.0,0.0,0.0,0,0,0,1440,0,2016-05-12,,,,,Unavailable,Thursday,4,Weekday,0,0.0,,,1440,Within range,100.0,0.0,,No,Unknown,Under 5k,,,,,,,,left_only,,,,,left_only,,,,,left_only
8792009665,4/12/2016,2564,1.63999998569489,1.63999998569489,0.0,0.0,0.0,1.63999998569489,0.0,0,0,116,831,2044,2016-04-12,4/12/2016 12:00:00 AM,1.0,458.0,493.0,Available,Tuesday,2,Weekday,116,1.93,7.63,92.9,947,Within range,87.75,12.25,22.1,No,Yes,Under 5k,,,,,,,,left_only,24.0,2556.0,2040.0,16.0,both,7587.0,68.92157638065112,48.0,135.0,both
8792009665,4/13/2016,1320,0.839999973773956,0.839999973773956,0.0,0.0,0.0,0.839999973773956,0.0,0,0,82,806,1934,2016-04-13,4/13/2016 12:00:00 AM,1.0,531.0,552.0,Available,Wednesday,3,Weekday,82,1.37,8.85,96.2,888,Within range,90.77,9.23,16.1,No,Yes,Under 5k,,,,,,,,left_only,24.0,1320.0,1936.0,17.0,both,8044.0,68.50609149676778,43.0,121.0,both
8792009665,4/14/2016,1219,0.779999971389771,0.779999971389771,0.0,0.0,0.0,0.779999971389771,0.0,0,0,84,853,1963,2016-04-14,4/14/2016 12:00:00 AM,1.0,486.0,503.0,Available,Thursday,4,Weekday,84,1.4,8.1,96.62,937,Within range,91.04,8.96,14.51,No,Yes,Under 5k,,,,,,,,left_only,24.0,1219.0,1960.0,15.0,both,7461.0,69.08939820399411,46.0,124.0,both
8792009665,4/15/2016,2483,1.5900000333786,1.5900000333786,0.0,0.0,0.0,1.5900000333786,0.0,0,0,126,937,2009,2016-04-15,4/15/2016 12:00:00 AM,1.0,363.0,377.0,Available,Friday,5,Weekday,126,2.1,6.05,96.29,1063,Within range,88.15,11.85,19.71,No,No,Under 5k,,,,,,,,left_only,24.0,2483.0,2008.0,18.0,both,3605.0,66.8635228848821,49.0,116.0,both
8792009665,4/16/2016,244,0.159999996423721,0.159999996423721,0.0,0.0,0.0,0.159999996423721,0.0,0,0,12,1428,1721,2016-04-16,,,,,Unavailable,Saturday,6,Weekend,12,0.2,,,1440,Within range,99.17,0.83,20.33,No,Unknown,Under 5k,,,,,,,,left_only,24.0,244.0,1713.0,2.0,both,,,,,left_only
8792009665,4/17/2016,0,0.0,0.0,0.0,0.0,0.0,0.0,0.0,0,0,0,1440,1688,2016-04-17,,,,,Unavailable,Sunday,7,Weekend,0,0.0,,,1440,Within range,100.0,0.0,,No,Unknown,Under 5k,,,,,,,,left_only,24.0,0.0,1680.0,0.0,both,,,,,left_only
8792009665,4/18/2016,0,0.0,0.0,0.0,0.0,0.0,0.0,0.0,0,0,0,1440,1688,2016-04-18,,,,,Unavailable,Monday,1,Weekday,0,0.0,,,1440,Within range,100.0,0.0,,No,Unknown,Under 5k,,,,,,,,left_only,24.0,0.0,1680.0,0.0,both,,,,,left_only
8792009665,4/19/2016,0,0.0,0.0,0.0,0.0,0.0,0.0,0.0,0,0,0,1440,1688,2016-04-19,,,,,Unavailable,Tuesday,2,Weekday,0,0.0,,,1440,Within range,100.0,0.0,,No,Unknown,Under 5k,,,,,,,,left_only,24.0,0.0,1680.0,0.0,both,,,,,left_only
8792009665,4/20/2016,3147,2.00999999046326,2.00999999046326,0.0,0.0,0.280000001192093,1.74000000953674,0.0,0,10,139,744,2188,2016-04-20,4/20/2016 12:00:00 AM,1.0,528.0,547.0,Available,Wednesday,3,Weekday,149,2.48,8.8,96.53,893,Within range,83.31,16.69,21.12,No,Yes,Under 5k,,,,,,,,left_only,24.0,3147.0,2189.0,15.0,both,7765.0,69.61815840309079,44.0,120.0,both
8792009665,4/21/2016,144,0.0900000035762787,0.0900000035762787,0.0,0.0,0.0,0.0900000035762787,0.0,0,0,9,1431,1720,2016-04-21,,,,,Unavailable,Thursday,4,Weekday,9,0.15,,,1440,Within range,99.38,0.62,16.0,No,Unknown,Under 5k,,,,,,,,left_only,24.0,144.0,1712.0,1.0,both,184.0,80.80434782608695,66.0,108.0,both
8792009665,4/22/2016,4068,2.59999990463257,2.59999990463257,0.0,0.0500000007450581,0.280000001192093,2.26999998092651,0.0,1,20,195,817,2419,2016-04-22,4/22/2016 12:00:00 AM,1.0,391.0,407.0,Available,Friday,5,Weekday,216,3.6,6.52,96.07,1033,Within range,79.09,20.91,18.83,No,No,Under 5k,,,,,,,,left_only,24.0,4068.0,2420.0,18.0,both,8429.0,70.26147822992051,44.0,131.0,both
8792009665,4/23/2016,5245,3.35999989509583,3.35999989509583,0.0,0.159999996423721,0.439999997615814,2.75,0.0,8,45,232,795,2748,2016-04-23,4/23/2016 12:00:00 AM,1.0,339.0,360.0,Available,Saturday,6,Weekend,285,4.75,5.65,94.17,1080,Within range,73.61,26.39,18.4,No,No,5k-7.5k,,,,,,,,left_only,24.0,5245.0,2746.0,19.0,both,9095.0,77.82583837273226,48.0,141.0,both
8792009665,4/24/2016,400,0.259999990463257,0.259999990463257,0.0,0.0399999991059303,0.0500000007450581,0.159999996423721,0.0,3,8,19,1410,1799,2016-04-24,,,,,Unavailable,Sunday,7,Weekend,30,0.5,,,1440,Within range,97.92,2.08,13.33,No,Unknown,Under 5k,,,,,,,,left_only,24.0,400.0,1792.0,2.0,both,673.0,76.03863298662705,55.0,120.0,both
8792009665,4/25/2016,0,0.0,0.0,0.0,0.0,0.0,0.0,0.0,0,0,0,1440,1688,2016-04-25,,,,,Unavailable,Monday,1,Weekday,0,0.0,,,1440,Within range,100.0,0.0,,No,Unknown,Under 5k,,,,,,,,left_only,24.0,0.0,1680.0,0.0,both,,,,,left_only
8792009665,4/26/2016,1321,0.850000023841858,0.850000023841858,0.0,0.0,0.0,0.850000023841858,0.0,0,0,80,1360,1928,2016-04-26,,,,,Unavailable,Tuesday,2,Weekday,80,1.33,,,1440,Within range,94.44,5.56,16.51,No,Unknown,Under 5k,,,,,,,,left_only,24.0,1321.0,1922.0,15.0,both,5348.0,69.84311892296185,54.0,114.0,both
8792009665,4/27/2016,1758,1.12999999523163,1.12999999523163,0.0,0.0,0.0,1.12999999523163,0.0,0,0,112,900,2067,2016-04-27,4/27/2016 12:00:00 AM,1.0,423.0,428.0,Available,Wednesday,3,Weekday,112,1.87,7.05,98.83,1012,Within range,88.93,11.07,15.7,No,Yes,Under 5k,,,,,,,,left_only,24.0,1758.0,2066.0,16.0,both,8406.0,68.79205329526529,43.0,132.0,both
8792009665,4/28/2016,6157,3.94000005722046,3.94000005722046,0.0,0.0,0.0,3.94000005722046,0.0,0,0,310,714,2780,2016-04-28,4/28/2016 12:00:00 AM,1.0,402.0,416.0,Available,Thursday,4,Weekday,310,5.17,6.7,96.63,1024,Within range,69.73,30.27,19.86,No,No,5k-7.5k,,,,,,,,left_only,24.0,6157.0,2780.0,18.0,both,9374.0,76.701621506294,44.0,134.0,both
8792009665,4/29/2016,8360,5.34999990463257,5.34999990463257,0.0,0.140000000596046,0.280000001192093,4.92999982833862,0.0,6,14,380,634,3101,2016-04-29,4/29/2016 12:00:00 AM,1.0,398.0,406.0,Available,Friday,5,Weekday,400,6.67,6.63,98.03,1034,Within range,61.32,38.68,20.9,No,No,7.5k-10k,,,,,,,,left_only,24.0,8360.0,3100.0,16.0,both,8907.0,80.91153025710116,48.0,158.0,both
8792009665,4/30/2016,7174,4.59000015258789,4.59000015258789,0.0,0.330000013113022,0.360000014305115,3.91000008583069,0.0,10,20,301,749,2896,2016-04-30,4/30/2016 12:00:00 AM,1.0,343.0,360.0,Available,Saturday,6,Weekend,331,5.52,5.72,95.28,1080,Within range,69.35,30.65,21.67,No,No,5k-7.5k,,,,,,,,left_only,24.0,7174.0,2897.0,19.0,both,9022.0,81.46464198625581,48.0,132.0,both
8792009665,5/1/2016,1619,1.03999996185303,1.03999996185303,0.0,0.0,0.0,1.03999996185303,0.0,0,0,79,834,1962,2016-05-01,5/1/2016 12:00:00 AM,1.0,503.0,527.0,Available,Sunday,7,Weekend,79,1.32,8.38,95.45,913,Within range,91.35,8.65,20.49,No,Yes,Under 5k,,,,,,,,left_only,24.0,1619.0,1963.0,14.0,both,8613.0,67.81017067223964,43.0,123.0,both
8792009665,5/2/2016,1831,1.16999995708466,1.16999995708466,0.0,0.0,0.0,1.16999995708466,0.0,0,0,101,916,2015,2016-05-02,5/2/2016 12:00:00 AM,1.0,415.0,423.0,Available,Monday,1,Weekday,101,1.68,6.92,98.11,1017,Within range,90.07,9.93,18.13,No,No,Under 5k,,,,,,,,left_only,24.0,1831.0,2013.0,17.0,both,8217.0,67.40391870512353,45.0,129.0,both
8792009665,5/3/2016,2421,1.54999995231628,1.54999995231628,0.0,0.0,0.0,1.54999995231628,0.0,0,0,156,739,2297,2016-05-03,5/3/2016 12:00:00 AM,1.0,516.0,545.0,Available,Tuesday,2,Weekday,156,2.6,8.6,94.68,895,Within range,82.57,17.43,15.52,No,Yes,Under 5k,,,,,,,,left_only,24.0,2421.0,2298.0,17.0,both,8496.0,74.37193973634652,45.0,119.0,both
8792009665,5/4/2016,2283,1.46000003814697,1.46000003814697,0.0,0.0,0.0,1.46000003814697,0.0,0,0,129,848,2067,2016-05-04,5/4/2016 12:00:00 AM,1.0,439.0,463.0,Available,Wednesday,3,Weekday,129,2.15,7.32,94.82,977,Within range,86.8,13.2,17.7,No,Yes,Under 5k,,,,,,,,left_only,24.0,2283.0,2065.0,13.0,both,3615.0,74.97814661134163,51.0,114.0,both
8792009665,5/5/2016,0,0.0,0.0,0.0,0.0,0.0,0.0,0.0,0,0,0,1440,1688,2016-05-05,,,,,Unavailable,Thursday,4,Weekday,0,0.0,,,1440,Within range,100.0,0.0,,No,Unknown,Under 5k,,,,,,,,left_only,24.0,0.0,1680.0,0.0,both,,,,,left_only
8792009665,5/6/2016,0,0.0,0.0,0.0,0.0,0.0,0.0,0.0,0,0,0,1440,1688,2016-05-06,,,,,Unavailable,Friday,5,Weekday,0,0.0,,,1440,Within range,100.0,0.0,,No,Unknown,Under 5k,,,,,,,,left_only,24.0,0.0,1680.0,0.0,both,,,,,left_only
8792009665,5/7/2016,0,0.0,0.0,0.0,0.0,0.0,0.0,0.0,0,0,0,1440,1688,2016-05-07,,,,,Unavailable,Saturday,6,Weekend,0,0.0,,,1440,Within range,100.0,0.0,,No,Unknown,Under 5k,,,,,,,,left_only,24.0,0.0,1680.0,0.0,both,,,,,left_only
8792009665,5/8/2016,0,0.0,0.0,0.0,0.0,0.0,0.0,0.0,0,0,0,1440,1688,2016-05-08,,,,,Unavailable,Sunday,7,Weekend,0,0.0,,,1440,Within range,100.0,0.0,,No,Unknown,Under 5k,,,,,,,,left_only,24.0,0.0,1680.0,0.0,both,,,,,left_only
8792009665,5/9/2016,0,0.0,0.0,0.0,0.0,0.0,0.0,0.0,0,0,0,1440,1688,2016-05-09,,,,,Unavailable,Monday,1,Weekday,0,0.0,,,1440,Within range,100.0,0.0,,No,Unknown,Under 5k,,,,,,,,left_only,24.0,0.0,1680.0,0.0,both,,,,,left_only
8792009665,5/10/2016,0,0.0,0.0,0.0,0.0,0.0,0.0,0.0,0,0,0,48,57,2016-05-10,,,,,Unavailable,Tuesday,2,Weekday,0,0.0,,,48,Under 10 hours - review,100.0,0.0,,No,Unknown,Under 5k,,,,,,,,left_only,,,,,left_only,,,,,left_only
8877689391,4/12/2016,23186,20.3999996185303,20.3999996185303,0.0,12.2200002670288,0.340000003576279,7.82000017166138,0.0,85,7,312,1036,3921,2016-04-12,,,,,Unavailable,Tuesday,2,Weekday,404,6.73,,,1440,Within range,71.94,28.06,57.39,Yes,Unknown,10k+,2016-04-12 06:47:11,85.8000030517578,189.156627682704,,25.6800003051758,False,1460443631000.0,both,24.0,23186.0,3916.0,17.0,both,8280.0,86.54770531400966,47.0,164.0,both
8877689391,4/13/2016,15337,9.57999992370605,9.57999992370605,0.0,3.54999995231628,0.379999995231628,5.6399998664856,0.0,108,18,216,1098,3566,2016-04-13,,,,,Unavailable,Wednesday,3,Weekday,342,5.7,,,1440,Within range,76.25,23.75,44.85,Yes,Unknown,10k+,2016-04-13 06:55:00,84.9000015258789,187.172463959052,,25.4099998474121,False,1460530500000.0,both,24.0,15337.0,3565.0,16.0,both,8577.0,84.74373324006062,50.0,160.0,both
8877689391,4/14/2016,21129,18.9799995422363,18.9799995422363,0.0,10.5500001907349,0.589999973773956,7.75,0.0199999995529652,68,13,298,1061,3793,2016-04-14,,,,,Unavailable,Thursday,4,Weekday,379,6.32,,,1440,Within range,73.68,26.32,55.75,Yes,Unknown,10k+,2016-04-14 06:48:43,84.5,186.290611546325,,25.3099994659424,False,1460616523000.0,both,24.0,21071.0,3790.0,18.0,both,8096.0,85.32065217391305,50.0,169.0,both
8877689391,4/15/2016,13422,7.17000007629395,7.17000007629395,0.0,0.0500000007450581,0.0500000007450581,7.01000022888184,0.0099999997764825,106,1,281,1052,3934,2016-04-15,,,,,Unavailable,Friday,5,Weekday,388,6.47,,,1440,Within range,73.06,26.94,34.59,Yes,Unknown,10k+,,,,,,,,left_only,24.0,13375.0,3920.0,18.0,both,9743.0,91.9323616955763,48.0,165.0,both
8877689391,4/16/2016,29326,25.2900009155273,25.2900009155273,0.0,13.2399997711182,1.21000003814697,10.710000038147,0.0,94,29,429,888,4547,2016-04-16,,,,,Unavailable,Saturday,6,Weekend,552,9.2,,,1440,Within range,61.67,38.33,53.13,Yes,Unknown,10k+,2016-04-16 13:39:25,85.5,188.495234168175,,25.5900001525879,False,1460813965000.0,both,24.0,29204.0,4534.0,17.0,both,8431.0,92.05598386905469,54.0,172.0,both
8877689391,4/17/2016,15118,8.86999988555908,8.86999988555908,0.0,0.0,0.0700000002980232,8.78999996185303,0.0,58,15,307,1060,3545,2016-04-17,,,,,Unavailable,Sunday,7,Weekend,380,6.33,,,1440,Within range,73.61,26.39,39.78,Yes,Unknown,10k+,,,,,,,,left_only,24.0,15118.0,3538.0,16.0,both,8071.0,87.87448891091563,51.0,167.0,both
8877689391,4/18/2016,11423,8.67000007629395,8.67000007629395,0.0,2.44000005722046,0.270000010728836,5.94000005722046,0.0,29,5,191,1215,2761,2016-04-18,,,,,Unavailable,Monday,1,Weekday,225,3.75,,,1440,Within range,84.38,15.62,50.77,Yes,Unknown,10k+,2016-04-18 06:51:14,85.8000030517578,189.156627682704,,25.6800003051758,False,1460962274000.0,both,24.0,11409.0,2757.0,16.0,both,6542.0,66.03913176398655,48.0,139.0,both
8877689391,4/19/2016,18785,17.3999996185303,17.3999996185303,0.0,12.1499996185303,0.180000007152557,5.03000020980835,0.0,82,13,214,1131,3676,2016-04-19,,,,,Unavailable,Tuesday,2,Weekday,309,5.15,,,1440,Within range,78.54,21.46,60.79,Yes,Unknown,10k+,2016-04-19 06:39:31,85.3000030517578,188.054316371779,,25.5300006866455,False,1461047971000.0,both,24.0,18748.0,3670.0,17.0,both,7877.0,86.588675891837,49.0,178.0,both
8877689391,4/20/2016,19948,18.1100006103516,18.1100006103516,0.0,11.0200004577637,0.689999997615814,6.34000015258789,0.0,73,19,225,1123,3679,2016-04-20,,,,,Unavailable,Wednesday,3,Weekday,317,5.28,,,1440,Within range,77.99,22.01,62.93,Yes,Unknown,10k+,2016-04-20 06:44:54,84.9000015258789,187.172463959052,,25.4099998474121,False,1461134694000.0,both,24.0,19881.0,3671.0,17.0,both,7807.0,85.49429998719098,51.0,173.0,both
8877689391,4/21/2016,19377,17.6200008392334,17.6200008392334,0.0,12.289999961853,0.419999986886978,4.8899998664856,0.0,82,13,226,1119,3659,2016-04-21,,,,,Unavailable,Thursday,4,Weekday,321,5.35,,,1440,Within range,77.71,22.29,60.36,Yes,Unknown,10k+,2016-04-21 06:50:27,84.5,186.290611546325,,25.2900009155273,False,1461221427000.0,both,24.0,19377.0,3661.0,17.0,both,7582.0,87.1338696913743,53.0,170.0,both
8877689391,4/22/2016,18258,16.3099994659424,16.3099994659424,0.0,10.2299995422363,0.0299999993294477,5.96999979019165,0.0500000007450581,61,2,236,1141,3427,2016-04-22,,,,,Unavailable,Friday,5,Weekday,299,4.98,,,1440,Within range,79.24,20.76,61.06,Yes,Unknown,10k+,,,,,,,,left_only,24.0,18225.0,3414.0,17.0,both,7885.0,82.80519974635384,47.0,163.0,both
8877689391,4/23/2016,11200,7.42999982833862,7.42999982833862,0.0,0.0,0.0,7.40000009536743,0.0099999997764825,102,6,300,1032,3891,2016-04-23,,,,,Unavailable,Saturday,6,Weekend,408,6.8,,,1440,Within range,71.67,28.33,27.45,Yes,Unknown,10k+,2016-04-23 07:22:28,85.5,188.495234168175,,25.5900001525879,False,1461396148000.0,both,24.0,11191.0,3886.0,16.0,both,9225.0,93.94363143631436,53.0,165.0,both
8877689391,4/24/2016,16674,15.7399997711182,15.7399997711182,0.0,11.0100002288818,0.0099999997764825,4.69000005722046,0.0,64,1,227,1148,3455,2016-04-24,,,,,Unavailable,Sunday,7,Weekend,292,4.87,,,1440,Within range,79.72,20.28,57.1,Yes,Unknown,10k+,2016-04-24 07:38:05,85.5,188.495234168175,,25.5900001525879,False,1461483485000.0,both,24.0,16660.0,3449.0,15.0,both,7100.0,87.28239436619718,51.0,171.0,both
8877689391,4/25/2016,12986,8.73999977111816,8.73999977111816,0.0,2.36999988555908,0.0700000002980232,6.26999998092651,0.0099999997764825,113,8,218,1101,3802,2016-04-25,,,,,Unavailable,Monday,1,Weekday,339,5.65,,,1440,Within range,76.46,23.54,38.31,Yes,Unknown,10k+,2016-04-25 06:40:16,85.4000015258789,188.274775269977,,25.5599994659424,False,1461566416000.0,both,24.0,12957.0,3798.0,17.0,both,9312.0,89.80294243986255,49.0,176.0,both
8877689391,4/26/2016,11101,8.43000030517578,8.43000030517578,0.0,1.75999999046326,0.129999995231628,6.5,0.0,22,3,258,1157,2860,2016-04-26,,,,,Unavailable,Tuesday,2,Weekday,283,4.72,,,1440,Within range,80.35,19.65,39.23,Yes,Unknown,10k+,2016-04-26 06:50:27,85.0999984741211,187.613381755448,,25.4899997711182,False,1461653427000.0,both,24.0,11070.0,2854.0,18.0,both,7066.0,67.56028870648174,49.0,125.0,both
8877689391,4/27/2016,23629,20.6499996185303,20.6499996185303,0.0,13.0699996948242,0.439999997615814,7.09999990463257,0.0,93,8,235,1104,3808,2016-04-27,,,,,Unavailable,Wednesday,3,Weekday,336,5.6,,,1440,Within range,76.67,23.33,70.32,Yes,Unknown,10k+,2016-04-27 06:51:05,85.4000015258789,188.274775269977,,25.5599994659424,False,1461739865000.0,both,24.0,23603.0,3800.0,17.0,both,7991.0,84.78037792516581,46.0,163.0,both
8877689391,4/28/2016,14890,11.3000001907349,11.3000001907349,0.0,4.92999982833862,0.379999995231628,5.96999979019165,0.0,58,8,231,1143,3060,2016-04-28,,,,,Unavailable,Thursday,4,Weekday,297,4.95,,,1440,Within range,79.38,20.62,50.13,Yes,Unknown,10k+,2016-04-28 06:50:03,85.0999984741211,187.613381755448,,25.4899997711182,False,1461826203000.0,both,24.0,14885.0,3058.0,17.0,both,6847.0,66.80925952972105,47.0,153.0,both
8877689391,4/29/2016,9733,7.3899998664856,7.3899998664856,0.0,1.37999999523163,0.170000001788139,5.78999996185303,0.0,18,5,210,1207,2698,2016-04-29,,,,,Unavailable,Friday,5,Weekday,233,3.88,,,1440,Within range,83.82,16.18,41.77,No,Unknown,7.5k-10k,2016-04-29 06:49:55,84.9000015258789,187.172463959052,,25.4099998474121,False,1461912595000.0,both,24.0,9700.0,2694.0,18.0,both,6974.0,64.45597935187841,47.0,131.0,both
8877689391,4/30/2016,27745,26.7199993133545,26.7199993133545,0.0,21.6599998474121,0.0799999982118607,4.92999982833862,0.0,124,4,223,1089,4398,2016-04-30,,,,,Unavailable,Saturday,6,Weekend,351,5.85,,,1440,Within range,75.62,24.38,79.05,Yes,Unknown,10k+,2016-04-30 07:49:03,85.5,188.495234168175,,25.5900001525879,False,1462002543000.0,both,24.0,27710.0,4388.0,15.0,both,8066.0,102.18001487726258,49.0,170.0,both
8877689391,5/1/2016,10930,8.31999969482422,8.31999969482422,0.0,3.13000011444092,0.569999992847443,4.57000017166138,0.0,36,12,166,1226,2786,2016-05-01,,,,,Unavailable,Sunday,7,Weekend,214,3.57,,,1440,Within range,85.14,14.86,51.07,Yes,Unknown,10k+,2016-05-01 08:47:49,85.3000030517578,188.054316371779,,25.5300006866455,False,1462092469000.0,both,24.0,10890.0,2780.0,14.0,both,5983.0,70.71352164465986,48.0,145.0,both
8877689391,5/2/2016,4790,3.64000010490417,3.64000010490417,0.0,0.0,0.0,3.55999994277954,0.0,0,0,105,1335,2189,2016-05-02,,,,,Unavailable,Monday,1,Weekday,105,1.75,,,1440,Within range,92.71,7.29,45.62,No,Unknown,Under 5k,,,,,,,,left_only,24.0,4699.0,2181.0,10.0,both,2928.0,65.86236338797814,47.0,108.0,both
8877689391,5/3/2016,10818,8.21000003814697,8.21000003814697,0.0,1.38999998569489,0.100000001490116,6.67000007629395,0.0099999997764825,19,3,229,1189,2817,2016-05-03,,,,,Unavailable,Tuesday,2,Weekday,251,4.18,,,1440,Within range,82.57,17.43,43.1,Yes,Unknown,10k+,2016-05-03 06:49:41,84.9000015258789,187.172463959052,,25.4099998474121,False,1462258181000.0,both,24.0,10791.0,2813.0,17.0,both,7133.0,67.47034908173279,48.0,150.0,both
8877689391,5/4/2016,18193,16.2999992370605,16.2999992370605,0.0,10.4200000762939,0.310000002384186,5.53000020980835,0.0,66,8,212,1154,3477,2016-05-04,,,,,Unavailable,Wednesday,3,Weekday,286,4.77,,,1440,Within range,80.14,19.86,63.61,Yes,Unknown,10k+,2016-05-04 06:48:22,84.4000015258789,186.070152648127,,25.2600002288818,False,1462344502000.0,both,24.0,18165.0,3472.0,16.0,both,7191.0,88.3719927687387,56.0,168.0,both
8877689391,5/5/2016,14055,10.6700000762939,10.6700000762939,0.0,5.46000003814697,0.819999992847443,4.36999988555908,0.0,67,15,188,1170,3052,2016-05-05,,,,,Unavailable,Thursday,4,Weekday,270,4.5,,,1440,Within range,81.25,18.75,52.06,Yes,Unknown,10k+,,,,,,,,left_only,24.0,14055.0,3050.0,16.0,both,6092.0,72.85128036769534,53.0,142.0,both
8877689391,5/6/2016,21727,19.3400001525879,19.3400001525879,0.0,12.789999961853,0.28999999165535,6.15999984741211,0.0,96,17,232,1095,4015,2016-05-06,,,,,Unavailable,Friday,5,Weekday,345,5.75,,,1440,Within range,76.04,23.96,62.98,Yes,Unknown,10k+,2016-05-06 06:43:35,85.0,187.39292285725,,25.4400005340576,False,1462517015000.0,both,24.0,21622.0,4003.0,17.0,both,7662.0,92.84012007308797,47.0,177.0,both
8877689391,5/7/2016,12332,8.13000011444092,8.13000011444092,0.0,0.0799999982118607,0.959999978542328,6.98999977111816,0.0,105,28,271,1036,4142,2016-05-07,,,,,Unavailable,Saturday,6,Weekend,404,6.73,,,1440,Within range,71.94,28.06,30.52,Yes,Unknown,10k+,,,,,,,,left_only,24.0,12212.0,4125.0,15.0,both,8699.0,100.99724106219105,56.0,166.0,both
8877689391,5/8/2016,10686,8.10999965667725,8.10999965667725,0.0,1.08000004291534,0.200000002980232,6.80000019073486,0.0,17,4,245,1174,2847,2016-05-08,,,,,Unavailable,Sunday,7,Weekend,266,4.43,,,1440,Within range,81.53,18.47,40.17,Yes,Unknown,10k+,2016-05-08 07:35:53,85.4000015258789,188.274775269977,,25.5599994659424,False,1462692953000.0,both,24.0,10665.0,2840.0,15.0,both,6403.0,72.55052319225364,54.0,137.0,both
8877689391,5/9/2016,20226,18.25,18.25,0.0,11.1000003814697,0.800000011920929,6.23999977111816,0.0500000007450581,73,19,217,1131,3710,2016-05-09,,,,,Unavailable,Monday,1,Weekday,309,5.15,,,1440,Within range,78.54,21.46,65.46,Yes,Unknown,10k+,2016-05-09 06:39:44,85.5,188.495234168175,,25.6100006103516,False,1462775984000.0,both,24.0,20156.0,3695.0,17.0,both,7612.0,89.61573830793483,51.0,176.0,both
8877689391,5/10/2016,10733,8.14999961853027,8.14999961853027,0.0,1.35000002384186,0.46000000834465,6.28000020980835,0.0,18,11,224,1187,2832,2016-05-10,,,,,Unavailable,Tuesday,2,Weekday,253,4.22,,,1440,Within range,82.43,17.57,42.42,Yes,Unknown,10k+,,,,,,,,left_only,24.0,10693.0,2826.0,16.0,both,6242.0,71.54437680230696,50.0,141.0,both
8877689391,5/11/2016,21420,19.5599994659424,19.5599994659424,0.0,13.2200002670288,0.409999996423721,5.8899998664856,0.0,88,12,213,1127,3832,2016-05-11,,,,,Unavailable,Wednesday,3,Weekday,313,5.22,,,1440,Within range,78.26,21.74,68.43,Yes,Unknown,10k+,2016-05-11 06:51:47,85.4000015258789,188.274775269977,,25.5599994659424,False,1462949507000.0,both,24.0,21391.0,3827.0,17.0,both,7913.0,89.14912169847086,48.0,180.0,both
8877689391,5/12/2016,8064,6.11999988555908,6.11999988555908,0.0,1.82000005245209,0.0399999991059303,4.25,0.0,23,1,137,770,1849,2016-05-12,,,,,Unavailable,Thursday,4,Weekday,161,2.68,,,931,Within range,82.71,17.29,50.09,No,Unknown,7.5k-10k,2016-05-12 06:42:53,84.0,185.1883002354,,25.1399993896484,False,1463035373000.0,both,15.0,7577.0,1771.0,9.0,both,3511.0,71.08743947593278,53.0,122.0,both
